DROP TABLE acc_groups;

CREATE TABLE `acc_groups` (
  `id` int(1) NOT NULL AUTO_INCREMENT,
  `aname` varchar(40) NOT NULL,
  `acc_type` int(1) NOT NULL,
  `parent_id` int(1) DEFAULT NULL,
  `crtime` timestamp NOT NULL DEFAULT current_timestamp(),
  `mdtime` timestamp NOT NULL DEFAULT current_timestamp() ON UPDATE current_timestamp(),
  `code` varchar(30) DEFAULT NULL,
  `isdeleted` tinyint(1) DEFAULT 0,
  `tenant` int(11) DEFAULT 0,
  `branch` int(11) DEFAULT 0,
  PRIMARY KEY (`id`),
  UNIQUE KEY `aname` (`aname`)
) ENGINE=InnoDB DEFAULT CHARSET=utf8mb4 COLLATE=utf8mb4_general_ci;




DROP TABLE acc_head;

CREATE TABLE `acc_head` (
  `id` int(1) NOT NULL AUTO_INCREMENT,
  `code` varchar(20) NOT NULL,
  `deletable` int(11) DEFAULT 1,
  `aname` varchar(50) NOT NULL,
  `phone` varchar(200) DEFAULT NULL,
  `address` varchar(200) DEFAULT NULL,
  `e_mail` varchar(100) DEFAULT NULL,
  `constant` int(11) NOT NULL DEFAULT 0,
  `is_stock` int(1) NOT NULL DEFAULT 0,
  `is_fund` int(11) DEFAULT 0,
  `rentable` int(11) DEFAULT NULL,
  `parent_id` int(1) NOT NULL,
  `nature` int(1) DEFAULT NULL,
  `kind` int(1) DEFAULT NULL,
  `is_basic` int(1) NOT NULL,
  `start_balance` decimal(3,0) NOT NULL DEFAULT 0,
  `credit` decimal(3,0) NOT NULL DEFAULT 0,
  `debit` decimal(3,0) NOT NULL DEFAULT 0,
  `balance` decimal(12,3) NOT NULL DEFAULT 0.000,
  `secret` int(1) NOT NULL DEFAULT 0,
  `crtime` timestamp NOT NULL DEFAULT current_timestamp(),
  `mdtime` timestamp NOT NULL DEFAULT current_timestamp() ON UPDATE current_timestamp(),
  `info` varchar(250) DEFAULT NULL,
  `isdeleted` tinyint(1) DEFAULT 0,
  `tenant` int(11) DEFAULT 0,
  `branch` int(11) DEFAULT 0,
  PRIMARY KEY (`id`),
  UNIQUE KEY `code` (`code`),
  UNIQUE KEY `aname` (`aname`)
) ENGINE=InnoDB AUTO_INCREMENT=165 DEFAULT CHARSET=utf8mb4 COLLATE=utf8mb4_general_ci;

INSERT INTO acc_head VALUES ("1","1","0","الاصول","","","","0","0","0","","0","1","1","1","0","0","0","0.000","0","2023-11-25 02:55:49","2024-06-11 05:16:15","","0","0","0");
INSERT INTO acc_head VALUES ("2","2","0","الخصوم","","","","0","0","0","","0","1","1","1","0","0","0","0.000","0","2023-11-26 04:10:59","2024-06-11 05:16:21","","0","0","0");
INSERT INTO acc_head VALUES ("3","22","0","حقوق الملكية","","","","0","0","0","","2","1","1","1","0","0","0","0.000","0","2023-11-26 04:14:04","2024-06-11 05:16:25","","0","0","0");
INSERT INTO acc_head VALUES ("4","3","0","الايرادات","","","","0","0","0","","0","1","2","1","0","0","0","0.000","0","2023-11-26 04:14:29","2024-06-11 05:16:29","","0","0","0");
INSERT INTO acc_head VALUES ("5","4","0","المصروفات","","","","0","0","0","","0","1","2","1","0","0","0","0.000","0","2023-11-26 04:14:59","2024-06-11 05:16:35","","0","0","0");
INSERT INTO acc_head VALUES ("6","11","0","الاصول الثابته","","","","0","0","0","","1","1","1","1","0","0","0","0.000","0","2023-11-26 04:38:23","2024-06-11 05:16:38","","0","0","0");
INSERT INTO acc_head VALUES ("7","12","0","الاصول المتداوله","","","","0","0","0","","1","","1","1","0","0","0","0.000","0","2023-11-26 04:45:08","2024-06-11 05:16:42","","0","0","0");
INSERT INTO acc_head VALUES ("8","21","0","الخصوم المتداولة","","","","0","0","0","","2","","1","1","0","0","0","0.000","0","2023-11-26 04:45:47","2024-06-11 05:16:46","","0","0","0");
INSERT INTO acc_head VALUES ("9","221","0","الشركاء","","","","0","0","0","","3","","1","1","0","0","0","0.000","0","2023-11-26 04:46:20","2024-06-11 05:16:52","","0","0","0");
INSERT INTO acc_head VALUES ("10","222","0","ارباح غير موزعة","","","","0","0","0","","3","","1","1","0","0","0","0.000","0","2023-11-26 04:47:03","2024-06-11 05:16:55","","0","0","0");
INSERT INTO acc_head VALUES ("11","223","0","ارباح غير موزعة لفترات سابقة","","","","0","0","0","","3","","1","1","0","0","0","0.000","0","2023-11-26 04:47:50","2024-06-11 05:16:58","","0","0","0");
INSERT INTO acc_head VALUES ("13","31","0","ايرادات المبيعات","","","","0","0","0","","4","","2","1","0","0","0","0.000","0","2023-11-26 21:37:49","2024-06-11 05:17:02","","0","0","0");
INSERT INTO acc_head VALUES ("14","32","0","ايرادات غير تشغيليه","","","","0","0","0","","4","","2","1","0","0","0","0.000","0","2023-11-26 21:38:15","2024-06-11 05:17:06","","0","0","0");
INSERT INTO acc_head VALUES ("15","41","0","تكاليف المبيعات","","","","0","0","0","0","5","","2","1","0","0","0","0.000","0","2023-11-26 21:39:10","2024-06-11 05:17:09","","0","0","0");
INSERT INTO acc_head VALUES ("16","42","0","تكلفه البضاعه المباعه","","","","0","0","0","","5","","2","1","0","0","0","0.000","0","2023-11-26 21:39:49","2024-06-11 05:17:12","","0","0","0");
INSERT INTO acc_head VALUES ("17","43","0","رواتب و اجور","","","","0","0","0","","5","","2","1","0","0","0","0.000","0","2023-11-26 21:40:07","2024-06-11 05:17:16","","0","0","0");
INSERT INTO acc_head VALUES ("18","121","0","الصناديق","","","","0","0","0","","7","","1","1","0","0","0","0.000","0","2023-12-08 12:50:49","2024-06-11 05:17:18","","0","0","0");
INSERT INTO acc_head VALUES ("19","122","0","العملاء","","","","0","0","0","","7","","1","1","0","0","0","0.000","0","2023-12-08 12:52:13","2024-06-11 05:17:22","","0","0","0");
INSERT INTO acc_head VALUES ("20","123","0","المخزون","","","","0","0","0","","7","","1","1","0","0","0","0.000","0","2023-12-08 12:52:51","2024-06-11 05:17:27","","0","0","0");
INSERT INTO acc_head VALUES ("21","1211","0","الصندوق الافتراضي","","","","0","0","1","","18","","1","0","0","0","0","0.000","0","2023-12-09 10:46:52","2024-09-30 03:33:56","","0","0","0");
INSERT INTO acc_head VALUES ("24","1221","0","العميل النقدي","","","","0","0","0","0","19","","1","1","0","0","0","0.000","0","2023-12-28 01:25:46","2024-06-22 19:37:57","","0","0","0");
INSERT INTO acc_head VALUES ("27","123001","0","المخزن الرئيسي","","","","0","1","0","0","20","","1","0","0","0","0","14900.000","0","2023-12-28 03:35:35","2024-10-01 06:23:17","","0","0","0");
INSERT INTO acc_head VALUES ("29","2211","0","الشريك الرئيسي","","","","0","0","0","","9","","1","0","0","0","0","0.000","0","2023-12-30 02:12:22","2024-07-02 19:34:56","","0","0","0");
INSERT INTO acc_head VALUES ("33","211","0","الموردين","","","","0","0","0","","8","","1","1","0","0","0","0.000","0","2024-01-22 05:41:26","2024-06-11 05:17:55","","0","0","0");
INSERT INTO acc_head VALUES ("34","212","0","الدائنين الاخرين","","","","0","0","0","","8","","1","0","0","0","0","0.000","0","2024-01-22 05:42:08","2024-06-11 05:17:58","","0","0","0");
INSERT INTO acc_head VALUES ("35","213","0","الموظفين","","","","0","0","0","","8","","1","1","0","0","0","0.000","0","2024-01-22 05:42:29","2024-06-11 05:18:01","","0","0","0");
INSERT INTO acc_head VALUES ("36","2111","0","المورد الافتراضي","","","","0","0","0","","33","","1","0","0","0","0","-14900.000","0","2024-01-23 06:17:26","2024-10-01 06:23:17","","0","0","0");
INSERT INTO acc_head VALUES ("37","124","0","البنوك","","","","0","0","0","","7","","1","1","0","0","0","0.000","0","2024-01-23 06:22:23","2024-06-11 05:18:07","","0","0","0");
INSERT INTO acc_head VALUES ("38","125","0","مدينين آخرين","","","","0","0","0","","7","","1","1","0","0","0","0.000","0","2024-01-23 06:30:11","2024-06-11 05:18:13","","0","0","0");
INSERT INTO acc_head VALUES ("39","1241","0","البنك الافتراضي","","","","0","0","0","","37","","1","0","0","0","0","0.000","0","2024-01-23 06:32:21","2024-06-11 05:18:16","","0","0","0");
INSERT INTO acc_head VALUES ("40","44","0","مصروفات عامه ","","","","0","0","0","","5","","2","1","0","0","0","0.000","0","2024-01-23 06:34:08","2024-06-11 05:18:24","","0","0","0");
INSERT INTO acc_head VALUES ("55","112","0","اصول قابله للتأجير","","","","0","0","0","0","6","","1","1","0","0","0","0.000","0","2024-02-20 05:16:57","2024-06-11 05:18:30","","0","0","0");
INSERT INTO acc_head VALUES ("86","411","0","صافي المشتريات","","","","0","0","0","0","15","","2","1","0","0","0","0.000","0","2024-03-08 00:56:24","2024-06-11 05:18:46","","0","0","0");
INSERT INTO acc_head VALUES ("89","4111","0","المشتربات","","","","0","0","0","0","86","","2","1","0","0","0","0.000","0","2024-03-08 21:37:09","2024-06-11 05:18:53","","0","0","0");
INSERT INTO acc_head VALUES ("90","4112","0","مردود المشتريات","","","","0","0","0","0","86","","2","1","0","0","0","0.000","0","2024-03-08 21:38:25","2024-06-11 05:18:56","","0","0","0");
INSERT INTO acc_head VALUES ("91","41103","0","خصم مسموح به","","","","0","0","0","0","86","","2","0","0","0","0","0.000","0","2024-03-08 21:43:40","2024-06-23 01:29:18","","0","0","0");
INSERT INTO acc_head VALUES ("92","311","0","صافي المبيعات","","","","0","0","0","0","13","","2","1","0","0","0","0.000","0","2024-03-08 21:48:15","2024-06-11 05:19:02","","0","0","0");
INSERT INTO acc_head VALUES ("93","3111","0","المبيعات","","","","0","0","0","0","92","","2","1","0","0","0","0.000","0","2024-03-08 21:49:07","2024-06-11 05:19:05","","0","0","0");
INSERT INTO acc_head VALUES ("94","3112","0","مردود المبيعات","","","","0","0","0","0","92","","2","1","0","0","0","0.000","0","2024-03-08 21:50:03","2024-06-11 05:19:07","","0","0","0");
INSERT INTO acc_head VALUES ("95","3113","0","خصومات تشغيل","","","","0","0","0","0","92","","2","1","0","0","0","0.000","0","2024-03-08 21:54:56","2024-06-11 05:19:10","","0","0","0");
INSERT INTO acc_head VALUES ("97","31131","0","خصم مكتسب","","","","0","0","0","0","95","","2","0","0","0","0","0.000","0","2024-03-10 00:38:24","2024-08-24 18:35:47","","0","0","0");
INSERT INTO acc_head VALUES ("98","321","0","ايرادات من تأجير أصول","","","","0","0","0","0","14","","2","1","0","0","0","0.000","0","2024-03-14 14:58:05","2024-06-11 05:19:27","","0","0","0");
INSERT INTO acc_head VALUES ("99","32101","0","ايرادات من التأجير","","","","0","0","0","0","98","","2","0","0","0","0","0.000","0","2024-03-14 15:01:19","2024-06-19 04:55:26","","0","0","0");
INSERT INTO acc_head VALUES ("131","213001","0","الموظف 1","","","","0","0","0","0","35","","1","0","0","0","0","0.000","0","2024-06-18 09:41:56","2024-06-18 09:42:10","","0","0","0");
INSERT INTO acc_head VALUES ("148","122001","0","العميل الافتراضي","","","","0","0","0","0","19","","1","0","0","0","0","0.000","0","2024-06-23 01:26:46","2024-09-30 03:33:56","","0","0","0");
INSERT INTO acc_head VALUES ("158","121002","1","الصندوق الفرعي","","","","0","0","1","0","18","","1","0","0","0","0","0.000","0","2024-07-29 19:09:07","2024-07-29 19:09:07","","0","0","0");
INSERT INTO acc_head VALUES ("159","122002","1","خالد عجاج","","","","0","0","0","0","19","","1","0","0","0","0","0.000","0","2024-07-29 19:14:23","2024-07-29 19:14:23","","0","0","0");
INSERT INTO acc_head VALUES ("162","211002","1","حماده امجد","","","","0","0","0","0","33","","1","0","0","0","0","0.000","0","2024-08-24 15:11:37","2024-08-24 15:11:37","","0","0","0");
INSERT INTO acc_head VALUES ("163","211003","1","90 كمبيوتر","","","","0","0","0","0","33","","1","0","0","0","0","0.000","0","2024-08-24 15:11:55","2024-08-24 15:11:55","","0","0","0");
INSERT INTO acc_head VALUES ("164","123002","1","المكتب","","","","0","1","0","0","20","","1","0","0","0","0","0.000","0","2024-08-24 18:46:29","2024-08-24 18:46:29","","0","0","0");



DROP TABLE allowances;

CREATE TABLE `allowances` (
  `id` int(11) NOT NULL AUTO_INCREMENT,
  `name` varchar(50) NOT NULL,
  `info` varchar(250) DEFAULT NULL,
  `crtime` timestamp NOT NULL DEFAULT current_timestamp(),
  `mdtime` timestamp NOT NULL DEFAULT current_timestamp() ON UPDATE current_timestamp(),
  `tybe` int(1) NOT NULL,
  `isdeleted` tinyint(1) DEFAULT 0,
  `tenant` int(11) DEFAULT 0,
  `branch` int(11) DEFAULT 0,
  PRIMARY KEY (`id`)
) ENGINE=InnoDB DEFAULT CHARSET=utf8mb4 COLLATE=utf8mb4_general_ci;




DROP TABLE analisys;

CREATE TABLE `analisys` (
  `id` int(11) NOT NULL AUTO_INCREMENT,
  `client` int(11) NOT NULL,
  `lap` int(11) NOT NULL,
  `name` varchar(250) DEFAULT NULL,
  `comment` varchar(250) DEFAULT NULL,
  `crtime` timestamp NOT NULL DEFAULT current_timestamp(),
  `mdtime` timestamp NOT NULL DEFAULT current_timestamp() ON UPDATE current_timestamp(),
  `img` varchar(250) DEFAULT NULL,
  `info` varchar(250) DEFAULT NULL,
  `isdeleted` tinyint(1) DEFAULT 0,
  `tenant` int(11) DEFAULT 0,
  `branch` int(11) DEFAULT 0,
  PRIMARY KEY (`id`)
) ENGINE=InnoDB DEFAULT CHARSET=utf8mb4 COLLATE=utf8mb4_general_ci;




DROP TABLE attandance;

CREATE TABLE `attandance` (
  `id` int(11) NOT NULL AUTO_INCREMENT,
  `employee` int(11) NOT NULL,
  `fptybe` int(1) NOT NULL,
  `fpdate` date NOT NULL DEFAULT current_timestamp(),
  `time` time NOT NULL DEFAULT current_timestamp(),
  `user` int(1) DEFAULT NULL,
  `crtime` timestamp NOT NULL DEFAULT current_timestamp(),
  `isdeleted` tinyint(1) NOT NULL DEFAULT 0,
  `fromwhere` varchar(10) DEFAULT NULL,
  `tenant` int(11) DEFAULT 0,
  `branch` int(11) DEFAULT 0,
  PRIMARY KEY (`id`),
  KEY `employee` (`employee`),
  CONSTRAINT `attandance_ibfk_1` FOREIGN KEY (`employee`) REFERENCES `employees` (`id`) ON DELETE CASCADE ON UPDATE CASCADE
) ENGINE=InnoDB AUTO_INCREMENT=757 DEFAULT CHARSET=utf8mb4 COLLATE=utf8mb4_general_ci;

INSERT INTO attandance VALUES ("1","118","1","2024-01-24","17:00:00","1","2024-01-24 14:00:23","0","","0","0");
INSERT INTO attandance VALUES ("2","118","1","2024-01-28","18:46:00","1","2024-01-28 15:46:14","0","","0","0");
INSERT INTO attandance VALUES ("3","118","1","2024-01-28","18:47:00","1","2024-01-28 15:47:06","0","","0","0");
INSERT INTO attandance VALUES ("4","121","1","2024-02-01","12:00:00","4","2024-02-07 10:54:36","1","","0","0");
INSERT INTO attandance VALUES ("5","121","2","2024-02-01","17:40:00","4","2024-02-07 10:57:07","0","","0","0");
INSERT INTO attandance VALUES ("6","121","1","2024-02-03","12:05:00","4","2024-02-07 10:59:14","0","","0","0");
INSERT INTO attandance VALUES ("7","121","2","2024-02-05","18:00:00","4","2024-02-07 10:59:19","0","","0","0");
INSERT INTO attandance VALUES ("8","122","1","2024-02-01","12:10:00","8","2024-02-07 10:59:42","0","","0","0");
INSERT INTO attandance VALUES ("9","122","2","2024-02-01","18:00:00","8","2024-02-07 11:00:31","0","","0","0");
INSERT INTO attandance VALUES ("10","121","2","2024-02-03","18:18:00","4","2024-02-07 11:00:45","0","","0","0");
INSERT INTO attandance VALUES ("11","121","1","2024-02-04","12:03:00","4","2024-02-07 11:01:42","0","","0","0");
INSERT INTO attandance VALUES ("12","122","1","2024-02-02","12:10:00","8","2024-02-07 11:02:07","1","","0","0");
INSERT INTO attandance VALUES ("13","122","2","2024-02-02","18:06:00","8","2024-02-07 11:02:35","0","","0","0");
INSERT INTO attandance VALUES ("14","121","2","2024-02-04","18:01:00","4","2024-02-07 11:02:53","0","","0","0");
INSERT INTO attandance VALUES ("15","122","1","2024-02-03","12:14:00","8","2024-02-07 11:04:41","0","","0","0");
INSERT INTO attandance VALUES ("16","122","2","2024-02-03","18:10:00","8","2024-02-07 11:06:21","0","","0","0");
INSERT INTO attandance VALUES ("17","122","1","2024-02-04","12:10:00","8","2024-02-07 11:06:55","0","","0","0");
INSERT INTO attandance VALUES ("18","122","2","2024-02-04","18:00:00","8","2024-02-07 11:07:29","0","","0","0");
INSERT INTO attandance VALUES ("19","122","1","2024-02-05","12:13:00","8","2024-02-07 11:08:24","0","","0","0");
INSERT INTO attandance VALUES ("20","121","1","2024-02-05","12:00:00","4","2024-02-07 11:08:42","0","","0","0");
INSERT INTO attandance VALUES ("21","126","1","2024-02-07","18:00:00","4","2024-02-07 11:09:23","0","","0","0");
INSERT INTO attandance VALUES ("22","122","2","2024-02-05","18:11:00","8","2024-02-07 11:10:19","0","","0","0");
INSERT INTO attandance VALUES ("23","126","1","2024-02-06","12:00:00","4","2024-02-07 11:10:38","0","","0","0");
INSERT INTO attandance VALUES ("24","122","1","2024-02-06","12:08:00","8","2024-02-07 11:11:00","0","","0","0");
INSERT INTO attandance VALUES ("25","121","2","2024-02-06","18:11:00","4","2024-02-07 11:11:12","0","","0","0");
INSERT INTO attandance VALUES ("26","122","2","2024-02-06","18:11:00","8","2024-02-07 11:11:31","0","","0","0");
INSERT INTO attandance VALUES ("27","121","1","2024-02-07","13:00:00","4","2024-02-07 11:11:48","0","","0","0");
INSERT INTO attandance VALUES ("28","122","1","2024-02-07","12:10:00","8","2024-02-07 11:12:06","0","","0","0");
INSERT INTO attandance VALUES ("29","120","1","2024-02-01","13:29:00","4","2024-02-07 11:32:16","0","","0","0");
INSERT INTO attandance VALUES ("30","120","2","2024-02-01","19:55:00","4","2024-02-07 11:33:27","1","","0","0");
INSERT INTO attandance VALUES ("31","120","1","2024-02-03","13:12:00","4","2024-02-07 11:36:18","0","","0","0");
INSERT INTO attandance VALUES ("32","120","2","2024-02-03","21:58:00","4","2024-02-07 11:37:06","0","","0","0");
INSERT INTO attandance VALUES ("33","120","1","2024-02-04","13:09:00","4","2024-02-07 11:38:09","0","","0","0");
INSERT INTO attandance VALUES ("34","120","2","2024-02-04","21:00:00","4","2024-02-07 11:41:13","1","","0","0");
INSERT INTO attandance VALUES ("35","120","1","2024-02-05","12:05:00","4","2024-02-07 11:42:00","1","","0","0");
INSERT INTO attandance VALUES ("36","120","2","2024-02-05","21:47:00","4","2024-02-07 11:42:42","0","","0","0");
INSERT INTO attandance VALUES ("37","120","1","2024-02-06","12:08:00","4","2024-02-07 11:43:56","0","","0","0");
INSERT INTO attandance VALUES ("38","120","2","2024-02-06","21:30:00","4","2024-02-07 11:45:38","0","","0","0");
INSERT INTO attandance VALUES ("39","120","1","2024-02-07","13:11:00","4","2024-02-07 11:46:33","1","","0","0");
INSERT INTO attandance VALUES ("40","119","1","2024-02-01","13:07:00","8","2024-02-07 11:50:41","1","","0","0");
INSERT INTO attandance VALUES ("41","119","2","2024-02-01","23:14:00","8","2024-02-07 11:56:22","0","","0","0");
INSERT INTO attandance VALUES ("42","119","1","2024-02-03","13:00:00","8","2024-02-07 11:57:31","0","","0","0");
INSERT INTO attandance VALUES ("43","119","2","2024-02-03","23:15:00","8","2024-02-07 12:00:38","0","","0","0");
INSERT INTO attandance VALUES ("44","119","1","2024-02-04","11:28:00","8","2024-02-07 12:01:35","0","","0","0");
INSERT INTO attandance VALUES ("45","119","2","2024-02-04","22:00:00","8","2024-02-07 12:02:23","0","","0","0");
INSERT INTO attandance VALUES ("46","126","1","2024-02-05","13:23:00","8","2024-02-07 12:03:07","0","","0","0");
INSERT INTO attandance VALUES ("47","119","2","2024-02-05","02:05:00","8","2024-02-07 12:04:10","0","","0","0");
INSERT INTO attandance VALUES ("48","119","1","2024-02-06","12:51:00","8","2024-02-07 12:04:53","0","","0","0");
INSERT INTO attandance VALUES ("49","119","2","2024-02-06","22:27:00","8","2024-02-07 12:05:27","0","","0","0");
INSERT INTO attandance VALUES ("50","119","1","2024-02-07","12:57:00","8","2024-02-07 12:06:03","0","","0","0");
INSERT INTO attandance VALUES ("51","123","1","2024-02-01","12:10:00","8","2024-02-07 12:06:42","0","","0","0");
INSERT INTO attandance VALUES ("52","123","2","2024-02-01","21:58:00","8","2024-02-07 12:07:50","0","","0","0");
INSERT INTO attandance VALUES ("53","123","1","2024-02-03","12:13:00","8","2024-02-07 12:08:58","0","","0","0");
INSERT INTO attandance VALUES ("54","123","2","2024-02-03","22:03:00","8","2024-02-07 12:09:46","0","","0","0");
INSERT INTO attandance VALUES ("55","123","1","2024-02-04","12:01:00","8","2024-02-07 12:10:41","0","","0","0");
INSERT INTO attandance VALUES ("56","123","2","2024-02-04","22:04:00","8","2024-02-07 12:13:36","0","","0","0");
INSERT INTO attandance VALUES ("57","123","1","2024-02-05","12:07:00","8","2024-02-07 12:14:21","0","","0","0");
INSERT INTO attandance VALUES ("58","123","2","2024-02-05","21:57:00","8","2024-02-07 12:15:16","0","","0","0");
INSERT INTO attandance VALUES ("59","123","1","2024-02-06","12:06:00","8","2024-02-07 12:15:53","0","","0","0");
INSERT INTO attandance VALUES ("60","123","2","2024-02-06","22:01:00","8","2024-02-07 12:16:40","0","","0","0");
INSERT INTO attandance VALUES ("61","118","1","2024-02-08","20:44:00","1","2024-02-08 17:44:36","0","","0","0");
INSERT INTO attandance VALUES ("62","118","2","2024-02-08","20:45:00","1","2024-02-08 17:45:51","0","","0","0");
INSERT INTO attandance VALUES ("63","121","2","2024-02-07","18:00:00","8","2024-02-10 10:07:28","0","","0","0");
INSERT INTO attandance VALUES ("64","128","2","2024-02-22","20:00:00","8","2024-02-10 10:07:30","0","","0","0");
INSERT INTO attandance VALUES ("65","121","1","2024-02-10","12:03:00","8","2024-02-10 10:08:00","0","","0","0");
INSERT INTO attandance VALUES ("66","123","1","2024-02-08","11:59:00","8","2024-02-10 10:09:52","0","","0","0");
INSERT INTO attandance VALUES ("67","123","2","2024-02-08","21:53:00","8","2024-02-10 10:10:58","0","","0","0");
INSERT INTO attandance VALUES ("68","120","1","2024-02-08","14:04:00","8","2024-02-10 10:12:04","0","","0","0");
INSERT INTO attandance VALUES ("69","120","2","2024-02-08","22:10:00","8","2024-02-10 10:12:58","0","","0","0");
INSERT INTO attandance VALUES ("70","119","1","2024-02-08","13:08:00","8","2024-02-10 10:13:41","0","","0","0");
INSERT INTO attandance VALUES ("71","119","2","2024-02-08","21:17:00","8","2024-02-10 10:14:21","0","","0","0");
INSERT INTO attandance VALUES ("72","122","2","2024-02-07","18:00:00","8","2024-02-10 10:15:28","0","","0","0");
INSERT INTO attandance VALUES ("73","122","1","2024-02-08","12:15:00","8","2024-02-10 10:16:15","0","","0","0");
INSERT INTO attandance VALUES ("74","122","2","2024-02-08","18:00:00","8","2024-02-10 10:17:03","0","","0","0");
INSERT INTO attandance VALUES ("75","122","1","2024-02-10","12:20:00","8","2024-02-10 10:17:41","0","","0","0");
INSERT INTO attandance VALUES ("76","119","1","2024-02-10","12:49:00","8","2024-02-10 10:18:51","0","","0","0");
INSERT INTO attandance VALUES ("77","120","1","2024-02-10","13:51:00","8","2024-02-10 10:19:43","0","","0","0");
INSERT INTO attandance VALUES ("78","120","1","2024-02-10","13:51:00","8","2024-02-10 10:19:47","0","","0","0");
INSERT INTO attandance VALUES ("79","123","1","2024-02-10","12:06:00","8","2024-02-10 10:20:33","0","","0","0");
INSERT INTO attandance VALUES ("80","121","2","2024-02-10","18:10:00","4","2024-02-11 09:18:35","0","","0","0");
INSERT INTO attandance VALUES ("81","122","2","2024-02-10","18:10:00","4","2024-02-11 09:19:09","0","","0","0");
INSERT INTO attandance VALUES ("82","123","2","2024-02-10","22:16:00","4","2024-02-11 09:20:46","0","","0","0");
INSERT INTO attandance VALUES ("83","119","2","2024-02-10","22:27:00","4","2024-02-11 09:21:39","0","","0","0");
INSERT INTO attandance VALUES ("84","121","1","2024-02-11","12:05:00","4","2024-02-11 09:31:04","0","","0","0");
INSERT INTO attandance VALUES ("85","122","1","2024-02-11","12:15:00","4","2024-02-11 09:31:36","0","","0","0");
INSERT INTO attandance VALUES ("86","123","1","2024-02-11","12:07:00","4","2024-02-11 09:32:45","0","","0","0");
INSERT INTO attandance VALUES ("87","120","2","2024-02-10","22:00:00","4","2024-02-11 10:41:30","0","","0","0");
INSERT INTO attandance VALUES ("88","121","2","2024-02-11","17:56:00","4","2024-02-12 10:02:34","0","","0","0");
INSERT INTO attandance VALUES ("89","122","2","2024-02-11","17:55:00","4","2024-02-12 10:03:09","0","","0","0");
INSERT INTO attandance VALUES ("90","123","2","2024-02-11","22:04:00","4","2024-02-12 10:05:29","0","","0","0");
INSERT INTO attandance VALUES ("91","119","1","2024-02-11","12:52:00","4","2024-02-12 10:06:55","0","","0","0");
INSERT INTO attandance VALUES ("92","119","2","2024-02-11","21:45:00","4","2024-02-12 10:07:38","0","","0","0");
INSERT INTO attandance VALUES ("93","121","1","2024-02-12","12:05:00","4","2024-02-12 10:08:12","0","","0","0");
INSERT INTO attandance VALUES ("94","122","1","2024-02-12","12:15:00","4","2024-02-12 10:09:11","0","","0","0");
INSERT INTO attandance VALUES ("95","123","1","2024-02-12","12:08:00","4","2024-02-12 10:10:25","0","","0","0");
INSERT INTO attandance VALUES ("96","120","1","2024-02-12","23:19:00","4","2024-02-12 10:11:11","0","","0","0");
INSERT INTO attandance VALUES ("97","119","1","2024-02-12","12:34:00","4","2024-02-12 10:11:56","0","","0","0");
INSERT INTO attandance VALUES ("98","120","1","2024-02-11","14:01:00","4","2024-02-12 10:12:37","0","","0","0");
INSERT INTO attandance VALUES ("99","120","2","2024-02-11","21:35:00","4","2024-02-12 10:15:27","0","","0","0");
INSERT INTO attandance VALUES ("100","122","2","2024-02-12","17:55:00","4","2024-02-14 09:43:41","0","","0","0");
INSERT INTO attandance VALUES ("101","121","2","2024-02-12","17:56:00","4","2024-02-14 09:43:48","0","","0","0");
INSERT INTO attandance VALUES ("102","120","2","2024-02-12","20:58:00","4","2024-02-14 09:47:57","0","","0","0");
INSERT INTO attandance VALUES ("103","123","2","2024-02-12","21:59:00","4","2024-02-14 09:49:51","0","","0","0");
INSERT INTO attandance VALUES ("104","119","2","2024-02-12","23:07:00","4","2024-02-14 09:51:14","0","","0","0");
INSERT INTO attandance VALUES ("105","119","2","2024-02-12","23:07:00","4","2024-02-14 09:51:17","0","","0","0");
INSERT INTO attandance VALUES ("106","121","1","2024-02-13","12:10:00","4","2024-02-14 09:52:08","0","","0","0");
INSERT INTO attandance VALUES ("107","121","2","2024-02-13","18:00:00","4","2024-02-14 09:52:46","0","","0","0");
INSERT INTO attandance VALUES ("108","122","1","2024-02-13","12:05:00","4","2024-02-14 09:53:27","0","","0","0");
INSERT INTO attandance VALUES ("109","122","2","2024-02-13","18:00:00","4","2024-02-14 09:54:11","0","","0","0");
INSERT INTO attandance VALUES ("110","119","1","2024-02-13","13:19:00","4","2024-02-14 09:57:45","0","","0","0");
INSERT INTO attandance VALUES ("111","119","2","2024-02-13","21:49:00","4","2024-02-14 09:58:43","0","","0","0");
INSERT INTO attandance VALUES ("112","120","1","2024-02-13","12:50:00","4","2024-02-14 10:03:54","0","","0","0");
INSERT INTO attandance VALUES ("113","120","2","2024-02-13","21:00:00","4","2024-02-14 10:06:10","0","","0","0");
INSERT INTO attandance VALUES ("114","123","1","2024-02-13","12:13:00","4","2024-02-14 10:10:53","0","","0","0");
INSERT INTO attandance VALUES ("115","123","2","2024-02-13","22:00:00","4","2024-02-14 10:11:43","0","","0","0");
INSERT INTO attandance VALUES ("116","121","1","2024-02-14","12:05:00","4","2024-02-14 10:12:49","0","","0","0");
INSERT INTO attandance VALUES ("117","122","1","2024-02-14","12:00:00","4","2024-02-14 10:13:24","0","","0","0");
INSERT INTO attandance VALUES ("118","120","1","2024-02-14","11:54:00","4","2024-02-14 10:14:09","0","","0","0");
INSERT INTO attandance VALUES ("119","119","1","2024-02-14","13:00:00","4","2024-02-14 10:14:53","0","","0","0");
INSERT INTO attandance VALUES ("120","123","1","2024-02-14","12:05:00","4","2024-02-14 10:15:33","0","","0","0");
INSERT INTO attandance VALUES ("121","128","1","2024-02-03","13:28:00","4","2024-02-14 10:28:58","0","","0","0");
INSERT INTO attandance VALUES ("122","128","2","2024-02-03","13:29:00","4","2024-02-14 10:29:18","0","","0","0");
INSERT INTO attandance VALUES ("123","128","1","2024-02-04","13:29:00","4","2024-02-14 10:29:46","0","","0","0");
INSERT INTO attandance VALUES ("124","128","2","2024-02-04","13:30:00","4","2024-02-14 10:30:24","0","","0","0");
INSERT INTO attandance VALUES ("125","128","1","2024-02-05","13:30:00","4","2024-02-14 10:30:51","0","","0","0");
INSERT INTO attandance VALUES ("126","128","2","2024-02-05","13:31:00","4","2024-02-14 10:31:12","0","","0","0");
INSERT INTO attandance VALUES ("127","128","1","2024-02-06","13:31:00","4","2024-02-14 10:31:32","0","","0","0");
INSERT INTO attandance VALUES ("128","128","2","2024-02-06","13:31:00","4","2024-02-14 10:31:55","0","","0","0");
INSERT INTO attandance VALUES ("129","128","1","2024-02-07","13:32:00","4","2024-02-14 10:32:11","0","","0","0");
INSERT INTO attandance VALUES ("130","128","2","2024-02-07","13:32:00","4","2024-02-14 10:32:30","0","","0","0");
INSERT INTO attandance VALUES ("131","128","1","2024-02-08","13:32:00","4","2024-02-14 10:32:49","0","","0","0");
INSERT INTO attandance VALUES ("132","128","2","2024-02-08","13:33:00","4","2024-02-14 10:33:10","0","","0","0");
INSERT INTO attandance VALUES ("133","128","1","2024-02-09","13:33:00","4","2024-02-14 10:33:38","0","","0","0");
INSERT INTO attandance VALUES ("134","128","2","2024-02-09","13:33:00","4","2024-02-14 10:33:56","0","","0","0");
INSERT INTO attandance VALUES ("135","128","1","2024-02-10","13:34:00","4","2024-02-14 10:34:37","0","","0","0");
INSERT INTO attandance VALUES ("136","128","2","2024-02-10","13:34:00","4","2024-02-14 10:34:58","0","","0","0");
INSERT INTO attandance VALUES ("137","128","1","2024-02-11","13:35:00","4","2024-02-14 10:35:26","0","","0","0");
INSERT INTO attandance VALUES ("138","128","2","2024-02-11","13:35:00","4","2024-02-14 10:35:44","0","","0","0");
INSERT INTO attandance VALUES ("139","128","1","2024-02-12","13:36:00","4","2024-02-14 10:36:12","0","","0","0");
INSERT INTO attandance VALUES ("140","128","2","2024-02-12","13:36:00","4","2024-02-14 10:36:32","0","","0","0");
INSERT INTO attandance VALUES ("141","128","1","2024-02-13","13:36:00","4","2024-02-14 10:36:56","0","","0","0");
INSERT INTO attandance VALUES ("142","128","2","2024-02-13","20:15:00","4","2024-02-14 10:38:19","0","","0","0");
INSERT INTO attandance VALUES ("143","128","1","2024-02-14","12:30:00","4","2024-02-14 10:38:48","0","","0","0");
INSERT INTO attandance VALUES ("144","122","2","2024-02-14","16:00:00","4","2024-02-14 12:21:39","0","","0","0");
INSERT INTO attandance VALUES ("145","121","2","2024-02-14","18:03:00","4","2024-02-15 09:49:06","0","","0","0");
INSERT INTO attandance VALUES ("146","119","2","2024-02-14","18:44:00","4","2024-02-15 09:50:27","0","","0","0");
INSERT INTO attandance VALUES ("147","120","2","2024-02-14","22:15:00","4","2024-02-15 09:51:27","0","","0","0");
INSERT INTO attandance VALUES ("148","128","2","2024-02-14","20:00:00","4","2024-02-15 09:52:10","0","","0","0");
INSERT INTO attandance VALUES ("149","123","2","2024-02-14","21:53:00","4","2024-02-15 09:53:06","0","","0","0");
INSERT INTO attandance VALUES ("150","123","1","2024-02-15","12:03:00","4","2024-02-15 09:53:46","0","","0","0");
INSERT INTO attandance VALUES ("151","128","1","2024-02-15","12:30:00","4","2024-02-15 09:54:19","0","","0","0");
INSERT INTO attandance VALUES ("152","121","1","2024-02-15","12:07:00","4","2024-02-15 09:54:55","0","","0","0");
INSERT INTO attandance VALUES ("153","122","1","2024-02-15","12:05:00","4","2024-02-15 09:55:43","0","","0","0");
INSERT INTO attandance VALUES ("154","120","1","2024-02-15","11:45:00","4","2024-02-15 09:56:23","0","","0","0");
INSERT INTO attandance VALUES ("155","119","1","2024-02-15","12:28:00","4","2024-02-15 09:57:12","0","","0","0");
INSERT INTO attandance VALUES ("156","121","2","2024-02-15","17:45:00","4","2024-02-17 09:52:27","0","","0","0");
INSERT INTO attandance VALUES ("157","122","2","2024-02-15","17:45:00","4","2024-02-17 09:54:21","0","","0","0");
INSERT INTO attandance VALUES ("158","128","2","2024-02-15","19:45:00","4","2024-02-17 10:02:18","0","","0","0");
INSERT INTO attandance VALUES ("159","119","2","2024-02-15","20:50:00","4","2024-02-17 10:02:55","0","","0","0");
INSERT INTO attandance VALUES ("160","120","2","2024-02-15","23:02:00","4","2024-02-17 10:03:26","0","","0","0");
INSERT INTO attandance VALUES ("161","123","2","2024-02-15","10:04:00","4","2024-02-17 10:46:07","0","","0","0");
INSERT INTO attandance VALUES ("162","121","2","2024-02-25","17:53:00","4","2024-02-17 10:46:10","0","","0","0");
INSERT INTO attandance VALUES ("163","121","1","2024-02-17","12:00:00","4","2024-02-17 10:47:27","0","","0","0");
INSERT INTO attandance VALUES ("164","122","1","2024-02-17","12:05:00","4","2024-02-17 10:49:18","0","","0","0");
INSERT INTO attandance VALUES ("165","123","1","2024-02-17","12:10:00","4","2024-02-17 10:52:14","0","","0","0");
INSERT INTO attandance VALUES ("166","120","1","2024-02-17","11:45:00","4","2024-02-17 10:52:19","0","","0","0");
INSERT INTO attandance VALUES ("167","128","1","2024-02-17","12:30:00","4","2024-02-17 10:59:59","0","","0","0");
INSERT INTO attandance VALUES ("168","119","1","2024-02-17","12:21:00","4","2024-02-17 11:01:19","0","","0","0");
INSERT INTO attandance VALUES ("169","121","2","2024-02-17","18:25:00","4","2024-02-18 12:26:49","0","","0","0");
INSERT INTO attandance VALUES ("170","122","2","2024-02-17","18:25:00","4","2024-02-18 12:28:05","0","","0","0");
INSERT INTO attandance VALUES ("171","119","2","2024-02-17","00:57:00","4","2024-02-18 12:28:45","0","","0","0");
INSERT INTO attandance VALUES ("172","120","2","2024-02-17","20:00:00","4","2024-02-18 12:29:33","0","","0","0");
INSERT INTO attandance VALUES ("173","128","2","2024-02-17","19:40:00","4","2024-02-18 12:30:30","0","","0","0");
INSERT INTO attandance VALUES ("174","123","2","2024-02-17","22:03:00","4","2024-02-18 12:31:04","0","","0","0");
INSERT INTO attandance VALUES ("175","121","1","2024-02-18","12:10:00","4","2024-02-18 12:33:35","0","","0","0");
INSERT INTO attandance VALUES ("176","122","1","2024-02-18","12:15:00","4","2024-02-18 12:34:11","0","","0","0");
INSERT INTO attandance VALUES ("177","120","1","2024-02-18","12:02:00","4","2024-02-18 12:36:11","0","","0","0");
INSERT INTO attandance VALUES ("178","128","1","2024-02-18","12:30:00","4","2024-02-18 12:37:01","0","","0","0");
INSERT INTO attandance VALUES ("179","119","1","2024-02-18","12:23:00","4","2024-02-18 12:37:34","0","","0","0");
INSERT INTO attandance VALUES ("180","123","1","2024-02-18","12:17:00","4","2024-02-18 12:38:32","0","","0","0");
INSERT INTO attandance VALUES ("181","121","2","2024-02-18","17:40:00","4","2024-02-19 09:13:55","0","","0","0");
INSERT INTO attandance VALUES ("182","122","2","2024-02-18","17:40:00","4","2024-02-19 09:14:36","0","","0","0");
INSERT INTO attandance VALUES ("183","128","2","2024-02-18","20:00:00","4","2024-02-19 09:15:27","0","","0","0");
INSERT INTO attandance VALUES ("184","123","2","2024-02-18","22:00:00","4","2024-02-19 09:17:07","0","","0","0");
INSERT INTO attandance VALUES ("185","120","2","2024-02-18","19:50:00","4","2024-02-19 09:17:59","0","","0","0");
INSERT INTO attandance VALUES ("186","119","2","2024-02-18","19:53:00","4","2024-02-19 09:19:43","0","","0","0");
INSERT INTO attandance VALUES ("187","121","1","2024-02-19","12:00:00","4","2024-02-19 09:20:29","0","","0","0");
INSERT INTO attandance VALUES ("188","122","1","2024-02-19","12:10:00","4","2024-02-19 09:21:01","0","","0","0");
INSERT INTO attandance VALUES ("189","120","1","2024-02-19","12:55:00","4","2024-02-19 09:25:09","0","","0","0");
INSERT INTO attandance VALUES ("190","128","1","2024-02-19","12:30:00","4","2024-02-19 09:27:01","0","","0","0");
INSERT INTO attandance VALUES ("191","119","1","2024-02-19","08:19:00","4","2024-02-19 09:30:46","0","","0","0");
INSERT INTO attandance VALUES ("192","123","1","2024-02-19","12:11:00","4","2024-02-19 09:31:21","0","","0","0");
INSERT INTO attandance VALUES ("193","121","2","2024-02-19","18:01:00","4","2024-02-20 10:41:25","0","","0","0");
INSERT INTO attandance VALUES ("194","122","2","2024-02-19","18:01:00","4","2024-02-20 10:42:08","0","","0","0");
INSERT INTO attandance VALUES ("195","119","2","2024-02-19","21:20:00","4","2024-02-20 10:42:53","0","","0","0");
INSERT INTO attandance VALUES ("196","123","2","2024-02-19","22:06:00","4","2024-02-20 10:43:31","0","","0","0");
INSERT INTO attandance VALUES ("197","128","2","2024-02-19","20:45:00","4","2024-02-20 10:44:05","0","","0","0");
INSERT INTO attandance VALUES ("198","120","2","2024-02-19","18:30:00","4","2024-02-20 10:46:51","0","","0","0");
INSERT INTO attandance VALUES ("199","121","1","2024-02-20","12:00:00","4","2024-02-20 10:47:29","0","","0","0");
INSERT INTO attandance VALUES ("200","122","1","2024-02-20","12:10:00","4","2024-02-20 10:48:03","0","","0","0");
INSERT INTO attandance VALUES ("201","128","1","2024-02-20","12:30:00","4","2024-02-20 10:48:39","0","","0","0");
INSERT INTO attandance VALUES ("202","120","1","2024-02-20","06:44:00","4","2024-02-20 10:49:56","0","","0","0");
INSERT INTO attandance VALUES ("203","123","1","2024-02-20","00:19:00","4","2024-02-20 10:50:31","0","","0","0");
INSERT INTO attandance VALUES ("204","119","1","2024-02-20","12:49:00","4","2024-02-20 10:50:31","0","","0","0");
INSERT INTO attandance VALUES ("205","121","2","2024-02-20","18:00:00","4","2024-02-21 09:03:00","0","","0","0");
INSERT INTO attandance VALUES ("206","122","2","2024-02-20","18:00:00","4","2024-02-21 09:03:42","0","","0","0");
INSERT INTO attandance VALUES ("207","119","2","2024-02-20","19:15:00","4","2024-02-21 09:04:16","0","","0","0");
INSERT INTO attandance VALUES ("208","120","2","2024-02-20","20:00:00","4","2024-02-21 09:04:56","0","","0","0");
INSERT INTO attandance VALUES ("209","128","2","2024-02-20","19:54:00","4","2024-02-21 09:07:18","0","","0","0");
INSERT INTO attandance VALUES ("210","123","2","2024-02-20","22:01:00","4","2024-02-21 09:09:26","0","","0","0");
INSERT INTO attandance VALUES ("211","121","1","2024-02-21","12:05:00","4","2024-02-21 09:11:01","0","","0","0");
INSERT INTO attandance VALUES ("212","122","1","2024-02-21","12:00:00","4","2024-02-21 09:19:48","0","","0","0");
INSERT INTO attandance VALUES ("213","123","1","2024-02-21","12:27:00","4","2024-02-21 09:20:21","0","","0","0");
INSERT INTO attandance VALUES ("214","119","1","2024-02-21","12:13:00","4","2024-02-21 09:21:14","0","","0","0");
INSERT INTO attandance VALUES ("215","120","1","2024-02-21","11:58:00","4","2024-02-21 09:21:58","0","","0","0");
INSERT INTO attandance VALUES ("216","128","1","2024-02-21","12:30:00","4","2024-02-21 09:22:28","0","","0","0");
INSERT INTO attandance VALUES ("217","121","2","2024-02-21","18:03:00","4","2024-02-22 09:17:26","0","","0","0");
INSERT INTO attandance VALUES ("218","122","2","2024-02-21","18:03:00","4","2024-02-22 09:18:29","0","","0","0");
INSERT INTO attandance VALUES ("219","128","2","2024-02-21","21:00:00","4","2024-02-22 09:19:41","0","","0","0");
INSERT INTO attandance VALUES ("220","123","2","2024-02-21","22:00:00","4","2024-02-22 09:21:40","0","","0","0");
INSERT INTO attandance VALUES ("221","119","2","2024-02-21","01:38:00","4","2024-02-22 09:23:29","0","","0","0");
INSERT INTO attandance VALUES ("222","120","2","2024-02-21","21:00:00","4","2024-02-22 09:24:45","0","","0","0");
INSERT INTO attandance VALUES ("223","121","1","2024-02-22","12:12:00","4","2024-02-22 09:25:53","0","","0","0");
INSERT INTO attandance VALUES ("224","128","1","2024-02-22","12:30:00","4","2024-02-22 09:27:17","0","","0","0");
INSERT INTO attandance VALUES ("225","123","1","2024-02-22","12:19:00","4","2024-02-22 09:28:04","0","","0","0");
INSERT INTO attandance VALUES ("226","120","1","2024-02-22","12:30:00","4","2024-02-22 09:28:52","0","","0","0");
INSERT INTO attandance VALUES ("227","119","1","2024-02-22","12:55:00","4","2024-02-22 09:29:54","0","","0","0");
INSERT INTO attandance VALUES ("228","119","1","2024-02-22","12:55:00","4","2024-02-22 09:29:54","1","","0","0");
INSERT INTO attandance VALUES ("229","121","2","2024-02-22","17:45:00","4","2024-02-24 12:05:28","0","","0","0");
INSERT INTO attandance VALUES ("230","119","2","2024-02-22","22:16:00","4","2024-02-24 12:07:22","0","","0","0");
INSERT INTO attandance VALUES ("231","120","2","2024-02-22","01:15:00","4","2024-02-24 12:09:37","0","","0","0");
INSERT INTO attandance VALUES ("232","123","2","2024-02-22","22:08:00","4","2024-02-24 12:11:15","0","","0","0");
INSERT INTO attandance VALUES ("233","121","1","2024-02-24","12:10:00","4","2024-02-24 12:12:03","0","","0","0");
INSERT INTO attandance VALUES ("234","122","1","2024-02-24","12:06:00","4","2024-02-24 12:14:04","0","","0","0");
INSERT INTO attandance VALUES ("235","128","1","2024-02-24","12:50:00","4","2024-02-24 12:14:48","0","","0","0");
INSERT INTO attandance VALUES ("236","120","1","2024-02-24","08:25:00","4","2024-02-24 12:15:42","0","","0","0");
INSERT INTO attandance VALUES ("237","119","1","2024-02-24","12:53:00","4","2024-02-24 12:16:31","0","","0","0");
INSERT INTO attandance VALUES ("238","123","1","2024-02-24","12:08:00","4","2024-02-24 12:18:47","0","","0","0");
INSERT INTO attandance VALUES ("239","121","2","2024-02-24","18:00:00","4","2024-02-25 09:00:53","0","","0","0");
INSERT INTO attandance VALUES ("240","122","2","2024-02-24","18:00:00","4","2024-02-25 09:01:31","0","","0","0");
INSERT INTO attandance VALUES ("241","120","2","2024-02-24","19:20:00","4","2024-02-25 09:09:57","0","","0","0");
INSERT INTO attandance VALUES ("242","119","2","2024-02-24","18:30:00","4","2024-02-25 09:10:47","0","","0","0");
INSERT INTO attandance VALUES ("243","128","2","2024-02-24","20:00:00","4","2024-02-25 09:11:28","0","","0","0");
INSERT INTO attandance VALUES ("244","123","2","2024-02-24","22:07:00","4","2024-02-25 09:12:10","0","","0","0");
INSERT INTO attandance VALUES ("245","121","1","2024-02-25","12:00:00","4","2024-02-25 09:13:06","0","","0","0");
INSERT INTO attandance VALUES ("246","122","1","2024-02-25","12:10:00","4","2024-02-25 09:13:31","0","","0","0");
INSERT INTO attandance VALUES ("247","119","1","2024-02-25","13:09:00","4","2024-02-25 09:14:19","0","","0","0");
INSERT INTO attandance VALUES ("248","120","1","2024-02-25","12:15:00","4","2024-02-25 09:15:02","0","","0","0");
INSERT INTO attandance VALUES ("249","128","1","2024-02-25","12:30:00","4","2024-02-25 09:15:37","0","","0","0");
INSERT INTO attandance VALUES ("250","123","1","2024-02-25","12:15:00","4","2024-02-25 09:16:02","0","","0","0");
INSERT INTO attandance VALUES ("251","118","1","2024-02-25","15:23:00","1","2024-02-25 12:23:15","0","","0","0");
INSERT INTO attandance VALUES ("252","119","2","2024-02-07","21:17:00","4","2024-02-25 12:31:31","0","","0","0");
INSERT INTO attandance VALUES ("253","119","1","2024-02-01","13:07:00","4","2024-02-25 12:33:45","0","","0","0");
INSERT INTO attandance VALUES ("254","119","1","2024-02-05","13:23:00","4","2024-02-25 12:37:04","0","","0","0");
INSERT INTO attandance VALUES ("255","120","2","2024-02-01","19:55:00","4","2024-02-25 12:43:01","0","","0","0");
INSERT INTO attandance VALUES ("256","120","1","2024-02-05","12:06:00","4","2024-02-25 12:46:06","0","","0","0");
INSERT INTO attandance VALUES ("257","121","1","2024-02-06","12:00:00","4","2024-02-25 12:54:54","0","","0","0");
INSERT INTO attandance VALUES ("258","121","1","2024-02-01","12:00:00","4","2024-02-25 13:06:02","0","","0","0");
INSERT INTO attandance VALUES ("259","124","1","2024-02-25","19:33:00","1","2024-02-25 16:33:36","0","","0","0");
INSERT INTO attandance VALUES ("260","118","1","2024-02-25","19:34:00","1","2024-02-25 16:34:53","0","","0","0");
INSERT INTO attandance VALUES ("261","122","2","2024-02-25","17:53:00","4","2024-02-26 09:33:59","0","","0","0");
INSERT INTO attandance VALUES ("262","119","2","2024-02-25","21:48:00","4","2024-02-26 09:36:49","0","","0","0");
INSERT INTO attandance VALUES ("263","128","2","2024-02-25","20:00:00","4","2024-02-26 09:37:30","0","","0","0");
INSERT INTO attandance VALUES ("264","123","2","2024-02-25","22:00:00","4","2024-02-26 09:41:28","0","","0","0");
INSERT INTO attandance VALUES ("265","121","1","2024-02-26","12:10:00","4","2024-02-26 09:42:10","0","","0","0");
INSERT INTO attandance VALUES ("266","122","1","2024-02-26","12:00:00","4","2024-02-26 09:42:53","0","","0","0");
INSERT INTO attandance VALUES ("267","123","1","2024-02-26","12:14:00","4","2024-02-26 09:43:32","0","","0","0");
INSERT INTO attandance VALUES ("268","128","1","2024-02-26","12:35:00","4","2024-02-26 09:44:02","0","","0","0");
INSERT INTO attandance VALUES ("269","119","1","2024-02-26","13:16:00","4","2024-02-26 09:44:43","0","","0","0");
INSERT INTO attandance VALUES ("270","121","2","2024-02-26","17:15:00","4","2024-02-27 09:07:25","0","","0","0");
INSERT INTO attandance VALUES ("271","122","2","2024-02-26","17:15:00","4","2024-02-27 09:08:22","0","","0","0");
INSERT INTO attandance VALUES ("272","123","2","2024-02-26","21:57:00","4","2024-02-27 09:09:23","0","","0","0");
INSERT INTO attandance VALUES ("273","119","2","2024-02-26","23:32:00","4","2024-02-27 09:10:30","0","","0","0");
INSERT INTO attandance VALUES ("274","128","2","2024-02-26","20:00:00","4","2024-02-27 09:11:20","0","","0","0");
INSERT INTO attandance VALUES ("275","121","1","2024-02-27","12:00:00","4","2024-02-27 09:11:58","0","","0","0");
INSERT INTO attandance VALUES ("276","122","1","2024-02-27","12:10:00","4","2024-02-27 09:12:53","0","","0","0");
INSERT INTO attandance VALUES ("277","128","1","2024-02-27","12:35:00","4","2024-02-27 09:14:53","0","","0","0");
INSERT INTO attandance VALUES ("278","123","1","2024-02-27","12:41:00","4","2024-02-27 09:15:36","0","","0","0");
INSERT INTO attandance VALUES ("279","119","1","2024-02-27","13:23:00","4","2024-02-28 09:40:03","0","","0","0");
INSERT INTO attandance VALUES ("280","121","2","2024-02-27","17:59:00","4","2024-02-28 09:40:47","0","","0","0");
INSERT INTO attandance VALUES ("281","122","2","2024-02-27","17:59:00","4","2024-02-28 09:41:26","0","","0","0");
INSERT INTO attandance VALUES ("282","128","2","2024-02-27","20:01:00","4","2024-02-28 09:42:02","0","","0","0");
INSERT INTO attandance VALUES ("283","123","2","2024-02-27","22:00:00","4","2024-02-28 09:43:12","0","","0","0");
INSERT INTO attandance VALUES ("284","119","2","2024-02-27","21:25:00","4","2024-02-28 09:43:57","0","","0","0");
INSERT INTO attandance VALUES ("285","121","1","2024-02-28","12:05:00","4","2024-02-28 09:45:56","0","","0","0");
INSERT INTO attandance VALUES ("286","122","1","2024-02-28","12:00:00","4","2024-02-28 09:47:09","0","","0","0");
INSERT INTO attandance VALUES ("287","123","1","2024-02-28","12:18:00","4","2024-02-28 09:47:50","0","","0","0");
INSERT INTO attandance VALUES ("288","128","1","2024-02-28","12:34:00","4","2024-02-28 09:48:31","0","","0","0");
INSERT INTO attandance VALUES ("289","119","1","2024-02-28","13:01:00","4","2024-02-28 09:49:07","0","","0","0");
INSERT INTO attandance VALUES ("290","120","1","2024-02-28","13:10:00","4","2024-02-28 09:49:41","0","","0","0");
INSERT INTO attandance VALUES ("291","120","1","2024-02-27","18:00:00","4","2024-02-28 09:57:22","0","","0","0");
INSERT INTO attandance VALUES ("292","120","2","2024-02-27","23:00:00","4","2024-02-28 09:57:56","0","","0","0");
INSERT INTO attandance VALUES ("293","120","2","2024-02-04","18:30:00","4","2024-02-28 12:21:01","0","","0","0");
INSERT INTO attandance VALUES ("294","121","2","2024-02-28","18:00:00","4","2024-02-29 09:45:36","0","","0","0");
INSERT INTO attandance VALUES ("295","122","2","2024-02-28","18:00:00","4","2024-02-29 09:46:25","0","","0","0");
INSERT INTO attandance VALUES ("296","128","2","2024-02-28","20:18:00","4","2024-02-29 09:47:32","0","","0","0");
INSERT INTO attandance VALUES ("297","123","2","2024-02-28","21:58:00","4","2024-02-29 09:48:54","0","","0","0");
INSERT INTO attandance VALUES ("298","119","2","2024-02-28","23:17:00","4","2024-02-29 09:49:57","0","","0","0");
INSERT INTO attandance VALUES ("299","120","2","2024-02-28","22:30:00","4","2024-02-29 09:51:02","0","","0","0");
INSERT INTO attandance VALUES ("300","121","1","2024-02-29","12:00:00","4","2024-02-29 09:52:29","0","","0","0");
INSERT INTO attandance VALUES ("301","122","1","2024-02-29","12:13:00","4","2024-02-29 09:54:00","0","","0","0");
INSERT INTO attandance VALUES ("302","120","1","2024-02-29","08:06:00","4","2024-02-29 10:01:58","0","","0","0");
INSERT INTO attandance VALUES ("303","119","1","2024-02-29","13:13:00","4","2024-02-29 10:04:09","0","","0","0");
INSERT INTO attandance VALUES ("304","123","1","2024-02-29","12:11:00","4","2024-02-29 10:04:55","0","","0","0");
INSERT INTO attandance VALUES ("305","121","2","2024-02-29","18:11:00","4","2024-03-02 10:52:56","0","","0","0");
INSERT INTO attandance VALUES ("306","122","2","2024-02-29","18:11:00","4","2024-03-02 10:53:30","0","","0","0");
INSERT INTO attandance VALUES ("307","123","2","2024-02-29","21:55:00","4","2024-03-02 10:53:59","0","","0","0");
INSERT INTO attandance VALUES ("308","119","2","2024-02-29","22:45:00","4","2024-03-02 10:54:46","0","","0","0");
INSERT INTO attandance VALUES ("309","120","2","2024-02-29","21:38:00","4","2024-03-02 10:55:19","0","","0","0");
INSERT INTO attandance VALUES ("310","121","1","2024-03-02","12:08:00","4","2024-03-02 10:56:27","0","","0","0");
INSERT INTO attandance VALUES ("311","122","1","2024-03-02","12:13:00","4","2024-03-02 10:57:04","0","","0","0");
INSERT INTO attandance VALUES ("312","128","1","2024-03-02","12:32:00","4","2024-03-02 10:57:42","0","","0","0");
INSERT INTO attandance VALUES ("313","120","1","2024-03-02","12:46:00","4","2024-03-02 10:58:36","0","","0","0");
INSERT INTO attandance VALUES ("314","119","1","2024-03-02","13:09:00","4","2024-03-02 10:59:07","0","","0","0");
INSERT INTO attandance VALUES ("315","123","1","2024-03-02","12:20:00","4","2024-03-02 10:59:43","0","","0","0");
INSERT INTO attandance VALUES ("316","118","1","2024-03-02","16:16:00","1","2024-03-02 13:16:36","0","","0","0");
INSERT INTO attandance VALUES ("317","118","1","2024-03-02","16:16:00","1","2024-03-02 13:16:37","1","","0","0");
INSERT INTO attandance VALUES ("318","118","1","2024-03-02","16:16:00","1","2024-03-02 13:16:38","1","","0","0");
INSERT INTO attandance VALUES ("319","118","1","2024-03-02","16:16:00","1","2024-03-02 13:16:40","1","","0","0");
INSERT INTO attandance VALUES ("320","128","1","2024-03-02","12:32:00","1","2024-03-02 13:28:01","1","","0","0");
INSERT INTO attandance VALUES ("321","118","1","2024-03-02","16:28:00","1","2024-03-02 13:28:47","1","","0","0");
INSERT INTO attandance VALUES ("322","121","2","2024-03-02","18:00:00","4","2024-03-03 09:15:24","0","","0","0");
INSERT INTO attandance VALUES ("323","122","2","2024-03-02","18:54:00","4","2024-03-03 09:16:06","0","","0","0");
INSERT INTO attandance VALUES ("324","128","2","2024-03-02","20:12:00","4","2024-03-03 09:16:53","0","","0","0");
INSERT INTO attandance VALUES ("325","120","2","2024-03-02","19:45:00","4","2024-03-03 09:17:32","0","","0","0");
INSERT INTO attandance VALUES ("326","119","2","2024-03-02","20:32:00","4","2024-03-03 09:22:09","0","","0","0");
INSERT INTO attandance VALUES ("327","123","2","2024-03-02","21:55:00","4","2024-03-03 09:23:00","0","","0","0");
INSERT INTO attandance VALUES ("328","121","1","2024-03-03","12:09:00","4","2024-03-03 09:23:33","0","","0","0");
INSERT INTO attandance VALUES ("329","122","1","2024-03-03","12:08:00","4","2024-03-03 09:24:02","0","","0","0");
INSERT INTO attandance VALUES ("330","123","1","2024-03-03","12:14:00","4","2024-03-03 09:26:06","0","","0","0");
INSERT INTO attandance VALUES ("331","128","1","2024-03-03","12:38:00","4","2024-03-03 09:26:47","0","","0","0");
INSERT INTO attandance VALUES ("332","120","1","2024-03-03","13:00:00","4","2024-03-03 09:27:23","0","","0","0");
INSERT INTO attandance VALUES ("333","118","1","2024-03-03","16:08:00","1","2024-03-03 13:08:44","1","","0","0");
INSERT INTO attandance VALUES ("335","118","1","2024-07-11","20:46:00","1","2024-07-11 20:46:16","0","","0","0");
INSERT INTO attandance VALUES ("336","121","1","2024-06-01","11:12:00","22","2024-07-13 08:16:25","0","","0","0");
INSERT INTO attandance VALUES ("337","120","1","2024-07-13","09:30:00","22","2024-07-13 08:32:01","0","","0","0");
INSERT INTO attandance VALUES ("338","135","1","2024-06-01","12:18:00","22","2024-07-13 08:34:31","0","","0","0");
INSERT INTO attandance VALUES ("339","119","1","2024-06-01","12:39:00","22","2024-07-13 08:35:18","0","","0","0");
INSERT INTO attandance VALUES ("340","122","1","2024-06-01","13:16:00","22","2024-07-13 08:37:55","0","","0","0");
INSERT INTO attandance VALUES ("341","121","2","2024-06-01","17:02:00","22","2024-07-13 08:41:12","0","","0","0");
INSERT INTO attandance VALUES ("342","122","2","2024-06-01","19:00:00","22","2024-07-13 08:42:54","0","","0","0");
INSERT INTO attandance VALUES ("343","119","2","2024-06-01","21:30:00","22","2024-07-13 08:44:29","0","","0","0");
INSERT INTO attandance VALUES ("344","135","2","2024-06-01","23:14:00","22","2024-07-13 08:45:38","0","","0","0");
INSERT INTO attandance VALUES ("345","120","2","2024-06-01","00:38:00","22","2024-07-13 08:47:22","0","","0","0");
INSERT INTO attandance VALUES ("346","135","1","2024-06-02","12:19:00","22","2024-07-13 08:48:37","0","","0","0");
INSERT INTO attandance VALUES ("347","119","1","2024-06-02","12:54:00","22","2024-07-13 08:49:42","0","","0","0");
INSERT INTO attandance VALUES ("348","120","1","2024-06-01","13:01:00","22","2024-07-13 08:51:05","0","","0","0");
INSERT INTO attandance VALUES ("349","122","1","2024-06-02","13:10:00","22","2024-07-13 08:52:11","0","","0","0");
INSERT INTO attandance VALUES ("350","122","2","2024-06-02","19:01:00","22","2024-07-13 08:53:18","0","","0","0");
INSERT INTO attandance VALUES ("351","119","2","2024-06-02","20:50:00","22","2024-07-13 08:54:25","0","","0","0");
INSERT INTO attandance VALUES ("352","135","2","2024-06-02","22:36:00","22","2024-07-13 08:56:09","0","","0","0");
INSERT INTO attandance VALUES ("353","120","2","2024-06-02","21:00:00","22","2024-07-13 08:57:19","0","","0","0");
INSERT INTO attandance VALUES ("354","121","1","2024-06-03","11:04:00","22","2024-07-13 08:58:39","0","","0","0");
INSERT INTO attandance VALUES ("355","120","1","2024-06-03","13:00:00","22","2024-07-13 08:59:39","0","","0","0");
INSERT INTO attandance VALUES ("356","119","1","2024-06-03","16:36:00","22","2024-07-13 09:00:48","0","","0","0");
INSERT INTO attandance VALUES ("357","121","2","2024-06-03","17:13:00","22","2024-07-13 09:01:51","0","","0","0");
INSERT INTO attandance VALUES ("358","135","1","2024-06-03","17:20:00","22","2024-07-13 09:03:18","0","","0","0");
INSERT INTO attandance VALUES ("359","135","2","2024-06-03","22:50:00","22","2024-07-13 09:04:48","0","","0","0");
INSERT INTO attandance VALUES ("360","119","2","2024-06-03","23:02:00","22","2024-07-13 09:05:42","0","","0","0");
INSERT INTO attandance VALUES ("361","120","2","2024-06-03","23:15:00","22","2024-07-13 09:07:58","0","","0","0");
INSERT INTO attandance VALUES ("362","121","1","2024-06-04","11:13:00","22","2024-07-13 09:08:53","0","","0","0");
INSERT INTO attandance VALUES ("363","135","1","2024-06-04","12:23:00","22","2024-07-13 09:09:58","0","","0","0");
INSERT INTO attandance VALUES ("364","119","1","2024-06-04","13:06:00","22","2024-07-13 09:44:04","0","","0","0");
INSERT INTO attandance VALUES ("365","122","1","2024-06-04","13:09:00","22","2024-07-13 09:44:39","0","","0","0");
INSERT INTO attandance VALUES ("366","120","1","2024-06-04","14:00:00","22","2024-07-13 09:45:15","0","","0","0");
INSERT INTO attandance VALUES ("367","121","2","2024-06-04","17:14:00","22","2024-07-13 09:46:01","0","","0","0");
INSERT INTO attandance VALUES ("368","122","2","2024-06-04","19:03:00","22","2024-07-13 09:46:44","0","","0","0");
INSERT INTO attandance VALUES ("369","120","2","2024-06-04","22:00:00","22","2024-07-13 09:47:27","0","","0","0");
INSERT INTO attandance VALUES ("370","119","2","2024-06-04","22:00:00","22","2024-07-13 09:48:01","0","","0","0");
INSERT INTO attandance VALUES ("371","135","2","2024-06-04","22:51:00","22","2024-07-13 09:48:35","0","","0","0");
INSERT INTO attandance VALUES ("372","121","1","2024-06-05","11:09:00","22","2024-07-13 10:02:16","0","","0","0");
INSERT INTO attandance VALUES ("373","135","1","2024-06-05","12:29:00","22","2024-07-13 10:03:02","0","","0","0");
INSERT INTO attandance VALUES ("374","119","1","2024-06-05","12:52:00","22","2024-07-13 10:03:47","0","","0","0");
INSERT INTO attandance VALUES ("375","122","1","2024-06-05","13:03:00","22","2024-07-13 10:04:13","0","","0","0");
INSERT INTO attandance VALUES ("376","120","1","2024-06-05","14:17:00","22","2024-07-13 10:04:41","0","","0","0");
INSERT INTO attandance VALUES ("377","121","2","2024-06-05","17:38:00","22","2024-07-13 10:05:12","0","","0","0");
INSERT INTO attandance VALUES ("378","122","2","2024-06-05","19:05:00","22","2024-07-13 10:05:43","0","","0","0");
INSERT INTO attandance VALUES ("379","135","2","2024-06-05","22:02:00","22","2024-07-13 10:06:44","0","","0","0");
INSERT INTO attandance VALUES ("380","119","2","2024-06-05","22:42:00","22","2024-07-13 10:08:09","0","","0","0");
INSERT INTO attandance VALUES ("381","120","2","2024-06-05","22:08:00","22","2024-07-13 10:08:45","0","","0","0");
INSERT INTO attandance VALUES ("382","121","1","2024-06-06","11:10:00","22","2024-07-13 10:09:28","0","","0","0");
INSERT INTO attandance VALUES ("383","120","1","2024-06-06","13:08:00","22","2024-07-13 10:10:10","0","","0","0");
INSERT INTO attandance VALUES ("384","135","1","2024-06-06","12:25:00","22","2024-07-13 10:11:02","0","","0","0");
INSERT INTO attandance VALUES ("385","119","1","2024-06-06","13:30:00","22","2024-07-13 10:11:55","0","","0","0");
INSERT INTO attandance VALUES ("386","122","1","2024-06-06","13:12:00","22","2024-07-13 10:13:06","0","","0","0");
INSERT INTO attandance VALUES ("387","121","2","2024-06-06","17:30:00","22","2024-07-13 10:13:45","0","","0","0");
INSERT INTO attandance VALUES ("388","122","2","2024-06-06","19:25:00","22","2024-07-13 10:14:19","0","","0","0");
INSERT INTO attandance VALUES ("389","119","2","2024-06-06","22:00:00","22","2024-07-13 10:15:04","0","","0","0");
INSERT INTO attandance VALUES ("390","135","2","2024-06-06","23:01:00","22","2024-07-13 10:15:44","0","","0","0");
INSERT INTO attandance VALUES ("391","121","1","2024-06-08","11:14:00","22","2024-07-13 10:16:21","0","","0","0");
INSERT INTO attandance VALUES ("392","120","1","2024-06-08","12:27:00","22","2024-07-13 10:17:06","0","","0","0");
INSERT INTO attandance VALUES ("393","122","1","2024-06-08","13:09:00","22","2024-07-13 10:18:01","0","","0","0");
INSERT INTO attandance VALUES ("394","119","1","2024-06-08","13:42:00","22","2024-07-13 10:18:56","0","","0","0");
INSERT INTO attandance VALUES ("395","135","1","2024-06-08","17:15:00","22","2024-07-13 10:19:54","0","","0","0");
INSERT INTO attandance VALUES ("396","121","2","2024-06-08","17:02:00","22","2024-07-13 10:20:30","0","","0","0");
INSERT INTO attandance VALUES ("397","122","2","2024-06-08","19:01:00","22","2024-07-13 10:21:24","0","","0","0");
INSERT INTO attandance VALUES ("398","135","2","2024-06-08","23:16:00","22","2024-07-13 10:21:56","0","","0","0");
INSERT INTO attandance VALUES ("399","119","2","2024-06-08","21:15:00","22","2024-07-13 10:22:29","0","","0","0");
INSERT INTO attandance VALUES ("400","120","2","2024-06-08","21:15:00","22","2024-07-13 10:23:17","0","","0","0");
INSERT INTO attandance VALUES ("401","121","1","2024-06-09","11:09:00","22","2024-07-13 10:24:20","0","","0","0");
INSERT INTO attandance VALUES ("402","135","1","2024-06-09","12:29:00","22","2024-07-13 10:24:52","0","","0","0");
INSERT INTO attandance VALUES ("403","122","1","2024-07-09","13:07:00","22","2024-07-13 10:25:27","0","","0","0");
INSERT INTO attandance VALUES ("404","119","1","2024-06-09","13:12:00","22","2024-07-13 10:25:58","0","","0","0");
INSERT INTO attandance VALUES ("405","120","1","2024-06-09","13:12:00","22","2024-07-13 10:26:29","0","","0","0");
INSERT INTO attandance VALUES ("406","121","2","2024-06-09","17:21:00","22","2024-07-13 10:27:31","0","","0","0");
INSERT INTO attandance VALUES ("407","122","2","2024-06-09","19:03:00","22","2024-07-13 10:28:10","0","","0","0");
INSERT INTO attandance VALUES ("408","135","2","2024-07-09","22:52:00","22","2024-07-13 10:28:46","0","","0","0");
INSERT INTO attandance VALUES ("409","119","2","2024-06-09","23:55:00","22","2024-07-13 10:29:26","0","","0","0");
INSERT INTO attandance VALUES ("410","120","2","2024-06-09","23:00:00","22","2024-07-13 10:30:05","0","","0","0");
INSERT INTO attandance VALUES ("411","121","1","2024-06-10","11:09:00","22","2024-07-13 11:02:11","0","","0","0");
INSERT INTO attandance VALUES ("412","135","1","2024-06-10","12:28:00","22","2024-07-13 11:03:06","0","","0","0");
INSERT INTO attandance VALUES ("413","119","1","2024-06-10","13:07:00","22","2024-07-13 11:03:48","0","","0","0");
INSERT INTO attandance VALUES ("414","122","1","2024-06-10","13:10:00","22","2024-07-13 11:04:30","0","","0","0");
INSERT INTO attandance VALUES ("415","120","1","2024-06-10","13:52:00","22","2024-07-13 11:22:11","0","","0","0");
INSERT INTO attandance VALUES ("416","121","2","2024-06-10","16:00:00","22","2024-07-13 18:21:11","0","","0","0");
INSERT INTO attandance VALUES ("417","122","2","2024-06-10","19:06:00","22","2024-07-13 18:22:15","0","","0","0");
INSERT INTO attandance VALUES ("418","119","2","2024-06-10","20:09:00","22","2024-07-13 18:22:52","0","","0","0");
INSERT INTO attandance VALUES ("419","135","2","2024-06-10","22:52:00","22","2024-07-13 18:23:45","0","","0","0");
INSERT INTO attandance VALUES ("420","120","2","2024-07-10","21:00:00","22","2024-07-13 18:24:18","0","","0","0");
INSERT INTO attandance VALUES ("421","135","1","2024-06-11","12:27:00","22","2024-07-13 18:24:48","0","","0","0");
INSERT INTO attandance VALUES ("422","120","1","2024-06-11","13:41:00","22","2024-07-13 18:25:35","0","","0","0");
INSERT INTO attandance VALUES ("423","119","1","2024-06-11","14:07:00","22","2024-07-13 18:26:49","0","","0","0");
INSERT INTO attandance VALUES ("424","135","2","2024-06-11","22:00:00","22","2024-07-13 18:28:16","0","","0","0");
INSERT INTO attandance VALUES ("425","119","2","2024-07-11","01:00:00","22","2024-07-13 18:28:51","0","","0","0");
INSERT INTO attandance VALUES ("426","120","2","2024-07-11","21:29:00","22","2024-07-13 18:29:45","0","","0","0");
INSERT INTO attandance VALUES ("427","121","1","2024-06-12","11:07:00","22","2024-07-13 18:31:09","0","","0","0");
INSERT INTO attandance VALUES ("428","120","1","2024-06-12","13:04:00","22","2024-07-13 18:31:52","0","","0","0");
INSERT INTO attandance VALUES ("429","122","1","2024-06-12","13:06:00","22","2024-07-13 18:32:37","0","","0","0");
INSERT INTO attandance VALUES ("430","119","1","2024-06-12","13:39:00","22","2024-07-13 18:33:14","0","","0","0");
INSERT INTO attandance VALUES ("431","135","1","2024-06-12","17:07:00","22","2024-07-13 18:33:52","0","","0","0");
INSERT INTO attandance VALUES ("432","121","2","2024-06-12","17:04:00","22","2024-07-13 18:34:36","0","","0","0");
INSERT INTO attandance VALUES ("433","122","2","2024-06-12","19:00:00","22","2024-07-13 18:35:58","0","","0","0");
INSERT INTO attandance VALUES ("434","135","2","2024-06-12","23:11:00","22","2024-07-13 18:36:48","0","","0","0");
INSERT INTO attandance VALUES ("435","119","2","2024-06-12","00:03:00","22","2024-07-13 18:37:30","0","","0","0");
INSERT INTO attandance VALUES ("436","120","2","2024-06-12","21:17:00","22","2024-07-13 18:38:03","0","","0","0");
INSERT INTO attandance VALUES ("437","121","1","2024-06-13","11:07:00","22","2024-07-13 18:39:09","0","","0","0");
INSERT INTO attandance VALUES ("438","120","1","2024-06-13","12:54:00","22","2024-07-13 18:39:51","0","","0","0");
INSERT INTO attandance VALUES ("439","135","1","2024-06-13","12:29:00","22","2024-07-13 18:41:02","0","","0","0");
INSERT INTO attandance VALUES ("440","122","1","2024-06-13","13:13:00","22","2024-07-13 18:42:20","0","","0","0");
INSERT INTO attandance VALUES ("441","121","2","2024-06-13","17:11:00","22","2024-07-13 18:42:59","0","","0","0");
INSERT INTO attandance VALUES ("442","122","2","2024-06-13","18:59:00","22","2024-07-13 18:44:01","0","","0","0");
INSERT INTO attandance VALUES ("443","135","2","2024-06-13","22:42:00","22","2024-07-13 18:44:32","0","","0","0");
INSERT INTO attandance VALUES ("444","120","2","2024-06-13","21:39:00","22","2024-07-13 18:45:09","0","","0","0");
INSERT INTO attandance VALUES ("445","119","2","2024-06-13","22:00:00","22","2024-07-13 18:45:53","0","","0","0");
INSERT INTO attandance VALUES ("446","119","1","2024-06-15","14:03:00","22","2024-07-13 18:46:37","0","","0","0");
INSERT INTO attandance VALUES ("447","119","1","2024-06-15","17:01:00","22","2024-07-13 18:47:30","0","","0","0");
INSERT INTO attandance VALUES ("448","135","1","2024-06-20","12:17:00","22","2024-07-13 18:48:16","0","","0","0");
INSERT INTO attandance VALUES ("449","119","1","2024-06-20","14:20:00","22","2024-07-13 18:48:49","0","","0","0");
INSERT INTO attandance VALUES ("450","135","2","2024-06-20","22:54:00","22","2024-07-13 18:49:19","0","","0","0");
INSERT INTO attandance VALUES ("451","119","2","2024-06-20","23:00:00","22","2024-07-13 18:49:53","0","","0","0");
INSERT INTO attandance VALUES ("452","121","1","2024-06-22","11:09:00","22","2024-07-14 07:37:01","0","","0","0");
INSERT INTO attandance VALUES ("453","120","1","2024-06-22","12:14:00","22","2024-07-14 07:38:36","0","","0","0");
INSERT INTO attandance VALUES ("454","135","1","2024-06-22","12:20:00","22","2024-07-14 07:44:24","0","","0","0");
INSERT INTO attandance VALUES ("455","122","1","2024-06-22","13:04:00","22","2024-07-14 07:45:00","0","","0","0");
INSERT INTO attandance VALUES ("456","119","1","2024-06-22","13:32:00","22","2024-07-14 07:45:42","0","","0","0");
INSERT INTO attandance VALUES ("457","121","2","2024-06-22","17:03:00","22","2024-07-14 07:46:17","0","","0","0");
INSERT INTO attandance VALUES ("458","122","2","2024-06-22","19:03:00","22","2024-07-14 07:47:00","0","","0","0");
INSERT INTO attandance VALUES ("459","119","2","2024-06-22","21:09:00","22","2024-07-14 07:47:44","0","","0","0");
INSERT INTO attandance VALUES ("460","135","2","2024-06-22","22:47:00","22","2024-07-14 07:48:22","0","","0","0");
INSERT INTO attandance VALUES ("461","120","2","2024-07-22","21:00:00","22","2024-07-14 07:48:55","0","","0","0");
INSERT INTO attandance VALUES ("462","121","1","2024-06-23","11:13:00","22","2024-07-14 07:49:33","0","","0","0");
INSERT INTO attandance VALUES ("463","135","1","2024-07-23","12:25:00","22","2024-07-14 07:50:28","0","","0","0");
INSERT INTO attandance VALUES ("464","120","1","2024-07-23","12:49:00","22","2024-07-14 07:50:28","0","","0","0");
INSERT INTO attandance VALUES ("465","122","1","2024-06-23","13:15:00","22","2024-07-14 07:54:07","0","","0","0");
INSERT INTO attandance VALUES ("466","119","1","2024-06-23","13:43:00","22","2024-07-14 07:55:03","0","","0","0");
INSERT INTO attandance VALUES ("467","122","2","2024-06-23","16:22:00","22","2024-07-14 07:55:43","0","","0","0");
INSERT INTO attandance VALUES ("468","121","2","2024-06-23","16:25:00","22","2024-07-14 07:56:17","0","","0","0");
INSERT INTO attandance VALUES ("469","119","2","2024-06-23","21:00:00","22","2024-07-14 07:56:49","0","","0","0");
INSERT INTO attandance VALUES ("470","135","2","2024-06-23","22:55:00","22","2024-07-14 07:57:30","0","","0","0");
INSERT INTO attandance VALUES ("471","120","2","2024-06-23","20:00:00","22","2024-07-14 07:58:03","0","","0","0");
INSERT INTO attandance VALUES ("472","120","1","2024-06-24","10:15:00","22","2024-07-14 07:58:36","0","","0","0");
INSERT INTO attandance VALUES ("473","121","1","2024-06-24","11:09:00","22","2024-07-14 07:59:06","0","","0","0");
INSERT INTO attandance VALUES ("474","135","1","2024-06-24","12:35:00","22","2024-07-14 08:00:31","0","","0","0");
INSERT INTO attandance VALUES ("475","122","1","2024-06-24","13:13:00","22","2024-07-14 08:01:51","0","","0","0");
INSERT INTO attandance VALUES ("476","119","1","2024-06-24","13:49:00","22","2024-07-14 08:02:59","0","","0","0");
INSERT INTO attandance VALUES ("477","120","2","2024-06-24","21:04:00","22","2024-07-14 08:03:54","0","","0","0");
INSERT INTO attandance VALUES ("478","135","2","2024-06-24","22:52:00","22","2024-07-14 08:05:14","0","","0","0");
INSERT INTO attandance VALUES ("479","121","2","2024-06-24","17:04:00","22","2024-07-14 08:06:00","0","","0","0");
INSERT INTO attandance VALUES ("480","119","2","2024-06-24","21:12:00","22","2024-07-14 08:06:46","0","","0","0");
INSERT INTO attandance VALUES ("481","122","2","2024-06-24","19:01:00","22","2024-07-14 08:07:44","0","","0","0");
INSERT INTO attandance VALUES ("482","121","1","2024-06-25","11:08:00","22","2024-07-14 08:08:37","0","","0","0");
INSERT INTO attandance VALUES ("483","135","1","2024-06-25","12:25:00","22","2024-07-14 08:09:18","0","","0","0");
INSERT INTO attandance VALUES ("484","120","1","2024-07-25","12:15:00","22","2024-07-14 08:10:58","0","","0","0");
INSERT INTO attandance VALUES ("485","119","1","2024-06-25","13:30:00","22","2024-07-14 08:11:32","0","","0","0");
INSERT INTO attandance VALUES ("486","122","1","2024-06-25","13:14:00","22","2024-07-14 08:11:57","0","","0","0");
INSERT INTO attandance VALUES ("487","121","2","2024-06-25","17:00:00","22","2024-07-14 08:12:29","0","","0","0");
INSERT INTO attandance VALUES ("488","122","2","2024-06-25","18:59:00","22","2024-07-14 08:13:10","0","","0","0");
INSERT INTO attandance VALUES ("489","120","2","2024-06-25","22:31:00","22","2024-07-14 08:13:47","0","","0","0");
INSERT INTO attandance VALUES ("490","135","2","2024-06-25","22:00:00","22","2024-07-14 08:14:28","0","","0","0");
INSERT INTO attandance VALUES ("491","119","2","2024-06-25","00:00:00","22","2024-07-14 08:15:37","0","","0","0");
INSERT INTO attandance VALUES ("492","121","1","2024-06-26","10:02:00","22","2024-07-14 08:16:38","0","","0","0");
INSERT INTO attandance VALUES ("493","120","1","2024-06-26","10:08:00","22","2024-07-14 08:17:25","0","","0","0");
INSERT INTO attandance VALUES ("494","135","1","2024-06-26","12:28:00","22","2024-07-14 08:18:17","0","","0","0");
INSERT INTO attandance VALUES ("495","122","1","2024-06-26","13:16:00","22","2024-07-14 08:19:03","0","","0","0");
INSERT INTO attandance VALUES ("496","119","1","2024-06-26","13:42:00","22","2024-07-14 08:19:44","0","","0","0");
INSERT INTO attandance VALUES ("497","121","2","2024-06-26","16:00:00","22","2024-07-14 08:21:38","0","","0","0");
INSERT INTO attandance VALUES ("498","122","2","2024-06-26","19:02:00","22","2024-07-14 08:22:36","0","","0","0");
INSERT INTO attandance VALUES ("499","135","2","2024-06-26","22:14:00","22","2024-07-14 08:30:38","0","","0","0");
INSERT INTO attandance VALUES ("500","119","2","2024-06-26","20:30:00","22","2024-07-14 08:31:09","0","","0","0");
INSERT INTO attandance VALUES ("501","120","2","2024-06-26","20:08:00","22","2024-07-14 08:31:44","0","","0","0");
INSERT INTO attandance VALUES ("502","121","1","2024-06-27","10:08:00","22","2024-07-14 08:32:22","0","","0","0");
INSERT INTO attandance VALUES ("503","120","1","2024-06-27","10:15:00","22","2024-07-14 08:33:14","0","","0","0");
INSERT INTO attandance VALUES ("504","135","1","2024-06-27","12:29:00","22","2024-07-14 08:33:47","0","","0","0");
INSERT INTO attandance VALUES ("505","122","1","2024-06-27","13:06:00","22","2024-07-14 08:34:28","0","","0","0");
INSERT INTO attandance VALUES ("506","119","1","2024-06-27","13:42:00","22","2024-07-14 08:35:39","0","","0","0");
INSERT INTO attandance VALUES ("507","121","2","2024-07-27","16:00:00","22","2024-07-14 08:38:56","0","","0","0");
INSERT INTO attandance VALUES ("508","122","2","2024-07-27","19:01:00","22","2024-07-14 08:39:29","0","","0","0");
INSERT INTO attandance VALUES ("509","120","2","2024-06-27","22:22:00","22","2024-07-14 08:40:14","0","","0","0");
INSERT INTO attandance VALUES ("510","135","2","2024-06-27","22:27:00","22","2024-07-14 08:40:50","0","","0","0");
INSERT INTO attandance VALUES ("511","119","2","2024-06-27","23:00:00","22","2024-07-14 08:41:20","0","","0","0");
INSERT INTO attandance VALUES ("512","121","1","2024-06-29","10:00:00","22","2024-07-14 08:44:23","0","","0","0");
INSERT INTO attandance VALUES ("513","120","1","2024-06-29","00:21:00","22","2024-07-14 08:49:29","0","","0","0");
INSERT INTO attandance VALUES ("514","135","1","2024-06-29","12:25:00","22","2024-07-14 09:19:46","0","","0","0");
INSERT INTO attandance VALUES ("515","122","1","2024-06-29","13:12:00","22","2024-07-14 09:20:16","0","","0","0");
INSERT INTO attandance VALUES ("516","119","1","2024-06-29","13:15:00","22","2024-07-14 09:20:52","0","","0","0");
INSERT INTO attandance VALUES ("517","121","2","2024-06-29","16:00:00","22","2024-07-14 09:21:39","0","","0","0");
INSERT INTO attandance VALUES ("518","122","2","2024-06-29","19:01:00","22","2024-07-14 09:22:17","0","","0","0");
INSERT INTO attandance VALUES ("519","120","2","2024-06-29","21:11:00","22","2024-07-14 09:22:58","0","","0","0");
INSERT INTO attandance VALUES ("520","119","2","2024-06-29","00:00:00","22","2024-07-14 09:23:32","0","","0","0");
INSERT INTO attandance VALUES ("521","135","2","2024-06-29","22:14:00","22","2024-07-14 09:24:05","0","","0","0");
INSERT INTO attandance VALUES ("522","121","1","2024-06-30","10:07:00","22","2024-07-14 09:24:35","0","","0","0");
INSERT INTO attandance VALUES ("523","121","2","2024-06-30","16:00:00","22","2024-07-14 09:25:05","0","","0","0");
INSERT INTO attandance VALUES ("524","135","1","2024-06-30","12:25:00","22","2024-07-14 09:25:30","0","","0","0");
INSERT INTO attandance VALUES ("525","135","2","2024-07-30","22:19:00","22","2024-07-14 09:26:07","0","","0","0");
INSERT INTO attandance VALUES ("526","122","1","2024-06-30","13:08:00","22","2024-07-14 09:26:42","0","","0","0");
INSERT INTO attandance VALUES ("527","122","2","2024-06-30","19:00:00","22","2024-07-14 09:27:13","0","","0","0");
INSERT INTO attandance VALUES ("528","119","1","2024-06-30","13:33:00","22","2024-07-14 09:27:46","0","","0","0");
INSERT INTO attandance VALUES ("529","119","2","2024-06-30","21:26:00","22","2024-07-14 09:28:16","0","","0","0");
INSERT INTO attandance VALUES ("530","120","1","2024-06-30","10:24:00","22","2024-07-14 09:29:18","0","","0","0");
INSERT INTO attandance VALUES ("531","120","2","2024-06-30","00:02:00","22","2024-07-14 09:29:50","0","","0","0");
INSERT INTO attandance VALUES ("532","121","1","2024-07-01","10:07:00","22","2024-07-15 08:03:54","0","","0","0");
INSERT INTO attandance VALUES ("533","121","2","2024-07-01","15:06:00","22","2024-07-15 08:04:31","0","","0","0");
INSERT INTO attandance VALUES ("534","120","1","2024-07-01","10:40:00","22","2024-07-15 08:05:03","0","","0","0");
INSERT INTO attandance VALUES ("535","120","2","2024-07-01","20:05:00","22","2024-07-15 08:05:34","0","","0","0");
INSERT INTO attandance VALUES ("536","135","1","2024-07-01","12:21:00","22","2024-07-15 08:06:04","0","","0","0");
INSERT INTO attandance VALUES ("537","135","2","2024-07-01","22:18:00","22","2024-07-15 08:06:35","0","","0","0");
INSERT INTO attandance VALUES ("538","119","1","2024-07-01","13:12:00","22","2024-07-15 08:07:12","0","","0","0");
INSERT INTO attandance VALUES ("539","119","2","2024-07-01","21:03:00","22","2024-07-15 08:08:25","0","","0","0");
INSERT INTO attandance VALUES ("540","121","1","2024-07-02","10:08:00","22","2024-07-15 08:09:12","0","","0","0");
INSERT INTO attandance VALUES ("541","121","2","2024-07-02","16:01:00","22","2024-07-15 08:09:48","0","","0","0");
INSERT INTO attandance VALUES ("542","135","1","2024-07-02","12:27:00","22","2024-07-15 08:10:32","0","","0","0");
INSERT INTO attandance VALUES ("543","135","2","2024-07-02","22:00:00","22","2024-07-15 08:11:21","0","","0","0");
INSERT INTO attandance VALUES ("544","119","1","2024-07-02","11:44:00","22","2024-07-15 08:12:35","0","","0","0");
INSERT INTO attandance VALUES ("545","119","2","2024-07-02","22:31:00","22","2024-07-15 08:13:18","0","","0","0");
INSERT INTO attandance VALUES ("546","120","1","2024-07-02","12:39:00","22","2024-07-15 08:14:03","0","","0","0");
INSERT INTO attandance VALUES ("547","120","2","2024-07-02","21:14:00","22","2024-07-15 08:14:43","0","","0","0");
INSERT INTO attandance VALUES ("548","120","1","2024-07-03","10:03:00","22","2024-07-15 08:15:27","0","","0","0");
INSERT INTO attandance VALUES ("549","120","2","2024-07-03","01:24:00","22","2024-07-15 08:16:04","0","","0","0");
INSERT INTO attandance VALUES ("550","121","1","2024-07-03","10:05:00","22","2024-07-15 08:16:30","0","","0","0");
INSERT INTO attandance VALUES ("551","121","2","2024-07-15","16:00:00","22","2024-07-15 08:17:46","0","","0","0");
INSERT INTO attandance VALUES ("552","135","1","2024-07-03","12:24:00","22","2024-07-15 08:18:43","0","","0","0");
INSERT INTO attandance VALUES ("553","135","2","2024-07-03","23:02:00","22","2024-07-15 08:19:23","0","","0","0");
INSERT INTO attandance VALUES ("554","119","1","2024-07-03","13:15:00","22","2024-07-15 08:20:02","0","","0","0");
INSERT INTO attandance VALUES ("555","119","2","2024-07-03","00:34:00","22","2024-07-15 08:21:06","0","","0","0");
INSERT INTO attandance VALUES ("556","121","1","2024-07-04","10:16:00","22","2024-07-15 08:21:49","0","","0","0");
INSERT INTO attandance VALUES ("557","121","2","2024-07-04","16:00:00","22","2024-07-15 08:22:31","0","","0","0");
INSERT INTO attandance VALUES ("558","135","1","2024-07-04","12:25:00","22","2024-07-15 08:23:03","0","","0","0");
INSERT INTO attandance VALUES ("559","135","2","2024-07-04","22:00:00","22","2024-07-15 08:23:32","0","","0","0");
INSERT INTO attandance VALUES ("560","120","1","2024-07-04","13:03:00","22","2024-07-15 08:24:33","0","","0","0");
INSERT INTO attandance VALUES ("561","120","2","2024-07-04","20:25:00","22","2024-07-15 08:25:12","0","","0","0");
INSERT INTO attandance VALUES ("562","119","1","2024-07-04","14:05:00","22","2024-07-15 08:25:57","0","","0","0");
INSERT INTO attandance VALUES ("563","119","2","2024-07-04","22:00:00","22","2024-07-15 08:26:47","0","","0","0");
INSERT INTO attandance VALUES ("564","121","1","2024-07-06","10:15:00","22","2024-07-15 08:39:29","0","","0","0");
INSERT INTO attandance VALUES ("565","121","2","2024-07-06","16:14:00","22","2024-07-15 08:40:11","0","","0","0");
INSERT INTO attandance VALUES ("566","119","1","2024-07-06","12:10:00","22","2024-07-15 08:41:07","0","","0","0");
INSERT INTO attandance VALUES ("567","119","2","2024-07-06","22:47:00","22","2024-07-15 08:41:36","0","","0","0");
INSERT INTO attandance VALUES ("568","135","1","2024-07-06","12:26:00","22","2024-07-15 08:42:02","0","","0","0");
INSERT INTO attandance VALUES ("569","135","2","2024-07-06","22:11:00","22","2024-07-15 08:42:35","0","","0","0");
INSERT INTO attandance VALUES ("570","120","1","2024-07-06","13:45:00","22","2024-07-15 08:43:14","0","","0","0");
INSERT INTO attandance VALUES ("571","120","2","2024-07-06","22:00:00","22","2024-07-15 08:43:51","0","","0","0");
INSERT INTO attandance VALUES ("572","120","1","2024-07-07","09:54:00","22","2024-07-15 08:45:31","0","","0","0");
INSERT INTO attandance VALUES ("573","120","2","2024-07-07","23:44:00","22","2024-07-15 08:46:21","0","","0","0");
INSERT INTO attandance VALUES ("574","121","1","2024-07-07","10:00:00","22","2024-07-15 08:46:53","0","","0","0");
INSERT INTO attandance VALUES ("575","121","2","2024-07-07","16:00:00","22","2024-07-15 08:50:18","0","","0","0");
INSERT INTO attandance VALUES ("576","135","1","2024-07-07","12:27:00","22","2024-07-15 08:51:12","1","","0","0");
INSERT INTO attandance VALUES ("577","135","2","2024-07-07","01:30:00","22","2024-07-15 08:53:40","0","","0","0");
INSERT INTO attandance VALUES ("578","119","1","2024-07-07","13:30:00","22","2024-07-15 08:54:31","0","","0","0");
INSERT INTO attandance VALUES ("579","119","2","2024-07-07","01:38:00","22","2024-07-15 08:55:05","0","","0","0");
INSERT INTO attandance VALUES ("580","121","1","2024-07-08","10:05:00","22","2024-07-15 08:55:44","0","","0","0");
INSERT INTO attandance VALUES ("581","121","2","2024-07-08","16:00:00","22","2024-07-15 08:56:26","0","","0","0");
INSERT INTO attandance VALUES ("582","120","1","2024-07-08","10:00:00","22","2024-07-15 08:57:07","0","","0","0");
INSERT INTO attandance VALUES ("583","120","2","2024-07-08","22:20:00","22","2024-07-15 08:57:47","0","","0","0");
INSERT INTO attandance VALUES ("584","119","1","2024-07-08","11:08:00","22","2024-07-15 08:58:44","0","","0","0");
INSERT INTO attandance VALUES ("585","119","2","2024-07-08","21:00:00","22","2024-07-15 08:59:36","0","","0","0");
INSERT INTO attandance VALUES ("586","135","1","2024-07-08","12:28:00","22","2024-07-15 09:00:08","0","","0","0");
INSERT INTO attandance VALUES ("587","135","2","2024-07-08","22:11:00","22","2024-07-15 09:00:39","0","","0","0");
INSERT INTO attandance VALUES ("588","121","1","2024-07-09","10:03:00","22","2024-07-15 09:01:05","0","","0","0");
INSERT INTO attandance VALUES ("589","121","2","2024-07-09","15:58:00","22","2024-07-15 09:01:46","0","","0","0");
INSERT INTO attandance VALUES ("590","135","1","2024-07-09","12:32:00","22","2024-07-15 09:02:20","0","","0","0");
INSERT INTO attandance VALUES ("591","135","2","2024-07-09","22:10:00","22","2024-07-15 09:02:48","0","","0","0");
INSERT INTO attandance VALUES ("592","120","1","2024-07-09","12:49:00","22","2024-07-15 09:03:23","0","","0","0");
INSERT INTO attandance VALUES ("593","120","2","2024-07-09","20:04:00","22","2024-07-15 09:04:04","0","","0","0");
INSERT INTO attandance VALUES ("594","119","1","2024-07-09","13:30:00","22","2024-07-15 09:04:42","0","","0","0");
INSERT INTO attandance VALUES ("595","119","2","2024-07-09","23:37:00","22","2024-07-15 09:05:19","0","","0","0");
INSERT INTO attandance VALUES ("596","121","1","2024-07-10","10:06:00","22","2024-07-15 09:05:44","0","","0","0");
INSERT INTO attandance VALUES ("597","121","2","2024-07-10","16:00:00","22","2024-07-15 09:07:05","0","","0","0");
INSERT INTO attandance VALUES ("598","135","1","2024-07-10","12:30:00","22","2024-07-15 09:07:51","0","","0","0");
INSERT INTO attandance VALUES ("599","135","2","2024-07-10","22:15:00","22","2024-07-15 09:11:19","0","","0","0");
INSERT INTO attandance VALUES ("600","120","1","2024-07-10","12:55:00","22","2024-07-15 09:18:25","0","","0","0");
INSERT INTO attandance VALUES ("601","120","2","2024-07-10","21:30:00","22","2024-07-15 10:52:14","0","","0","0");
INSERT INTO attandance VALUES ("602","119","1","2024-07-10","13:59:00","22","2024-07-15 10:52:49","0","","0","0");
INSERT INTO attandance VALUES ("603","119","2","2024-07-10","21:45:00","22","2024-07-15 10:55:19","0","","0","0");
INSERT INTO attandance VALUES ("604","120","1","2024-07-11","09:30:00","22","2024-07-15 10:56:06","0","","0","0");
INSERT INTO attandance VALUES ("605","120","2","2024-07-11","22:46:00","22","2024-07-15 10:56:52","0","","0","0");
INSERT INTO attandance VALUES ("606","121","1","2024-07-11","09:49:00","22","2024-07-15 10:57:27","0","","0","0");
INSERT INTO attandance VALUES ("607","121","2","2024-07-11","16:00:00","22","2024-07-15 10:57:56","0","","0","0");
INSERT INTO attandance VALUES ("608","135","1","2024-07-11","12:30:00","22","2024-07-15 10:58:29","0","","0","0");
INSERT INTO attandance VALUES ("609","135","2","2024-07-11","22:15:00","22","2024-07-15 10:58:56","0","","0","0");
INSERT INTO attandance VALUES ("610","119","1","2024-07-11","13:23:00","22","2024-07-15 10:59:25","0","","0","0");
INSERT INTO attandance VALUES ("611","119","2","2024-07-11","01:07:00","22","2024-07-15 10:59:59","0","","0","0");
INSERT INTO attandance VALUES ("612","121","1","2024-07-13","10:02:00","22","2024-07-15 11:03:43","0","","0","0");
INSERT INTO attandance VALUES ("613","121","2","2024-07-13","15:57:00","22","2024-07-15 11:04:23","0","","0","0");
INSERT INTO attandance VALUES ("614","135","1","2024-07-13","12:36:00","22","2024-07-15 11:05:02","0","","0","0");
INSERT INTO attandance VALUES ("615","135","2","2024-07-13","22:11:00","22","2024-07-15 11:05:30","0","","0","0");
INSERT INTO attandance VALUES ("616","120","1","2024-07-13","13:36:00","22","2024-07-15 11:06:08","0","","0","0");
INSERT INTO attandance VALUES ("617","120","2","2024-07-13","00:29:00","22","2024-07-15 11:07:00","0","","0","0");
INSERT INTO attandance VALUES ("618","119","1","2024-07-13","14:30:00","22","2024-07-15 11:07:31","0","","0","0");
INSERT INTO attandance VALUES ("619","119","2","2024-07-13","21:30:00","22","2024-07-15 11:08:05","0","","0","0");
INSERT INTO attandance VALUES ("620","121","1","2024-07-14","10:00:00","22","2024-07-15 11:08:37","0","","0","0");
INSERT INTO attandance VALUES ("621","121","2","2024-07-14","15:55:00","22","2024-07-15 11:09:09","0","","0","0");
INSERT INTO attandance VALUES ("622","119","1","2024-07-14","12:06:00","22","2024-07-15 11:09:46","0","","0","0");
INSERT INTO attandance VALUES ("623","119","2","2024-07-14","22:19:00","22","2024-07-15 11:10:31","0","","0","0");
INSERT INTO attandance VALUES ("624","135","1","2024-07-14","12:34:00","22","2024-07-15 11:11:14","0","","0","0");
INSERT INTO attandance VALUES ("625","135","2","2024-07-14","22:17:00","22","2024-07-15 11:11:48","0","","0","0");
INSERT INTO attandance VALUES ("626","120","1","2024-07-14","12:36:00","22","2024-07-15 11:12:27","0","","0","0");
INSERT INTO attandance VALUES ("627","120","2","2024-07-14","21:30:00","22","2024-07-15 11:13:44","0","","0","0");
INSERT INTO attandance VALUES ("628","121","1","2024-07-15","10:01:00","22","2024-07-15 11:14:23","0","","0","0");
INSERT INTO attandance VALUES ("629","119","1","2024-07-15","12:18:00","22","2024-07-15 11:14:53","0","","0","0");
INSERT INTO attandance VALUES ("630","135","1","2024-07-15","13:57:00","22","2024-07-15 11:15:47","0","","0","0");
INSERT INTO attandance VALUES ("631","121","2","2024-07-15","15:55:00","22","2024-07-16 08:00:23","0","","0","0");
INSERT INTO attandance VALUES ("632","135","2","2024-07-15","22:17:00","22","2024-07-16 08:01:00","0","","0","0");
INSERT INTO attandance VALUES ("633","119","2","2024-07-15","22:15:00","22","2024-07-16 08:02:54","0","","0","0");
INSERT INTO attandance VALUES ("634","121","1","2024-07-16","10:05:00","22","2024-07-16 08:03:30","0","","0","0");
INSERT INTO attandance VALUES ("635","121","2","2024-07-16","15:30:00","22","2024-07-17 08:07:04","0","","0","0");
INSERT INTO attandance VALUES ("636","135","1","2024-07-16","12:26:00","22","2024-07-17 08:08:09","0","","0","0");
INSERT INTO attandance VALUES ("637","135","2","2024-07-16","22:14:00","22","2024-07-17 08:08:48","0","","0","0");
INSERT INTO attandance VALUES ("638","119","1","2024-07-16","12:47:00","22","2024-07-17 08:10:04","0","","0","0");
INSERT INTO attandance VALUES ("639","119","2","2024-07-16","01:00:00","22","2024-07-17 08:10:50","0","","0","0");
INSERT INTO attandance VALUES ("640","121","1","2024-07-17","10:01:00","22","2024-07-17 08:11:30","0","","0","0");
INSERT INTO attandance VALUES ("641","121","2","2024-07-17","16:00:00","22","2024-07-18 07:58:44","0","","0","0");
INSERT INTO attandance VALUES ("642","135","1","2024-07-17","12:46:00","22","2024-07-18 07:59:32","0","","0","0");
INSERT INTO attandance VALUES ("643","135","2","2024-07-17","22:15:00","22","2024-07-18 08:00:09","0","","0","0");
INSERT INTO attandance VALUES ("644","119","1","2024-07-17","13:10:00","22","2024-07-18 08:31:51","0","","0","0");
INSERT INTO attandance VALUES ("645","119","2","2024-07-17","23:30:00","22","2024-07-18 08:32:31","0","","0","0");
INSERT INTO attandance VALUES ("646","120","1","2024-07-17","13:43:00","22","2024-07-18 08:33:26","0","","0","0");
INSERT INTO attandance VALUES ("647","120","2","2024-07-17","21:30:00","22","2024-07-18 08:33:59","0","","0","0");
INSERT INTO attandance VALUES ("648","121","1","2024-07-18","10:02:00","22","2024-07-18 08:34:31","0","","0","0");
INSERT INTO attandance VALUES ("649","135","1","2024-07-18","12:30:00","22","2024-07-18 11:49:04","0","","0","0");
INSERT INTO attandance VALUES ("650","120","1","2024-07-18","13:40:00","22","2024-07-21 07:43:20","0","","0","0");
INSERT INTO attandance VALUES ("651","120","1","2024-07-18","13:48:00","22","2024-07-21 07:44:17","0","","0","0");
INSERT INTO attandance VALUES ("652","121","2","2024-07-18","16:17:00","22","2024-07-21 07:45:08","0","","0","0");
INSERT INTO attandance VALUES ("653","135","2","2024-07-18","22:13:00","22","2024-07-21 07:46:24","0","","0","0");
INSERT INTO attandance VALUES ("654","119","2","2024-07-18","00:42:00","22","2024-07-21 07:47:17","0","","0","0");
INSERT INTO attandance VALUES ("655","120","2","2024-07-18","21:00:00","22","2024-07-21 07:48:06","0","","0","0");
INSERT INTO attandance VALUES ("656","135","1","2024-07-20","12:37:00","22","2024-07-21 07:48:52","0","","0","0");
INSERT INTO attandance VALUES ("657","120","1","2024-07-20","12:30:00","22","2024-07-21 07:49:45","0","","0","0");
INSERT INTO attandance VALUES ("658","119","1","2024-07-20","13:15:00","22","2024-07-21 07:50:38","0","","0","0");
INSERT INTO attandance VALUES ("659","135","2","2024-07-20","21:58:00","22","2024-07-21 07:51:22","0","","0","0");
INSERT INTO attandance VALUES ("660","119","2","2024-07-20","21:51:00","22","2024-07-21 07:52:13","0","","0","0");
INSERT INTO attandance VALUES ("661","120","2","2024-07-20","21:05:00","22","2024-07-21 07:53:02","0","","0","0");
INSERT INTO attandance VALUES ("662","121","1","2024-07-21","10:05:00","22","2024-07-21 07:53:40","0","","0","0");
INSERT INTO attandance VALUES ("663","118","1","2024-07-21","16:18:00","1","2024-07-21 16:18:50","0","","0","0");
INSERT INTO attandance VALUES ("664","118","1","2024-07-21","16:20:00","0","2024-07-21 16:20:38","0","","0","0");
INSERT INTO attandance VALUES ("665","118","1","2024-07-21","16:20:00","0","2024-07-21 16:20:42","0","","0","0");
INSERT INTO attandance VALUES ("666","121","2","2024-07-21","16:28:00","22","2024-07-22 07:53:10","0","","0","0");
INSERT INTO attandance VALUES ("667","135","1","2024-07-21","12:34:00","22","2024-07-22 07:53:49","0","","0","0");
INSERT INTO attandance VALUES ("668","135","2","2024-07-21","22:15:00","22","2024-07-22 07:54:25","0","","0","0");
INSERT INTO attandance VALUES ("669","120","1","2024-07-21","13:04:00","22","2024-07-22 08:19:10","0","","0","0");
INSERT INTO attandance VALUES ("670","120","2","2024-07-21","22:12:00","22","2024-07-22 08:19:53","0","","0","0");
INSERT INTO attandance VALUES ("671","119","1","2024-07-21","13:12:00","22","2024-07-22 08:20:41","0","","0","0");
INSERT INTO attandance VALUES ("672","119","2","2024-07-21","23:08:00","22","2024-07-22 08:21:28","0","","0","0");
INSERT INTO attandance VALUES ("673","121","1","2024-07-22","10:07:00","22","2024-07-22 08:22:05","0","","0","0");
INSERT INTO attandance VALUES ("674","118","1","2024-07-22","11:11:00","22","2024-07-22 08:22:36","0","","0","0");
INSERT INTO attandance VALUES ("675","118","1","2024-07-22","18:08:00","25","2024-07-22 18:08:34","0","","0","0");
INSERT INTO attandance VALUES ("676","118","1","2024-07-22","18:11:00","0","2024-07-22 18:11:24","0","","0","0");
INSERT INTO attandance VALUES ("677","135","1","2024-07-22","12:30:00","22","2024-07-23 08:02:45","0","","0","0");
INSERT INTO attandance VALUES ("678","120","1","2024-07-22","13:30:00","22","2024-07-23 08:03:24","0","","0","0");
INSERT INTO attandance VALUES ("679","119","1","2024-07-22","12:30:00","22","2024-07-23 08:04:00","0","","0","0");
INSERT INTO attandance VALUES ("680","121","2","2024-07-22","16:07:00","22","2024-07-23 08:04:32","0","","0","0");
INSERT INTO attandance VALUES ("681","119","2","2024-07-22","21:24:00","22","2024-07-23 08:05:32","0","","0","0");
INSERT INTO attandance VALUES ("682","120","2","2024-07-22","21:25:00","22","2024-07-23 08:06:11","0","","0","0");
INSERT INTO attandance VALUES ("683","135","2","2024-07-22","22:00:00","22","2024-07-23 08:06:59","0","","0","0");
INSERT INTO attandance VALUES ("684","121","1","2024-07-23","10:09:00","22","2024-07-23 08:07:34","0","","0","0");
INSERT INTO attandance VALUES ("685","121","2","2024-07-23","16:05:00","22","2024-07-24 08:15:50","0","","0","0");
INSERT INTO attandance VALUES ("686","135","1","2024-07-23","12:41:00","22","2024-07-24 08:16:36","0","","0","0");
INSERT INTO attandance VALUES ("687","135","2","2024-07-23","22:00:00","22","2024-07-24 08:17:34","0","","0","0");
INSERT INTO attandance VALUES ("688","120","1","2024-07-23","12:47:00","22","2024-07-24 08:18:22","0","","0","0");
INSERT INTO attandance VALUES ("689","120","2","2024-07-23","22:30:00","22","2024-07-24 08:19:20","0","","0","0");
INSERT INTO attandance VALUES ("690","119","1","2024-07-23","14:11:00","22","2024-07-24 08:25:28","0","","0","0");
INSERT INTO attandance VALUES ("691","119","2","2024-07-23","20:27:00","22","2024-07-24 08:26:47","0","","0","0");
INSERT INTO attandance VALUES ("692","121","1","2024-07-24","10:03:00","22","2024-07-24 08:28:20","0","","0","0");
INSERT INTO attandance VALUES ("693","121","2","2024-07-24","17:07:00","22","2024-07-25 08:28:38","0","","0","0");
INSERT INTO attandance VALUES ("694","135","1","2024-07-24","12:37:00","22","2024-07-25 08:29:15","0","","0","0");
INSERT INTO attandance VALUES ("695","135","2","2024-07-24","22:17:00","22","2024-07-25 08:30:34","0","","0","0");
INSERT INTO attandance VALUES ("696","119","1","2024-07-24","13:00:00","22","2024-07-25 08:31:38","0","","0","0");
INSERT INTO attandance VALUES ("697","119","2","2024-07-24","22:41:00","22","2024-07-25 08:33:21","0","","0","0");
INSERT INTO attandance VALUES ("698","120","1","2024-07-24","13:12:00","22","2024-07-25 08:34:44","0","","0","0");
INSERT INTO attandance VALUES ("699","120","2","2024-07-24","22:37:00","22","2024-07-25 08:35:26","0","","0","0");
INSERT INTO attandance VALUES ("700","121","1","2024-07-25","10:07:00","22","2024-07-25 08:36:04","0","","0","0");
INSERT INTO attandance VALUES ("701","118","1","2024-07-25","21:23:00","1","2024-07-25 21:23:30","0","","0","0");
INSERT INTO attandance VALUES ("702","121","2","2024-07-25","16:25:00","22","2024-07-27 08:26:21","0","","0","0");
INSERT INTO attandance VALUES ("703","135","1","2024-07-25","12:27:00","22","2024-07-27 08:27:14","0","","0","0");
INSERT INTO attandance VALUES ("704","135","2","2024-07-25","22:07:00","22","2024-07-27 08:28:32","0","","0","0");
INSERT INTO attandance VALUES ("705","119","1","2024-07-25","14:09:00","22","2024-07-27 09:02:39","0","","0","0");
INSERT INTO attandance VALUES ("706","119","2","2024-07-25","22:30:00","22","2024-07-27 09:03:44","0","","0","0");
INSERT INTO attandance VALUES ("707","120","1","2024-07-25","12:40:00","22","2024-07-27 09:04:28","0","","0","0");
INSERT INTO attandance VALUES ("708","120","2","2024-07-25","23:52:00","22","2024-07-27 09:05:16","0","","0","0");
INSERT INTO attandance VALUES ("709","121","1","2024-07-27","10:16:00","22","2024-07-27 09:06:14","0","","0","0");
INSERT INTO attandance VALUES ("710","121","2","2024-07-27","16:13:00","22","2024-07-28 07:49:08","0","","0","0");
INSERT INTO attandance VALUES ("711","135","1","2024-07-27","12:21:00","22","2024-07-28 07:49:57","0","","0","0");
INSERT INTO attandance VALUES ("712","135","2","2024-07-27","22:16:00","22","2024-07-28 07:50:49","0","","0","0");
INSERT INTO attandance VALUES ("713","119","1","2024-07-27","14:06:00","22","2024-07-28 07:51:31","0","","0","0");
INSERT INTO attandance VALUES ("714","119","2","2024-07-27","20:00:00","22","2024-07-28 07:52:13","0","","0","0");
INSERT INTO attandance VALUES ("715","120","1","2024-07-27","14:15:00","22","2024-07-28 07:52:59","0","","0","0");
INSERT INTO attandance VALUES ("716","120","2","2024-07-27","00:08:00","22","2024-07-28 07:53:36","0","","0","0");
INSERT INTO attandance VALUES ("717","121","1","2024-07-28","10:12:00","22","2024-07-28 07:54:07","0","","0","0");
INSERT INTO attandance VALUES ("718","121","2","2024-07-28","16:24:00","22","2024-07-29 08:41:41","0","","0","0");
INSERT INTO attandance VALUES ("719","135","1","2024-07-28","12:20:00","22","2024-07-29 08:42:57","0","","0","0");
INSERT INTO attandance VALUES ("720","135","2","2024-07-28","22:19:00","22","2024-07-29 08:47:11","0","","0","0");
INSERT INTO attandance VALUES ("721","120","1","2024-07-28","12:18:00","22","2024-07-29 08:48:12","0","","0","0");
INSERT INTO attandance VALUES ("722","120","2","2024-07-28","21:00:00","22","2024-07-29 08:49:05","0","","0","0");
INSERT INTO attandance VALUES ("723","121","1","2024-07-29","10:09:00","22","2024-07-30 08:18:35","0","","0","0");
INSERT INTO attandance VALUES ("724","121","2","2024-07-29","16:18:00","22","2024-07-30 08:19:08","0","","0","0");
INSERT INTO attandance VALUES ("725","135","1","2024-07-29","12:31:00","22","2024-07-30 08:19:43","0","","0","0");
INSERT INTO attandance VALUES ("726","135","2","2024-07-29","22:16:00","22","2024-07-30 08:20:16","0","","0","0");
INSERT INTO attandance VALUES ("727","120","1","2024-07-29","13:10:00","22","2024-07-30 08:20:54","0","","0","0");
INSERT INTO attandance VALUES ("728","120","2","2024-07-29","21:07:00","22","2024-07-30 08:21:30","0","","0","0");
INSERT INTO attandance VALUES ("729","119","1","2024-07-29","13:26:00","22","2024-07-30 08:22:09","0","","0","0");
INSERT INTO attandance VALUES ("730","119","2","2024-07-29","21:32:00","22","2024-07-30 08:23:48","0","","0","0");
INSERT INTO attandance VALUES ("731","121","1","2024-07-30","10:07:00","22","2024-07-30 08:24:24","0","","0","0");
INSERT INTO attandance VALUES ("732","130","1","2024-07-31","04:34:00","1","2024-07-31 05:34:52","0","","0","0");
INSERT INTO attandance VALUES ("733","135","1","2024-07-15","13:57:00","1","2024-07-31 14:23:00","0","","0","0");
INSERT INTO attandance VALUES ("734","135","1","2024-07-30","12:30:00","1","2024-07-31 14:24:18","0","","0","0");
INSERT INTO attandance VALUES ("735","135","2","2024-07-07","23:58:00","1","2024-07-31 14:25:37","0","","0","0");
INSERT INTO attandance VALUES ("736","121","2","2024-07-03","16:00:00","1","2024-07-31 14:37:55","0","","0","0");
INSERT INTO attandance VALUES ("737","121","1","2024-07-30","16:06:00","1","2024-07-31 14:38:18","0","","0","0");
INSERT INTO attandance VALUES ("738","130","1","2024-08-07","16:00:00","1","2024-08-07 20:30:26","0","","0","0");
INSERT INTO attandance VALUES ("739","137","1","2024-08-07","19:58:00","0","2024-08-07 20:58:16","0","","0","0");
INSERT INTO attandance VALUES ("740","137","2","2024-08-07","20:00:00","0","2024-08-07 21:00:21","0","","0","0");
INSERT INTO attandance VALUES ("741","130","1","2024-08-01","16:00:00","1","2024-08-13 23:24:00","1","","0","0");
INSERT INTO attandance VALUES ("742","130","1","2024-08-02","16:00:00","1","2024-08-13 23:24:25","0","","0","0");
INSERT INTO attandance VALUES ("743","130","1","2024-08-03","16:05:00","1","2024-08-13 23:24:57","0","","0","0");
INSERT INTO attandance VALUES ("744","130","1","2024-08-04","16:00:00","1","2024-08-13 23:25:36","0","","0","0");
INSERT INTO attandance VALUES ("745","130","1","2024-08-05","16:00:00","1","2024-08-13 23:25:47","0","","0","0");
INSERT INTO attandance VALUES ("746","130","1","2024-08-06","16:00:00","1","2024-08-13 23:26:21","0","","0","0");
INSERT INTO attandance VALUES ("747","130","2","2024-08-01","02:00:00","1","2024-08-14 00:31:03","0","","0","0");
INSERT INTO attandance VALUES ("748","130","2","2024-08-02","02:00:00","1","2024-08-14 00:31:26","0","","0","0");
INSERT INTO attandance VALUES ("749","130","2","2024-08-03","02:00:00","1","2024-08-14 00:31:45","0","","0","0");
INSERT INTO attandance VALUES ("750","130","2","2024-08-04","02:00:00","1","2024-08-14 00:32:08","0","","0","0");
INSERT INTO attandance VALUES ("751","130","2","2024-08-05","02:00:00","1","2024-08-14 00:32:31","0","","0","0");
INSERT INTO attandance VALUES ("752","130","1","2024-08-01","16:00:00","1","2024-08-14 00:37:35","0","","0","0");
INSERT INTO attandance VALUES ("753","130","2","2024-08-06","02:00:00","1","2024-08-14 00:42:50","0","","0","0");
INSERT INTO attandance VALUES ("754","130","2","2024-08-07","02:00:00","1","2024-08-14 00:43:22","0","","0","0");
INSERT INTO attandance VALUES ("755","130","2","2024-08-08","02:00:00","1","2024-08-14 05:25:29","0","","0","0");
INSERT INTO attandance VALUES ("756","118","1","2024-09-18","19:55:00","0","2024-09-18 20:55:44","0","","0","0");



DROP TABLE attdocs;

CREATE TABLE `attdocs` (
  `id` int(11) NOT NULL AUTO_INCREMENT,
  `empid` int(11) NOT NULL,
  `crtime` timestamp NOT NULL DEFAULT current_timestamp(),
  `mdtime` timestamp NOT NULL DEFAULT current_timestamp() ON UPDATE current_timestamp(),
  `fromdate` date DEFAULT NULL,
  `todate` date NOT NULL,
  `alldays` double NOT NULL,
  `workdays` double NOT NULL,
  `exphours` double NOT NULL,
  `accualhours` double NOT NULL,
  `attdays` int(11) NOT NULL,
  `absdays` int(11) NOT NULL,
  `holidays` int(11) NOT NULL,
  `earlyminits` double NOT NULL,
  `entitle` double NOT NULL DEFAULT 0,
  `info` varchar(250) DEFAULT NULL,
  `isdeleted` tinyint(1) DEFAULT 0,
  `tenant` int(11) DEFAULT 0,
  `branch` int(11) DEFAULT 0,
  PRIMARY KEY (`id`)
) ENGINE=InnoDB AUTO_INCREMENT=138 DEFAULT CHARSET=utf8mb4 COLLATE=utf8mb4_general_ci;

INSERT INTO attdocs VALUES ("130","119","2024-08-27 00:42:19","2024-08-27 00:42:19","2024-07-01","2024-07-31","31","27","216","184.16","23","22","4","0","2981.48"," احتساب الرواتب من يوم 2024-07-01 الي يوم 2024-07-31 بنظام الاستحقاق بناء علي الحضور","0","0","0");
INSERT INTO attdocs VALUES ("131","120","2024-08-27 00:42:19","2024-08-27 00:42:19","2024-07-01","2024-07-31","31","27","216","197.93","23","22","4","0","1832.8318"," احتساب الرواتب من يوم 2024-07-01 الي يوم 2024-07-31 بنظام الاستحقاق ساعات عمل و اضافي خلال الفترة","0","0","0");
INSERT INTO attdocs VALUES ("132","121","2024-08-27 00:42:19","2024-08-27 00:42:19","2024-07-01","2024-07-31","31","27","162","149.84","25","24","4","0","2331.54895"," احتساب الرواتب من يوم 2024-07-01 الي يوم 2024-07-31 بنظام الاستحقاق ساعات عمل و اضافي يومي","0","0","0");
INSERT INTO attdocs VALUES ("133","124","2024-08-27 00:42:19","2024-08-27 00:42:19","2024-07-01","2024-07-31","31","27","216","0","0","0","4","0","0"," احتساب الرواتب من يوم 2024-07-01 الي يوم 2024-07-31 بنظام الاستحقاق بالساعات فقط","0","0","0");
INSERT INTO attdocs VALUES ("134","125","2024-08-27 00:42:19","2024-08-27 00:42:19","2024-07-01","2024-07-31","31","27","216","0","0","0","4","0","0"," احتساب الرواتب من يوم 2024-07-01 الي يوم 2024-07-31","0","0","0");
INSERT INTO attdocs VALUES ("135","130","2024-08-27 00:42:20","2024-08-27 00:42:20","2024-07-01","2024-07-31","31","31","310","155","31","29","0","0","999.75"," احتساب الرواتب من يوم 2024-07-01 الي يوم 2024-07-31 بنظام الاستحقاق بالساعات فقط","0","0","0");
INSERT INTO attdocs VALUES ("136","135","2024-08-27 00:42:20","2024-08-27 00:42:20","2024-07-01","2024-07-31","31","27","243","254.08","26","25","4","0","3137.89"," احتساب الرواتب من يوم 2024-07-01 الي يوم 2024-07-31 بنظام الاستحقاق بالساعات فقط","0","0","0");
INSERT INTO attdocs VALUES ("137","137","2024-08-27 00:42:20","2024-08-27 00:42:20","2024-07-01","2024-07-31","31","27","189","0","0","0","4","0","0"," احتساب الرواتب من يوم 2024-07-01 الي يوم 2024-07-31 بنظام الاستحقاق ساعات عمل و اضافي يومي","0","0","0");



DROP TABLE attlog;

CREATE TABLE `attlog` (
  `id` int(11) NOT NULL AUTO_INCREMENT,
  `employee` int(1) NOT NULL,
  `day` date NOT NULL,
  `starttime` time DEFAULT NULL,
  `endtime` time DEFAULT NULL,
  `fpin` time DEFAULT NULL,
  `fpout` time DEFAULT NULL,
  `defhours` double DEFAULT NULL,
  `curhours` double DEFAULT NULL,
  `dueforhour` double DEFAULT NULL,
  `realdue` double DEFAULT NULL,
  `statue` int(1) NOT NULL,
  `crtime` timestamp NOT NULL DEFAULT current_timestamp(),
  `mdtime` timestamp NOT NULL DEFAULT current_timestamp() ON UPDATE current_timestamp(),
  `info` int(11) DEFAULT NULL,
  `attdoc` int(1) DEFAULT NULL,
  `isdeleted` tinyint(1) DEFAULT 0,
  `tenant` int(11) DEFAULT 0,
  `branch` int(11) DEFAULT 0,
  PRIMARY KEY (`id`)
) ENGINE=InnoDB AUTO_INCREMENT=3341 DEFAULT CHARSET=utf8mb4 COLLATE=utf8mb4_general_ci;

INSERT INTO attlog VALUES ("3093","119","2024-07-01","12:00:00","20:00:00","13:12:00","21:03:00","8","7.85","14.58","114","2","2024-08-27 00:42:18","2024-08-27 00:42:19","","130","0","0","0");
INSERT INTO attlog VALUES ("3094","119","2024-07-02","12:00:00","20:00:00","11:44:00","22:31:00","8","10.78","14.58","157","2","2024-08-27 00:42:18","2024-08-27 00:42:19","","130","0","0","0");
INSERT INTO attlog VALUES ("3095","119","2024-07-03","12:00:00","20:00:00","13:15:00","00:00:00","8","4","14.58","58","2","2024-08-27 00:42:18","2024-08-27 00:42:19","","130","0","0","0");
INSERT INTO attlog VALUES ("3096","119","2024-07-04","12:00:00","20:00:00","14:05:00","22:00:00","8","7.92","14.58","115","2","2024-08-27 00:42:18","2024-08-27 00:42:19","","130","0","0","0");
INSERT INTO attlog VALUES ("3097","119","2024-07-05","12:00:00","20:00:00","00:00:00","00:00:00","8","0","14.58","0","0","2024-08-27 00:42:18","2024-08-27 00:42:19","","130","0","0","0");
INSERT INTO attlog VALUES ("3098","119","2024-07-06","12:00:00","20:00:00","12:10:00","22:47:00","8","10.62","14.58","154","2","2024-08-27 00:42:18","2024-08-27 00:42:19","","130","0","0","0");
INSERT INTO attlog VALUES ("3099","119","2024-07-07","12:00:00","20:00:00","13:30:00","00:00:00","8","4","14.58","58","2","2024-08-27 00:42:18","2024-08-27 00:42:19","","130","0","0","0");
INSERT INTO attlog VALUES ("3100","119","2024-07-08","12:00:00","20:00:00","11:08:00","21:00:00","8","9.87","14.58","143","2","2024-08-27 00:42:18","2024-08-27 00:42:19","","130","0","0","0");
INSERT INTO attlog VALUES ("3101","119","2024-07-09","12:00:00","20:00:00","13:30:00","23:37:00","8","10.12","14.58","147","2","2024-08-27 00:42:18","2024-08-27 00:42:19","","130","0","0","0");
INSERT INTO attlog VALUES ("3102","119","2024-07-10","12:00:00","20:00:00","13:59:00","21:45:00","8","7.77","14.58","113","2","2024-08-27 00:42:18","2024-08-27 00:42:19","","130","0","0","0");
INSERT INTO attlog VALUES ("3103","119","2024-07-11","12:00:00","20:00:00","13:23:00","00:00:00","8","4","14.58","58","2","2024-08-27 00:42:18","2024-08-27 00:42:19","","130","0","0","0");
INSERT INTO attlog VALUES ("3104","119","2024-07-12","12:00:00","20:00:00","00:00:00","00:00:00","8","0","14.58","0","0","2024-08-27 00:42:18","2024-08-27 00:42:19","","130","0","0","0");
INSERT INTO attlog VALUES ("3105","119","2024-07-13","12:00:00","20:00:00","14:30:00","21:30:00","8","7","14.58","102","2","2024-08-27 00:42:18","2024-08-27 00:42:19","","130","0","0","0");
INSERT INTO attlog VALUES ("3106","119","2024-07-14","12:00:00","20:00:00","12:06:00","22:19:00","8","10.22","14.58","149","2","2024-08-27 00:42:18","2024-08-27 00:42:19","","130","0","0","0");
INSERT INTO attlog VALUES ("3107","119","2024-07-15","12:00:00","20:00:00","12:18:00","22:15:00","8","9.95","14.58","145","2","2024-08-27 00:42:18","2024-08-27 00:42:19","","130","0","0","0");
INSERT INTO attlog VALUES ("3108","119","2024-07-16","12:00:00","20:00:00","12:47:00","00:00:00","8","4","14.58","58","2","2024-08-27 00:42:19","2024-08-27 00:42:19","","130","0","0","0");
INSERT INTO attlog VALUES ("3109","119","2024-07-17","12:00:00","20:00:00","13:10:00","23:30:00","8","10.33","14.58","150","2","2024-08-27 00:42:19","2024-08-27 00:42:19","","130","0","0","0");
INSERT INTO attlog VALUES ("3110","119","2024-07-18","12:00:00","20:00:00","00:00:00","00:00:00","8","0","14.58","0","1","2024-08-27 00:42:19","2024-08-27 00:42:19","","130","0","0","0");
INSERT INTO attlog VALUES ("3111","119","2024-07-19","12:00:00","20:00:00","00:00:00","00:00:00","8","0","14.58","0","0","2024-08-27 00:42:19","2024-08-27 00:42:19","","130","0","0","0");
INSERT INTO attlog VALUES ("3112","119","2024-07-20","12:00:00","20:00:00","13:15:00","21:51:00","8","8.6","14.58","125","2","2024-08-27 00:42:19","2024-08-27 00:42:19","","130","0","0","0");
INSERT INTO attlog VALUES ("3113","119","2024-07-21","12:00:00","20:00:00","13:12:00","23:08:00","8","9.93","14.58","144","2","2024-08-27 00:42:19","2024-08-27 00:42:19","","130","0","0","0");
INSERT INTO attlog VALUES ("3114","119","2024-07-22","12:00:00","20:00:00","12:30:00","21:24:00","8","8.9","14.58","129","2","2024-08-27 00:42:19","2024-08-27 00:42:19","","130","0","0","0");
INSERT INTO attlog VALUES ("3115","119","2024-07-23","12:00:00","20:00:00","14:11:00","20:27:00","8","6.27","14.58","91","2","2024-08-27 00:42:19","2024-08-27 00:42:19","","130","0","0","0");
INSERT INTO attlog VALUES ("3116","119","2024-07-24","12:00:00","20:00:00","13:00:00","22:41:00","8","9.68","14.58","141","2","2024-08-27 00:42:19","2024-08-27 00:42:19","","130","0","0","0");
INSERT INTO attlog VALUES ("3117","119","2024-07-25","12:00:00","20:00:00","14:09:00","22:30:00","8","8.35","14.58","121","2","2024-08-27 00:42:19","2024-08-27 00:42:19","","130","0","0","0");
INSERT INTO attlog VALUES ("3118","119","2024-07-26","12:00:00","20:00:00","00:00:00","00:00:00","8","0","14.58","0","0","2024-08-27 00:42:19","2024-08-27 00:42:19","","130","0","0","0");
INSERT INTO attlog VALUES ("3119","119","2024-07-27","12:00:00","20:00:00","14:06:00","20:00:00","8","5.9","14.58","86","2","2024-08-27 00:42:19","2024-08-27 00:42:19","","130","0","0","0");
INSERT INTO attlog VALUES ("3120","119","2024-07-28","12:00:00","20:00:00","00:00:00","00:00:00","8","0","14.58","0","1","2024-08-27 00:42:19","2024-08-27 00:42:19","","130","0","0","0");
INSERT INTO attlog VALUES ("3121","119","2024-07-29","12:00:00","20:00:00","13:26:00","21:32:00","8","8.1","14.58","118","2","2024-08-27 00:42:19","2024-08-27 00:42:19","","130","0","0","0");
INSERT INTO attlog VALUES ("3122","119","2024-07-30","12:00:00","20:00:00","00:00:00","00:00:00","8","0","14.58","0","1","2024-08-27 00:42:19","2024-08-27 00:42:19","","130","0","0","0");
INSERT INTO attlog VALUES ("3123","119","2024-07-31","12:00:00","20:00:00","00:00:00","00:00:00","8","0","14.58","0","1","2024-08-27 00:42:19","2024-08-27 00:42:19","","130","0","0","0");
INSERT INTO attlog VALUES ("3124","120","2024-07-01","12:00:00","20:00:00","10:40:00","20:05:00","8","9.42","8.33","78","2","2024-08-27 00:42:19","2024-08-27 00:42:19","","131","0","0","0");
INSERT INTO attlog VALUES ("3125","120","2024-07-02","12:00:00","20:00:00","12:39:00","21:14:00","8","8.58","8.33","71","2","2024-08-27 00:42:19","2024-08-27 00:42:19","","131","0","0","0");
INSERT INTO attlog VALUES ("3126","120","2024-07-03","12:00:00","20:00:00","10:03:00","00:00:00","8","4","8.33","33","2","2024-08-27 00:42:19","2024-08-27 00:42:19","","131","0","0","0");
INSERT INTO attlog VALUES ("3127","120","2024-07-04","12:00:00","20:00:00","13:03:00","20:25:00","8","7.37","8.33","61","2","2024-08-27 00:42:19","2024-08-27 00:42:19","","131","0","0","0");
INSERT INTO attlog VALUES ("3128","120","2024-07-05","12:00:00","20:00:00","00:00:00","00:00:00","8","0","8.33","0","0","2024-08-27 00:42:19","2024-08-27 00:42:19","","131","0","0","0");
INSERT INTO attlog VALUES ("3129","120","2024-07-06","12:00:00","20:00:00","13:45:00","22:00:00","8","8.25","8.33","68","2","2024-08-27 00:42:19","2024-08-27 00:42:19","","131","0","0","0");
INSERT INTO attlog VALUES ("3130","120","2024-07-07","12:00:00","20:00:00","09:54:00","23:44:00","8","13.83","8.33","115","2","2024-08-27 00:42:19","2024-08-27 00:42:19","","131","0","0","0");
INSERT INTO attlog VALUES ("3131","120","2024-07-08","12:00:00","20:00:00","10:00:00","22:20:00","8","12.33","8.33","102","2","2024-08-27 00:42:19","2024-08-27 00:42:19","","131","0","0","0");
INSERT INTO attlog VALUES ("3132","120","2024-07-09","12:00:00","20:00:00","12:49:00","20:04:00","8","7.25","8.33","60","2","2024-08-27 00:42:19","2024-08-27 00:42:19","","131","0","0","0");
INSERT INTO attlog VALUES ("3133","120","2024-07-10","12:00:00","20:00:00","12:55:00","21:30:00","8","8.58","8.33","71","2","2024-08-27 00:42:19","2024-08-27 00:42:19","","131","0","0","0");
INSERT INTO attlog VALUES ("3134","120","2024-07-11","12:00:00","20:00:00","09:30:00","22:46:00","8","13.27","8.33","110","2","2024-08-27 00:42:19","2024-08-27 00:42:19","","131","0","0","0");
INSERT INTO attlog VALUES ("3135","120","2024-07-12","12:00:00","20:00:00","00:00:00","00:00:00","8","0","8.33","0","0","2024-08-27 00:42:19","2024-08-27 00:42:19","","131","0","0","0");
INSERT INTO attlog VALUES ("3136","120","2024-07-13","12:00:00","20:00:00","09:30:00","00:00:00","8","4","8.33","33","2","2024-08-27 00:42:19","2024-08-27 00:42:19","","131","0","0","0");
INSERT INTO attlog VALUES ("3137","120","2024-07-14","12:00:00","20:00:00","12:36:00","21:30:00","8","8.9","8.33","74","2","2024-08-27 00:42:19","2024-08-27 00:42:19","","131","0","0","0");
INSERT INTO attlog VALUES ("3138","120","2024-07-15","12:00:00","20:00:00","00:00:00","00:00:00","8","0","8.33","0","1","2024-08-27 00:42:19","2024-08-27 00:42:19","","131","0","0","0");
INSERT INTO attlog VALUES ("3139","120","2024-07-16","12:00:00","20:00:00","00:00:00","00:00:00","8","0","8.33","0","1","2024-08-27 00:42:19","2024-08-27 00:42:19","","131","0","0","0");
INSERT INTO attlog VALUES ("3140","120","2024-07-17","12:00:00","20:00:00","13:43:00","21:30:00","8","7.78","8.33","64","2","2024-08-27 00:42:19","2024-08-27 00:42:19","","131","0","0","0");
INSERT INTO attlog VALUES ("3141","120","2024-07-18","12:00:00","20:00:00","13:40:00","21:00:00","8","7.33","8.33","61","2","2024-08-27 00:42:19","2024-08-27 00:42:19","","131","0","0","0");
INSERT INTO attlog VALUES ("3142","120","2024-07-19","12:00:00","20:00:00","00:00:00","00:00:00","8","0","8.33","0","0","2024-08-27 00:42:19","2024-08-27 00:42:19","","131","0","0","0");
INSERT INTO attlog VALUES ("3143","120","2024-07-20","12:00:00","20:00:00","12:30:00","21:05:00","8","8.58","8.33","71","2","2024-08-27 00:42:19","2024-08-27 00:42:19","","131","0","0","0");
INSERT INTO attlog VALUES ("3144","120","2024-07-21","12:00:00","20:00:00","13:04:00","22:12:00","8","9.13","8.33","76","2","2024-08-27 00:42:19","2024-08-27 00:42:19","","131","0","0","0");
INSERT INTO attlog VALUES ("3145","120","2024-07-22","12:00:00","20:00:00","13:30:00","21:25:00","8","7.92","8.33","65","2","2024-08-27 00:42:19","2024-08-27 00:42:19","","131","0","0","0");
INSERT INTO attlog VALUES ("3146","120","2024-07-23","12:00:00","20:00:00","12:47:00","22:30:00","8","9.72","8.33","80","2","2024-08-27 00:42:19","2024-08-27 00:42:19","","131","0","0","0");
INSERT INTO attlog VALUES ("3147","120","2024-07-24","12:00:00","20:00:00","13:12:00","22:37:00","8","9.42","8.33","78","2","2024-08-27 00:42:19","2024-08-27 00:42:19","","131","0","0","0");
INSERT INTO attlog VALUES ("3148","120","2024-07-25","12:00:00","20:00:00","12:15:00","23:52:00","8","11.62","8.33","96","2","2024-08-27 00:42:19","2024-08-27 00:42:19","","131","0","0","0");
INSERT INTO attlog VALUES ("3149","120","2024-07-26","12:00:00","20:00:00","00:00:00","00:00:00","8","0","8.33","0","0","2024-08-27 00:42:19","2024-08-27 00:42:19","","131","0","0","0");
INSERT INTO attlog VALUES ("3150","120","2024-07-27","12:00:00","20:00:00","14:15:00","00:00:00","8","4","8.33","33","2","2024-08-27 00:42:19","2024-08-27 00:42:19","","131","0","0","0");
INSERT INTO attlog VALUES ("3151","120","2024-07-28","12:00:00","20:00:00","12:18:00","21:00:00","8","8.7","8.33","72","2","2024-08-27 00:42:19","2024-08-27 00:42:19","","131","0","0","0");
INSERT INTO attlog VALUES ("3152","120","2024-07-29","12:00:00","20:00:00","13:10:00","21:07:00","8","7.95","8.33","66","2","2024-08-27 00:42:19","2024-08-27 00:42:19","","131","0","0","0");
INSERT INTO attlog VALUES ("3153","120","2024-07-30","12:00:00","20:00:00","00:00:00","00:00:00","8","0","8.33","0","1","2024-08-27 00:42:19","2024-08-27 00:42:19","","131","0","0","0");
INSERT INTO attlog VALUES ("3154","120","2024-07-31","12:00:00","20:00:00","00:00:00","00:00:00","8","0","8.33","0","1","2024-08-27 00:42:19","2024-08-27 00:42:19","","131","0","0","0");
INSERT INTO attlog VALUES ("3155","121","2024-07-01","10:00:00","16:00:00","10:07:00","15:06:00","6","4.98","13.89","69","2","2024-08-27 00:42:19","2024-08-27 00:42:19","","132","0","0","0");
INSERT INTO attlog VALUES ("3156","121","2024-07-02","10:00:00","16:00:00","10:08:00","16:01:00","6","5.88","13.89","81","2","2024-08-27 00:42:19","2024-08-27 00:42:19","","132","0","0","0");
INSERT INTO attlog VALUES ("3157","121","2024-07-03","10:00:00","16:00:00","10:05:00","16:00:00","6","5.92","13.89","82","2","2024-08-27 00:42:19","2024-08-27 00:42:19","","132","0","0","0");
INSERT INTO attlog VALUES ("3158","121","2024-07-04","10:00:00","16:00:00","10:16:00","16:00:00","6","5.73","13.89","79","2","2024-08-27 00:42:19","2024-08-27 00:42:19","","132","0","0","0");
INSERT INTO attlog VALUES ("3159","121","2024-07-05","10:00:00","16:00:00","00:00:00","00:00:00","6","0","13.89","0","0","2024-08-27 00:42:19","2024-08-27 00:42:19","","132","0","0","0");
INSERT INTO attlog VALUES ("3160","121","2024-07-06","10:00:00","16:00:00","10:15:00","16:14:00","6","5.98","13.89","83","2","2024-08-27 00:42:19","2024-08-27 00:42:19","","132","0","0","0");
INSERT INTO attlog VALUES ("3161","121","2024-07-07","10:00:00","16:00:00","10:00:00","16:00:00","6","6","13.89","83","2","2024-08-27 00:42:19","2024-08-27 00:42:19","","132","0","0","0");
INSERT INTO attlog VALUES ("3162","121","2024-07-08","10:00:00","16:00:00","10:05:00","16:00:00","6","5.92","13.89","82","2","2024-08-27 00:42:19","2024-08-27 00:42:19","","132","0","0","0");
INSERT INTO attlog VALUES ("3163","121","2024-07-09","10:00:00","16:00:00","10:03:00","15:58:00","6","5.92","13.89","82","2","2024-08-27 00:42:19","2024-08-27 00:42:19","","132","0","0","0");
INSERT INTO attlog VALUES ("3164","121","2024-07-10","10:00:00","16:00:00","10:06:00","16:00:00","6","5.9","13.89","81","2","2024-08-27 00:42:19","2024-08-27 00:42:19","","132","0","0","0");
INSERT INTO attlog VALUES ("3165","121","2024-07-11","10:00:00","16:00:00","09:49:00","16:00:00","6","6.18","13.89","85","2","2024-08-27 00:42:19","2024-08-27 00:42:19","","132","0","0","0");
INSERT INTO attlog VALUES ("3166","121","2024-07-12","10:00:00","16:00:00","00:00:00","00:00:00","6","0","13.89","0","0","2024-08-27 00:42:19","2024-08-27 00:42:19","","132","0","0","0");
INSERT INTO attlog VALUES ("3167","121","2024-07-13","10:00:00","16:00:00","10:02:00","15:57:00","6","5.92","13.89","82","2","2024-08-27 00:42:19","2024-08-27 00:42:19","","132","0","0","0");
INSERT INTO attlog VALUES ("3168","121","2024-07-14","10:00:00","16:00:00","10:00:00","15:55:00","6","5.92","13.89","82","2","2024-08-27 00:42:19","2024-08-27 00:42:19","","132","0","0","0");
INSERT INTO attlog VALUES ("3169","121","2024-07-15","10:00:00","16:00:00","10:01:00","16:00:00","6","5.98","13.89","83","2","2024-08-27 00:42:19","2024-08-27 00:42:19","","132","0","0","0");
INSERT INTO attlog VALUES ("3170","121","2024-07-16","10:00:00","16:00:00","10:05:00","15:30:00","6","5.42","13.89","75","2","2024-08-27 00:42:19","2024-08-27 00:42:19","","132","0","0","0");
INSERT INTO attlog VALUES ("3171","121","2024-07-17","10:00:00","16:00:00","10:01:00","16:00:00","6","5.98","13.89","83","2","2024-08-27 00:42:19","2024-08-27 00:42:19","","132","0","0","0");
INSERT INTO attlog VALUES ("3172","121","2024-07-18","10:00:00","16:00:00","10:02:00","16:17:00","6","6.25","13.89","86","2","2024-08-27 00:42:19","2024-08-27 00:42:19","","132","0","0","0");
INSERT INTO attlog VALUES ("3173","121","2024-07-19","10:00:00","16:00:00","00:00:00","00:00:00","6","0","13.89","0","0","2024-08-27 00:42:19","2024-08-27 00:42:19","","132","0","0","0");
INSERT INTO attlog VALUES ("3174","121","2024-07-20","10:00:00","16:00:00","00:00:00","00:00:00","6","0","13.89","0","1","2024-08-27 00:42:19","2024-08-27 00:42:19","","132","0","0","0");
INSERT INTO attlog VALUES ("3175","121","2024-07-21","10:00:00","16:00:00","10:05:00","16:28:00","6","6.38","13.89","88","2","2024-08-27 00:42:19","2024-08-27 00:42:19","","132","0","0","0");
INSERT INTO attlog VALUES ("3176","121","2024-07-22","10:00:00","16:00:00","10:07:00","16:07:00","6","6","13.89","83","2","2024-08-27 00:42:19","2024-08-27 00:42:19","","132","0","0","0");
INSERT INTO attlog VALUES ("3177","121","2024-07-23","10:00:00","16:00:00","10:09:00","16:05:00","6","5.93","13.89","82","2","2024-08-27 00:42:19","2024-08-27 00:42:19","","132","0","0","0");
INSERT INTO attlog VALUES ("3178","121","2024-07-24","10:00:00","16:00:00","10:03:00","17:07:00","6","7.07","13.89","98","2","2024-08-27 00:42:19","2024-08-27 00:42:19","","132","0","0","0");
INSERT INTO attlog VALUES ("3179","121","2024-07-25","10:00:00","16:00:00","10:07:00","16:25:00","6","6.3","13.89","87","2","2024-08-27 00:42:19","2024-08-27 00:42:19","","132","0","0","0");
INSERT INTO attlog VALUES ("3180","121","2024-07-26","10:00:00","16:00:00","00:00:00","00:00:00","6","0","13.89","0","0","2024-08-27 00:42:19","2024-08-27 00:42:19","","132","0","0","0");
INSERT INTO attlog VALUES ("3181","121","2024-07-27","10:00:00","16:00:00","10:16:00","16:13:00","6","5.95","13.89","82","2","2024-08-27 00:42:19","2024-08-27 00:42:19","","132","0","0","0");
INSERT INTO attlog VALUES ("3182","121","2024-07-28","10:00:00","16:00:00","10:12:00","16:24:00","6","6.2","13.89","86","2","2024-08-27 00:42:19","2024-08-27 00:42:19","","132","0","0","0");
INSERT INTO attlog VALUES ("3183","121","2024-07-29","10:00:00","16:00:00","10:09:00","16:18:00","6","6.15","13.89","85","2","2024-08-27 00:42:19","2024-08-27 00:42:19","","132","0","0","0");
INSERT INTO attlog VALUES ("3184","121","2024-07-30","10:00:00","16:00:00","10:07:00","16:06:00","6","5.98","13.89","83","2","2024-08-27 00:42:19","2024-08-27 00:42:19","","132","0","0","0");
INSERT INTO attlog VALUES ("3185","121","2024-07-31","10:00:00","16:00:00","00:00:00","00:00:00","6","0","13.89","0","1","2024-08-27 00:42:19","2024-08-27 00:42:19","","132","0","0","0");
INSERT INTO attlog VALUES ("3186","124","2024-07-01","12:00:00","20:00:00","00:00:00","00:00:00","8","0","8.33","0","1","2024-08-27 00:42:19","2024-08-27 00:42:19","","133","0","0","0");
INSERT INTO attlog VALUES ("3187","124","2024-07-02","12:00:00","20:00:00","00:00:00","00:00:00","8","0","8.33","0","1","2024-08-27 00:42:19","2024-08-27 00:42:19","","133","0","0","0");
INSERT INTO attlog VALUES ("3188","124","2024-07-03","12:00:00","20:00:00","00:00:00","00:00:00","8","0","8.33","0","1","2024-08-27 00:42:19","2024-08-27 00:42:19","","133","0","0","0");
INSERT INTO attlog VALUES ("3189","124","2024-07-04","12:00:00","20:00:00","00:00:00","00:00:00","8","0","8.33","0","1","2024-08-27 00:42:19","2024-08-27 00:42:19","","133","0","0","0");
INSERT INTO attlog VALUES ("3190","124","2024-07-05","12:00:00","20:00:00","00:00:00","00:00:00","8","0","8.33","0","0","2024-08-27 00:42:19","2024-08-27 00:42:19","","133","0","0","0");
INSERT INTO attlog VALUES ("3191","124","2024-07-06","12:00:00","20:00:00","00:00:00","00:00:00","8","0","8.33","0","1","2024-08-27 00:42:19","2024-08-27 00:42:19","","133","0","0","0");
INSERT INTO attlog VALUES ("3192","124","2024-07-07","12:00:00","20:00:00","00:00:00","00:00:00","8","0","8.33","0","1","2024-08-27 00:42:19","2024-08-27 00:42:19","","133","0","0","0");
INSERT INTO attlog VALUES ("3193","124","2024-07-08","12:00:00","20:00:00","00:00:00","00:00:00","8","0","8.33","0","1","2024-08-27 00:42:19","2024-08-27 00:42:19","","133","0","0","0");
INSERT INTO attlog VALUES ("3194","124","2024-07-09","12:00:00","20:00:00","00:00:00","00:00:00","8","0","8.33","0","1","2024-08-27 00:42:19","2024-08-27 00:42:19","","133","0","0","0");
INSERT INTO attlog VALUES ("3195","124","2024-07-10","12:00:00","20:00:00","00:00:00","00:00:00","8","0","8.33","0","1","2024-08-27 00:42:19","2024-08-27 00:42:19","","133","0","0","0");
INSERT INTO attlog VALUES ("3196","124","2024-07-11","12:00:00","20:00:00","00:00:00","00:00:00","8","0","8.33","0","1","2024-08-27 00:42:19","2024-08-27 00:42:19","","133","0","0","0");
INSERT INTO attlog VALUES ("3197","124","2024-07-12","12:00:00","20:00:00","00:00:00","00:00:00","8","0","8.33","0","0","2024-08-27 00:42:19","2024-08-27 00:42:19","","133","0","0","0");
INSERT INTO attlog VALUES ("3198","124","2024-07-13","12:00:00","20:00:00","00:00:00","00:00:00","8","0","8.33","0","1","2024-08-27 00:42:19","2024-08-27 00:42:19","","133","0","0","0");
INSERT INTO attlog VALUES ("3199","124","2024-07-14","12:00:00","20:00:00","00:00:00","00:00:00","8","0","8.33","0","1","2024-08-27 00:42:19","2024-08-27 00:42:19","","133","0","0","0");
INSERT INTO attlog VALUES ("3200","124","2024-07-15","12:00:00","20:00:00","00:00:00","00:00:00","8","0","8.33","0","1","2024-08-27 00:42:19","2024-08-27 00:42:19","","133","0","0","0");
INSERT INTO attlog VALUES ("3201","124","2024-07-16","12:00:00","20:00:00","00:00:00","00:00:00","8","0","8.33","0","1","2024-08-27 00:42:19","2024-08-27 00:42:19","","133","0","0","0");
INSERT INTO attlog VALUES ("3202","124","2024-07-17","12:00:00","20:00:00","00:00:00","00:00:00","8","0","8.33","0","1","2024-08-27 00:42:19","2024-08-27 00:42:19","","133","0","0","0");
INSERT INTO attlog VALUES ("3203","124","2024-07-18","12:00:00","20:00:00","00:00:00","00:00:00","8","0","8.33","0","1","2024-08-27 00:42:19","2024-08-27 00:42:19","","133","0","0","0");
INSERT INTO attlog VALUES ("3204","124","2024-07-19","12:00:00","20:00:00","00:00:00","00:00:00","8","0","8.33","0","0","2024-08-27 00:42:19","2024-08-27 00:42:19","","133","0","0","0");
INSERT INTO attlog VALUES ("3205","124","2024-07-20","12:00:00","20:00:00","00:00:00","00:00:00","8","0","8.33","0","1","2024-08-27 00:42:19","2024-08-27 00:42:19","","133","0","0","0");
INSERT INTO attlog VALUES ("3206","124","2024-07-21","12:00:00","20:00:00","00:00:00","00:00:00","8","0","8.33","0","1","2024-08-27 00:42:19","2024-08-27 00:42:19","","133","0","0","0");
INSERT INTO attlog VALUES ("3207","124","2024-07-22","12:00:00","20:00:00","00:00:00","00:00:00","8","0","8.33","0","1","2024-08-27 00:42:19","2024-08-27 00:42:19","","133","0","0","0");
INSERT INTO attlog VALUES ("3208","124","2024-07-23","12:00:00","20:00:00","00:00:00","00:00:00","8","0","8.33","0","1","2024-08-27 00:42:19","2024-08-27 00:42:19","","133","0","0","0");
INSERT INTO attlog VALUES ("3209","124","2024-07-24","12:00:00","20:00:00","00:00:00","00:00:00","8","0","8.33","0","1","2024-08-27 00:42:19","2024-08-27 00:42:19","","133","0","0","0");
INSERT INTO attlog VALUES ("3210","124","2024-07-25","12:00:00","20:00:00","00:00:00","00:00:00","8","0","8.33","0","1","2024-08-27 00:42:19","2024-08-27 00:42:19","","133","0","0","0");
INSERT INTO attlog VALUES ("3211","124","2024-07-26","12:00:00","20:00:00","00:00:00","00:00:00","8","0","8.33","0","0","2024-08-27 00:42:19","2024-08-27 00:42:19","","133","0","0","0");
INSERT INTO attlog VALUES ("3212","124","2024-07-27","12:00:00","20:00:00","00:00:00","00:00:00","8","0","8.33","0","1","2024-08-27 00:42:19","2024-08-27 00:42:19","","133","0","0","0");
INSERT INTO attlog VALUES ("3213","124","2024-07-28","12:00:00","20:00:00","00:00:00","00:00:00","8","0","8.33","0","1","2024-08-27 00:42:19","2024-08-27 00:42:19","","133","0","0","0");
INSERT INTO attlog VALUES ("3214","124","2024-07-29","12:00:00","20:00:00","00:00:00","00:00:00","8","0","8.33","0","1","2024-08-27 00:42:19","2024-08-27 00:42:19","","133","0","0","0");
INSERT INTO attlog VALUES ("3215","124","2024-07-30","12:00:00","20:00:00","00:00:00","00:00:00","8","0","8.33","0","1","2024-08-27 00:42:19","2024-08-27 00:42:19","","133","0","0","0");
INSERT INTO attlog VALUES ("3216","124","2024-07-31","12:00:00","20:00:00","00:00:00","00:00:00","8","0","8.33","0","1","2024-08-27 00:42:19","2024-08-27 00:42:19","","133","0","0","0");
INSERT INTO attlog VALUES ("3217","125","2024-07-01","12:00:00","20:00:00","00:00:00","00:00:00","8","0","8.33","0","1","2024-08-27 00:42:19","2024-08-27 00:42:19","","134","0","0","0");
INSERT INTO attlog VALUES ("3218","125","2024-07-02","12:00:00","20:00:00","00:00:00","00:00:00","8","0","8.33","0","1","2024-08-27 00:42:19","2024-08-27 00:42:19","","134","0","0","0");
INSERT INTO attlog VALUES ("3219","125","2024-07-03","12:00:00","20:00:00","00:00:00","00:00:00","8","0","8.33","0","1","2024-08-27 00:42:19","2024-08-27 00:42:19","","134","0","0","0");
INSERT INTO attlog VALUES ("3220","125","2024-07-04","12:00:00","20:00:00","00:00:00","00:00:00","8","0","8.33","0","1","2024-08-27 00:42:19","2024-08-27 00:42:19","","134","0","0","0");
INSERT INTO attlog VALUES ("3221","125","2024-07-05","12:00:00","20:00:00","00:00:00","00:00:00","8","0","8.33","0","0","2024-08-27 00:42:19","2024-08-27 00:42:19","","134","0","0","0");
INSERT INTO attlog VALUES ("3222","125","2024-07-06","12:00:00","20:00:00","00:00:00","00:00:00","8","0","8.33","0","1","2024-08-27 00:42:19","2024-08-27 00:42:19","","134","0","0","0");
INSERT INTO attlog VALUES ("3223","125","2024-07-07","12:00:00","20:00:00","00:00:00","00:00:00","8","0","8.33","0","1","2024-08-27 00:42:19","2024-08-27 00:42:19","","134","0","0","0");
INSERT INTO attlog VALUES ("3224","125","2024-07-08","12:00:00","20:00:00","00:00:00","00:00:00","8","0","8.33","0","1","2024-08-27 00:42:19","2024-08-27 00:42:19","","134","0","0","0");
INSERT INTO attlog VALUES ("3225","125","2024-07-09","12:00:00","20:00:00","00:00:00","00:00:00","8","0","8.33","0","1","2024-08-27 00:42:19","2024-08-27 00:42:19","","134","0","0","0");
INSERT INTO attlog VALUES ("3226","125","2024-07-10","12:00:00","20:00:00","00:00:00","00:00:00","8","0","8.33","0","1","2024-08-27 00:42:19","2024-08-27 00:42:19","","134","0","0","0");
INSERT INTO attlog VALUES ("3227","125","2024-07-11","12:00:00","20:00:00","00:00:00","00:00:00","8","0","8.33","0","1","2024-08-27 00:42:19","2024-08-27 00:42:19","","134","0","0","0");
INSERT INTO attlog VALUES ("3228","125","2024-07-12","12:00:00","20:00:00","00:00:00","00:00:00","8","0","8.33","0","0","2024-08-27 00:42:19","2024-08-27 00:42:19","","134","0","0","0");
INSERT INTO attlog VALUES ("3229","125","2024-07-13","12:00:00","20:00:00","00:00:00","00:00:00","8","0","8.33","0","1","2024-08-27 00:42:19","2024-08-27 00:42:19","","134","0","0","0");
INSERT INTO attlog VALUES ("3230","125","2024-07-14","12:00:00","20:00:00","00:00:00","00:00:00","8","0","8.33","0","1","2024-08-27 00:42:19","2024-08-27 00:42:19","","134","0","0","0");
INSERT INTO attlog VALUES ("3231","125","2024-07-15","12:00:00","20:00:00","00:00:00","00:00:00","8","0","8.33","0","1","2024-08-27 00:42:19","2024-08-27 00:42:19","","134","0","0","0");
INSERT INTO attlog VALUES ("3232","125","2024-07-16","12:00:00","20:00:00","00:00:00","00:00:00","8","0","8.33","0","1","2024-08-27 00:42:19","2024-08-27 00:42:19","","134","0","0","0");
INSERT INTO attlog VALUES ("3233","125","2024-07-17","12:00:00","20:00:00","00:00:00","00:00:00","8","0","8.33","0","1","2024-08-27 00:42:19","2024-08-27 00:42:19","","134","0","0","0");
INSERT INTO attlog VALUES ("3234","125","2024-07-18","12:00:00","20:00:00","00:00:00","00:00:00","8","0","8.33","0","1","2024-08-27 00:42:19","2024-08-27 00:42:19","","134","0","0","0");
INSERT INTO attlog VALUES ("3235","125","2024-07-19","12:00:00","20:00:00","00:00:00","00:00:00","8","0","8.33","0","0","2024-08-27 00:42:19","2024-08-27 00:42:19","","134","0","0","0");
INSERT INTO attlog VALUES ("3236","125","2024-07-20","12:00:00","20:00:00","00:00:00","00:00:00","8","0","8.33","0","1","2024-08-27 00:42:19","2024-08-27 00:42:19","","134","0","0","0");
INSERT INTO attlog VALUES ("3237","125","2024-07-21","12:00:00","20:00:00","00:00:00","00:00:00","8","0","8.33","0","1","2024-08-27 00:42:19","2024-08-27 00:42:19","","134","0","0","0");
INSERT INTO attlog VALUES ("3238","125","2024-07-22","12:00:00","20:00:00","00:00:00","00:00:00","8","0","8.33","0","1","2024-08-27 00:42:19","2024-08-27 00:42:19","","134","0","0","0");
INSERT INTO attlog VALUES ("3239","125","2024-07-23","12:00:00","20:00:00","00:00:00","00:00:00","8","0","8.33","0","1","2024-08-27 00:42:19","2024-08-27 00:42:19","","134","0","0","0");
INSERT INTO attlog VALUES ("3240","125","2024-07-24","12:00:00","20:00:00","00:00:00","00:00:00","8","0","8.33","0","1","2024-08-27 00:42:19","2024-08-27 00:42:19","","134","0","0","0");
INSERT INTO attlog VALUES ("3241","125","2024-07-25","12:00:00","20:00:00","00:00:00","00:00:00","8","0","8.33","0","1","2024-08-27 00:42:19","2024-08-27 00:42:19","","134","0","0","0");
INSERT INTO attlog VALUES ("3242","125","2024-07-26","12:00:00","20:00:00","00:00:00","00:00:00","8","0","8.33","0","0","2024-08-27 00:42:19","2024-08-27 00:42:19","","134","0","0","0");
INSERT INTO attlog VALUES ("3243","125","2024-07-27","12:00:00","20:00:00","00:00:00","00:00:00","8","0","8.33","0","1","2024-08-27 00:42:19","2024-08-27 00:42:19","","134","0","0","0");
INSERT INTO attlog VALUES ("3244","125","2024-07-28","12:00:00","20:00:00","00:00:00","00:00:00","8","0","8.33","0","1","2024-08-27 00:42:19","2024-08-27 00:42:19","","134","0","0","0");
INSERT INTO attlog VALUES ("3245","125","2024-07-29","12:00:00","20:00:00","00:00:00","00:00:00","8","0","8.33","0","1","2024-08-27 00:42:19","2024-08-27 00:42:19","","134","0","0","0");
INSERT INTO attlog VALUES ("3246","125","2024-07-30","12:00:00","20:00:00","00:00:00","00:00:00","8","0","8.33","0","1","2024-08-27 00:42:19","2024-08-27 00:42:19","","134","0","0","0");
INSERT INTO attlog VALUES ("3247","125","2024-07-31","12:00:00","20:00:00","00:00:00","00:00:00","8","0","8.33","0","1","2024-08-27 00:42:19","2024-08-27 00:42:19","","134","0","0","0");
INSERT INTO attlog VALUES ("3248","130","2024-07-01","16:00:00","02:00:00","00:00:00","23:42:20","10","5","6.67","33","2","2024-08-27 00:42:20","2024-08-27 00:42:20","","135","0","0","0");
INSERT INTO attlog VALUES ("3249","130","2024-07-02","16:00:00","02:00:00","00:00:00","23:42:20","10","5","6.67","33","2","2024-08-27 00:42:20","2024-08-27 00:42:20","","135","0","0","0");
INSERT INTO attlog VALUES ("3250","130","2024-07-03","16:00:00","02:00:00","00:00:00","23:42:20","10","5","6.67","33","2","2024-08-27 00:42:20","2024-08-27 00:42:20","","135","0","0","0");
INSERT INTO attlog VALUES ("3251","130","2024-07-04","16:00:00","02:00:00","00:00:00","23:42:20","10","5","6.67","33","2","2024-08-27 00:42:20","2024-08-27 00:42:20","","135","0","0","0");
INSERT INTO attlog VALUES ("3252","130","2024-07-05","16:00:00","02:00:00","00:00:00","23:42:20","10","5","6.67","33","2","2024-08-27 00:42:20","2024-08-27 00:42:20","","135","0","0","0");
INSERT INTO attlog VALUES ("3253","130","2024-07-06","16:00:00","02:00:00","00:00:00","23:42:20","10","5","6.67","33","2","2024-08-27 00:42:20","2024-08-27 00:42:20","","135","0","0","0");
INSERT INTO attlog VALUES ("3254","130","2024-07-07","16:00:00","02:00:00","00:00:00","23:42:20","10","5","6.67","33","2","2024-08-27 00:42:20","2024-08-27 00:42:20","","135","0","0","0");
INSERT INTO attlog VALUES ("3255","130","2024-07-08","16:00:00","02:00:00","00:00:00","23:42:20","10","5","6.67","33","2","2024-08-27 00:42:20","2024-08-27 00:42:20","","135","0","0","0");
INSERT INTO attlog VALUES ("3256","130","2024-07-09","16:00:00","02:00:00","00:00:00","23:42:20","10","5","6.67","33","2","2024-08-27 00:42:20","2024-08-27 00:42:20","","135","0","0","0");
INSERT INTO attlog VALUES ("3257","130","2024-07-10","16:00:00","02:00:00","00:00:00","23:42:20","10","5","6.67","33","2","2024-08-27 00:42:20","2024-08-27 00:42:20","","135","0","0","0");
INSERT INTO attlog VALUES ("3258","130","2024-07-11","16:00:00","02:00:00","00:00:00","23:42:20","10","5","6.67","33","2","2024-08-27 00:42:20","2024-08-27 00:42:20","","135","0","0","0");
INSERT INTO attlog VALUES ("3259","130","2024-07-12","16:00:00","02:00:00","00:00:00","23:42:20","10","5","6.67","33","2","2024-08-27 00:42:20","2024-08-27 00:42:20","","135","0","0","0");
INSERT INTO attlog VALUES ("3260","130","2024-07-13","16:00:00","02:00:00","00:00:00","23:42:20","10","5","6.67","33","2","2024-08-27 00:42:20","2024-08-27 00:42:20","","135","0","0","0");
INSERT INTO attlog VALUES ("3261","130","2024-07-14","16:00:00","02:00:00","00:00:00","23:42:20","10","5","6.67","33","2","2024-08-27 00:42:20","2024-08-27 00:42:20","","135","0","0","0");
INSERT INTO attlog VALUES ("3262","130","2024-07-15","16:00:00","02:00:00","00:00:00","23:42:20","10","5","6.67","33","2","2024-08-27 00:42:20","2024-08-27 00:42:20","","135","0","0","0");
INSERT INTO attlog VALUES ("3263","130","2024-07-16","16:00:00","02:00:00","00:00:00","23:42:20","10","5","6.67","33","2","2024-08-27 00:42:20","2024-08-27 00:42:20","","135","0","0","0");
INSERT INTO attlog VALUES ("3264","130","2024-07-17","16:00:00","02:00:00","00:00:00","23:42:20","10","5","6.67","33","2","2024-08-27 00:42:20","2024-08-27 00:42:20","","135","0","0","0");
INSERT INTO attlog VALUES ("3265","130","2024-07-18","16:00:00","02:00:00","00:00:00","23:42:20","10","5","6.67","33","2","2024-08-27 00:42:20","2024-08-27 00:42:20","","135","0","0","0");
INSERT INTO attlog VALUES ("3266","130","2024-07-19","16:00:00","02:00:00","00:00:00","23:42:20","10","5","6.67","33","2","2024-08-27 00:42:20","2024-08-27 00:42:20","","135","0","0","0");
INSERT INTO attlog VALUES ("3267","130","2024-07-20","16:00:00","02:00:00","00:00:00","23:42:20","10","5","6.67","33","2","2024-08-27 00:42:20","2024-08-27 00:42:20","","135","0","0","0");
INSERT INTO attlog VALUES ("3268","130","2024-07-21","16:00:00","02:00:00","00:00:00","23:42:20","10","5","6.67","33","2","2024-08-27 00:42:20","2024-08-27 00:42:20","","135","0","0","0");
INSERT INTO attlog VALUES ("3269","130","2024-07-22","16:00:00","02:00:00","00:00:00","23:42:20","10","5","6.67","33","2","2024-08-27 00:42:20","2024-08-27 00:42:20","","135","0","0","0");
INSERT INTO attlog VALUES ("3270","130","2024-07-23","16:00:00","02:00:00","00:00:00","23:42:20","10","5","6.67","33","2","2024-08-27 00:42:20","2024-08-27 00:42:20","","135","0","0","0");
INSERT INTO attlog VALUES ("3271","130","2024-07-24","16:00:00","02:00:00","00:00:00","23:42:20","10","5","6.67","33","2","2024-08-27 00:42:20","2024-08-27 00:42:20","","135","0","0","0");
INSERT INTO attlog VALUES ("3272","130","2024-07-25","16:00:00","02:00:00","00:00:00","23:42:20","10","5","6.67","33","2","2024-08-27 00:42:20","2024-08-27 00:42:20","","135","0","0","0");
INSERT INTO attlog VALUES ("3273","130","2024-07-26","16:00:00","02:00:00","00:00:00","23:42:20","10","5","6.67","33","2","2024-08-27 00:42:20","2024-08-27 00:42:20","","135","0","0","0");
INSERT INTO attlog VALUES ("3274","130","2024-07-27","16:00:00","02:00:00","00:00:00","23:42:20","10","5","6.67","33","2","2024-08-27 00:42:20","2024-08-27 00:42:20","","135","0","0","0");
INSERT INTO attlog VALUES ("3275","130","2024-07-28","16:00:00","02:00:00","00:00:00","23:42:20","10","5","6.67","33","2","2024-08-27 00:42:20","2024-08-27 00:42:20","","135","0","0","0");
INSERT INTO attlog VALUES ("3276","130","2024-07-29","16:00:00","02:00:00","00:00:00","23:42:20","10","5","6.67","33","2","2024-08-27 00:42:20","2024-08-27 00:42:20","","135","0","0","0");
INSERT INTO attlog VALUES ("3277","130","2024-07-30","16:00:00","02:00:00","00:00:00","04:34:00","10","5","6.67","33","2","2024-08-27 00:42:20","2024-08-27 00:42:20","","135","0","0","0");
INSERT INTO attlog VALUES ("3278","130","2024-07-31","16:00:00","02:00:00","00:00:00","02:00:00","10","5","6.67","33","2","2024-08-27 00:42:20","2024-08-27 00:42:20","","135","0","0","0");
INSERT INTO attlog VALUES ("3279","135","2024-07-01","13:00:00","22:00:00","12:21:00","22:18:00","9","9.95","11.11","110","2","2024-08-27 00:42:20","2024-08-27 00:42:20","","136","0","0","0");
INSERT INTO attlog VALUES ("3280","135","2024-07-02","13:00:00","22:00:00","12:27:00","22:00:00","9","9.55","11.11","106","2","2024-08-27 00:42:20","2024-08-27 00:42:20","","136","0","0","0");
INSERT INTO attlog VALUES ("3281","135","2024-07-03","13:00:00","22:00:00","12:24:00","23:02:00","9","10.63","11.11","118","2","2024-08-27 00:42:20","2024-08-27 00:42:20","","136","0","0","0");
INSERT INTO attlog VALUES ("3282","135","2024-07-04","13:00:00","22:00:00","12:25:00","22:00:00","9","9.58","11.11","106","2","2024-08-27 00:42:20","2024-08-27 00:42:20","","136","0","0","0");
INSERT INTO attlog VALUES ("3283","135","2024-07-05","13:00:00","22:00:00","00:00:00","00:00:00","9","0","11.11","0","0","2024-08-27 00:42:20","2024-08-27 00:42:20","","136","0","0","0");
INSERT INTO attlog VALUES ("3284","135","2024-07-06","13:00:00","22:00:00","12:26:00","22:11:00","9","9.75","11.11","108","2","2024-08-27 00:42:20","2024-08-27 00:42:20","","136","0","0","0");
INSERT INTO attlog VALUES ("3285","135","2024-07-07","13:00:00","22:00:00","12:27:00","23:58:00","9","11.52","11.11","127","2","2024-08-27 00:42:20","2024-08-27 00:42:20","","136","0","0","0");
INSERT INTO attlog VALUES ("3286","135","2024-07-08","13:00:00","22:00:00","12:28:00","22:11:00","9","9.72","11.11","107","2","2024-08-27 00:42:20","2024-08-27 00:42:20","","136","0","0","0");
INSERT INTO attlog VALUES ("3287","135","2024-07-09","13:00:00","22:00:00","12:32:00","22:52:00","9","10.33","11.11","114","2","2024-08-27 00:42:20","2024-08-27 00:42:20","","136","0","0","0");
INSERT INTO attlog VALUES ("3288","135","2024-07-10","13:00:00","22:00:00","12:30:00","22:15:00","9","9.75","11.11","108","2","2024-08-27 00:42:20","2024-08-27 00:42:20","","136","0","0","0");
INSERT INTO attlog VALUES ("3289","135","2024-07-11","13:00:00","22:00:00","12:30:00","22:15:00","9","9.75","11.11","108","2","2024-08-27 00:42:20","2024-08-27 00:42:20","","136","0","0","0");
INSERT INTO attlog VALUES ("3290","135","2024-07-12","13:00:00","22:00:00","00:00:00","00:00:00","9","0","11.11","0","0","2024-08-27 00:42:20","2024-08-27 00:42:20","","136","0","0","0");
INSERT INTO attlog VALUES ("3291","135","2024-07-13","13:00:00","22:00:00","12:36:00","22:11:00","9","9.58","11.11","106","2","2024-08-27 00:42:20","2024-08-27 00:42:20","","136","0","0","0");
INSERT INTO attlog VALUES ("3292","135","2024-07-14","13:00:00","22:00:00","12:34:00","22:17:00","9","9.72","11.11","107","2","2024-08-27 00:42:20","2024-08-27 00:42:20","","136","0","0","0");
INSERT INTO attlog VALUES ("3293","135","2024-07-15","13:00:00","22:00:00","13:57:00","22:17:00","9","8.33","11.11","92","2","2024-08-27 00:42:20","2024-08-27 00:42:20","","136","0","0","0");
INSERT INTO attlog VALUES ("3294","135","2024-07-16","13:00:00","22:00:00","12:26:00","22:14:00","9","9.8","11.11","108","2","2024-08-27 00:42:20","2024-08-27 00:42:20","","136","0","0","0");
INSERT INTO attlog VALUES ("3295","135","2024-07-17","13:00:00","22:00:00","12:46:00","22:15:00","9","9.48","11.11","105","2","2024-08-27 00:42:20","2024-08-27 00:42:20","","136","0","0","0");
INSERT INTO attlog VALUES ("3296","135","2024-07-18","13:00:00","22:00:00","12:30:00","22:13:00","9","9.72","11.11","107","2","2024-08-27 00:42:20","2024-08-27 00:42:20","","136","0","0","0");
INSERT INTO attlog VALUES ("3297","135","2024-07-19","13:00:00","22:00:00","00:00:00","00:00:00","9","0","11.11","0","0","2024-08-27 00:42:20","2024-08-27 00:42:20","","136","0","0","0");
INSERT INTO attlog VALUES ("3298","135","2024-07-20","13:00:00","22:00:00","12:37:00","21:58:00","9","9.35","11.11","103","2","2024-08-27 00:42:20","2024-08-27 00:42:20","","136","0","0","0");
INSERT INTO attlog VALUES ("3299","135","2024-07-21","13:00:00","22:00:00","12:34:00","22:15:00","9","9.68","11.11","107","2","2024-08-27 00:42:20","2024-08-27 00:42:20","","136","0","0","0");
INSERT INTO attlog VALUES ("3300","135","2024-07-22","13:00:00","22:00:00","12:30:00","22:00:00","9","9.5","11.11","105","2","2024-08-27 00:42:20","2024-08-27 00:42:20","","136","0","0","0");
INSERT INTO attlog VALUES ("3301","135","2024-07-23","13:00:00","22:00:00","12:25:00","22:00:00","9","9.58","11.11","106","2","2024-08-27 00:42:20","2024-08-27 00:42:20","","136","0","0","0");
INSERT INTO attlog VALUES ("3302","135","2024-07-24","13:00:00","22:00:00","12:37:00","22:17:00","9","9.67","11.11","107","2","2024-08-27 00:42:20","2024-08-27 00:42:20","","136","0","0","0");
INSERT INTO attlog VALUES ("3303","135","2024-07-25","13:00:00","22:00:00","12:27:00","22:07:00","9","9.67","11.11","107","2","2024-08-27 00:42:20","2024-08-27 00:42:20","","136","0","0","0");
INSERT INTO attlog VALUES ("3304","135","2024-07-26","13:00:00","22:00:00","00:00:00","00:00:00","9","0","11.11","0","0","2024-08-27 00:42:20","2024-08-27 00:42:20","","136","0","0","0");
INSERT INTO attlog VALUES ("3305","135","2024-07-27","13:00:00","22:00:00","12:21:00","22:16:00","9","9.92","11.11","110","2","2024-08-27 00:42:20","2024-08-27 00:42:20","","136","0","0","0");
INSERT INTO attlog VALUES ("3306","135","2024-07-28","13:00:00","22:00:00","12:20:00","22:19:00","9","9.98","11.11","110","2","2024-08-27 00:42:20","2024-08-27 00:42:20","","136","0","0","0");
INSERT INTO attlog VALUES ("3307","135","2024-07-29","13:00:00","22:00:00","12:31:00","22:16:00","9","9.75","11.11","108","2","2024-08-27 00:42:20","2024-08-27 00:42:20","","136","0","0","0");
INSERT INTO attlog VALUES ("3308","135","2024-07-30","13:00:00","22:00:00","12:30:00","22:19:00","9","9.82","11.11","109","2","2024-08-27 00:42:20","2024-08-27 00:42:20","","136","0","0","0");
INSERT INTO attlog VALUES ("3309","135","2024-07-31","13:00:00","22:00:00","00:00:00","00:00:00","9","0","11.11","0","1","2024-08-27 00:42:20","2024-08-27 00:42:20","","136","0","0","0");
INSERT INTO attlog VALUES ("3310","137","2024-07-01","12:00:00","19:00:00","00:00:00","00:00:00","7","0","47.62","0","1","2024-08-27 00:42:20","2024-08-27 00:42:20","","137","0","0","0");
INSERT INTO attlog VALUES ("3311","137","2024-07-02","12:00:00","19:00:00","00:00:00","00:00:00","7","0","47.62","0","1","2024-08-27 00:42:20","2024-08-27 00:42:20","","137","0","0","0");
INSERT INTO attlog VALUES ("3312","137","2024-07-03","12:00:00","19:00:00","00:00:00","00:00:00","7","0","47.62","0","1","2024-08-27 00:42:20","2024-08-27 00:42:20","","137","0","0","0");
INSERT INTO attlog VALUES ("3313","137","2024-07-04","12:00:00","19:00:00","00:00:00","00:00:00","7","0","47.62","0","1","2024-08-27 00:42:20","2024-08-27 00:42:20","","137","0","0","0");
INSERT INTO attlog VALUES ("3314","137","2024-07-05","12:00:00","19:00:00","00:00:00","00:00:00","7","0","47.62","0","0","2024-08-27 00:42:20","2024-08-27 00:42:20","","137","0","0","0");
INSERT INTO attlog VALUES ("3315","137","2024-07-06","12:00:00","19:00:00","00:00:00","00:00:00","7","0","47.62","0","1","2024-08-27 00:42:20","2024-08-27 00:42:20","","137","0","0","0");
INSERT INTO attlog VALUES ("3316","137","2024-07-07","12:00:00","19:00:00","00:00:00","00:00:00","7","0","47.62","0","1","2024-08-27 00:42:20","2024-08-27 00:42:20","","137","0","0","0");
INSERT INTO attlog VALUES ("3317","137","2024-07-08","12:00:00","19:00:00","00:00:00","00:00:00","7","0","47.62","0","1","2024-08-27 00:42:20","2024-08-27 00:42:20","","137","0","0","0");
INSERT INTO attlog VALUES ("3318","137","2024-07-09","12:00:00","19:00:00","00:00:00","00:00:00","7","0","47.62","0","1","2024-08-27 00:42:20","2024-08-27 00:42:20","","137","0","0","0");
INSERT INTO attlog VALUES ("3319","137","2024-07-10","12:00:00","19:00:00","00:00:00","00:00:00","7","0","47.62","0","1","2024-08-27 00:42:20","2024-08-27 00:42:20","","137","0","0","0");
INSERT INTO attlog VALUES ("3320","137","2024-07-11","12:00:00","19:00:00","00:00:00","00:00:00","7","0","47.62","0","1","2024-08-27 00:42:20","2024-08-27 00:42:20","","137","0","0","0");
INSERT INTO attlog VALUES ("3321","137","2024-07-12","12:00:00","19:00:00","00:00:00","00:00:00","7","0","47.62","0","0","2024-08-27 00:42:20","2024-08-27 00:42:20","","137","0","0","0");
INSERT INTO attlog VALUES ("3322","137","2024-07-13","12:00:00","19:00:00","00:00:00","00:00:00","7","0","47.62","0","1","2024-08-27 00:42:20","2024-08-27 00:42:20","","137","0","0","0");
INSERT INTO attlog VALUES ("3323","137","2024-07-14","12:00:00","19:00:00","00:00:00","00:00:00","7","0","47.62","0","1","2024-08-27 00:42:20","2024-08-27 00:42:20","","137","0","0","0");
INSERT INTO attlog VALUES ("3324","137","2024-07-15","12:00:00","19:00:00","00:00:00","00:00:00","7","0","47.62","0","1","2024-08-27 00:42:20","2024-08-27 00:42:20","","137","0","0","0");
INSERT INTO attlog VALUES ("3325","137","2024-07-16","12:00:00","19:00:00","00:00:00","00:00:00","7","0","47.62","0","1","2024-08-27 00:42:20","2024-08-27 00:42:20","","137","0","0","0");
INSERT INTO attlog VALUES ("3326","137","2024-07-17","12:00:00","19:00:00","00:00:00","00:00:00","7","0","47.62","0","1","2024-08-27 00:42:20","2024-08-27 00:42:20","","137","0","0","0");
INSERT INTO attlog VALUES ("3327","137","2024-07-18","12:00:00","19:00:00","00:00:00","00:00:00","7","0","47.62","0","1","2024-08-27 00:42:20","2024-08-27 00:42:20","","137","0","0","0");
INSERT INTO attlog VALUES ("3328","137","2024-07-19","12:00:00","19:00:00","00:00:00","00:00:00","7","0","47.62","0","0","2024-08-27 00:42:20","2024-08-27 00:42:20","","137","0","0","0");
INSERT INTO attlog VALUES ("3329","137","2024-07-20","12:00:00","19:00:00","00:00:00","00:00:00","7","0","47.62","0","1","2024-08-27 00:42:20","2024-08-27 00:42:20","","137","0","0","0");
INSERT INTO attlog VALUES ("3330","137","2024-07-21","12:00:00","19:00:00","00:00:00","00:00:00","7","0","47.62","0","1","2024-08-27 00:42:20","2024-08-27 00:42:20","","137","0","0","0");
INSERT INTO attlog VALUES ("3331","137","2024-07-22","12:00:00","19:00:00","00:00:00","00:00:00","7","0","47.62","0","1","2024-08-27 00:42:20","2024-08-27 00:42:20","","137","0","0","0");
INSERT INTO attlog VALUES ("3332","137","2024-07-23","12:00:00","19:00:00","00:00:00","00:00:00","7","0","47.62","0","1","2024-08-27 00:42:20","2024-08-27 00:42:20","","137","0","0","0");
INSERT INTO attlog VALUES ("3333","137","2024-07-24","12:00:00","19:00:00","00:00:00","00:00:00","7","0","47.62","0","1","2024-08-27 00:42:20","2024-08-27 00:42:20","","137","0","0","0");
INSERT INTO attlog VALUES ("3334","137","2024-07-25","12:00:00","19:00:00","00:00:00","00:00:00","7","0","47.62","0","1","2024-08-27 00:42:20","2024-08-27 00:42:20","","137","0","0","0");
INSERT INTO attlog VALUES ("3335","137","2024-07-26","12:00:00","19:00:00","00:00:00","00:00:00","7","0","47.62","0","0","2024-08-27 00:42:20","2024-08-27 00:42:20","","137","0","0","0");
INSERT INTO attlog VALUES ("3336","137","2024-07-27","12:00:00","19:00:00","00:00:00","00:00:00","7","0","47.62","0","1","2024-08-27 00:42:20","2024-08-27 00:42:20","","137","0","0","0");
INSERT INTO attlog VALUES ("3337","137","2024-07-28","12:00:00","19:00:00","00:00:00","00:00:00","7","0","47.62","0","1","2024-08-27 00:42:20","2024-08-27 00:42:20","","137","0","0","0");
INSERT INTO attlog VALUES ("3338","137","2024-07-29","12:00:00","19:00:00","00:00:00","00:00:00","7","0","47.62","0","1","2024-08-27 00:42:20","2024-08-27 00:42:20","","137","0","0","0");
INSERT INTO attlog VALUES ("3339","137","2024-07-30","12:00:00","19:00:00","00:00:00","00:00:00","7","0","47.62","0","1","2024-08-27 00:42:20","2024-08-27 00:42:20","","137","0","0","0");
INSERT INTO attlog VALUES ("3340","137","2024-07-31","12:00:00","19:00:00","00:00:00","00:00:00","7","0","47.62","0","1","2024-08-27 00:42:20","2024-08-27 00:42:20","","137","0","0","0");



DROP TABLE barcodes;

CREATE TABLE `barcodes` (
  `id` int(11) NOT NULL,
  `item_id` int(11) NOT NULL,
  `barcode` varchar(25) NOT NULL,
  `isdeleted` tinyint(1) DEFAULT 0,
  `tenant` int(11) DEFAULT 0,
  `branch` int(11) DEFAULT 0,
  PRIMARY KEY (`id`),
  UNIQUE KEY `barcode` (`barcode`)
) ENGINE=InnoDB DEFAULT CHARSET=utf8mb4 COLLATE=utf8mb4_general_ci;




DROP TABLE calls;

CREATE TABLE `calls` (
  `id` int(11) NOT NULL AUTO_INCREMENT,
  `subject` varchar(100) NOT NULL,
  `call_type` int(1) NOT NULL DEFAULT 1,
  `call_date` date NOT NULL DEFAULT current_timestamp(),
  `call_time` time NOT NULL DEFAULT current_timestamp(),
  `duration` varchar(100) DEFAULT NULL,
  `client_id` int(11) NOT NULL DEFAULT 1,
  `emp_comment` varchar(250) DEFAULT NULL,
  `content` text DEFAULT NULL,
  `next_date` date NOT NULL DEFAULT current_timestamp(),
  `next_time` time NOT NULL DEFAULT current_timestamp(),
  `mod_comment` varchar(250) DEFAULT NULL,
  `mod_rate` int(1) NOT NULL DEFAULT 5,
  `user_id` int(11) NOT NULL DEFAULT 1,
  `crtime` timestamp NOT NULL DEFAULT current_timestamp(),
  `mdtime` timestamp NOT NULL DEFAULT current_timestamp() ON UPDATE current_timestamp(),
  `isdeleted` tinyint(1) DEFAULT 0,
  `tenant` int(11) DEFAULT 0,
  `branch` int(11) DEFAULT 0,
  PRIMARY KEY (`id`)
) ENGINE=InnoDB DEFAULT CHARSET=utf8mb4 COLLATE=utf8mb4_general_ci;




DROP TABLE cases;

CREATE TABLE `cases` (
  `id` int(1) NOT NULL AUTO_INCREMENT,
  `cname` varchar(50) NOT NULL,
  `info` varchar(100) DEFAULT NULL,
  `crtime` timestamp NOT NULL DEFAULT current_timestamp(),
  `isdeleted` tinyint(1) DEFAULT 0,
  `tenant` int(11) DEFAULT 0,
  `branch` int(11) DEFAULT 0,
  PRIMARY KEY (`id`)
) ENGINE=InnoDB DEFAULT CHARSET=utf8mb4 COLLATE=utf8mb4_general_ci;




DROP TABLE chances;

CREATE TABLE `chances` (
  `id` int(1) NOT NULL AUTO_INCREMENT,
  `client` varchar(50) DEFAULT NULL,
  `cname` varchar(50) NOT NULL,
  `phone` varchar(20) DEFAULT NULL,
  `cdate` date DEFAULT NULL,
  `important` int(1) DEFAULT NULL,
  `expected` double NOT NULL DEFAULT 0,
  `tybe` int(1) NOT NULL DEFAULT 1,
  `crtime` timestamp NOT NULL DEFAULT current_timestamp(),
  `mdtime` timestamp NOT NULL DEFAULT current_timestamp() ON UPDATE current_timestamp(),
  `isdeleted` tinyint(1) DEFAULT 0,
  `tenant` int(11) DEFAULT 0,
  `branch` int(11) DEFAULT 0,
  PRIMARY KEY (`id`)
) ENGINE=InnoDB DEFAULT CHARSET=utf8mb4 COLLATE=utf8mb4_general_ci;




DROP TABLE chances_tybes;

CREATE TABLE `chances_tybes` (
  `id` int(1) NOT NULL AUTO_INCREMENT,
  `cname` varchar(50) NOT NULL,
  `info` varchar(50) DEFAULT NULL,
  `crtime` timestamp NOT NULL DEFAULT current_timestamp() ON UPDATE current_timestamp(),
  `isdeleted` tinyint(1) DEFAULT 0,
  `tenant` int(11) DEFAULT 0,
  `branch` int(11) DEFAULT 0,
  PRIMARY KEY (`id`),
  UNIQUE KEY `cname` (`cname`)
) ENGINE=InnoDB AUTO_INCREMENT=6 DEFAULT CHARSET=utf8mb4 COLLATE=utf8mb4_general_ci;

INSERT INTO chances_tybes VALUES ("1","جديد","","2023-11-28 03:20:13","0","0","0");
INSERT INTO chances_tybes VALUES ("2","تم الاتفاق","","2023-11-28 03:27:21","0","0","0");
INSERT INTO chances_tybes VALUES ("3","دفع عربون","","2023-11-28 03:27:21","0","0","0");
INSERT INTO chances_tybes VALUES ("4","صفقه تامه","","2023-11-28 03:27:42","0","0","0");



DROP TABLE cities;

CREATE TABLE `cities` (
  `id` int(1) NOT NULL AUTO_INCREMENT,
  `cname` varchar(150) NOT NULL,
  `info` varchar(150) DEFAULT NULL,
  `crtime` timestamp NOT NULL DEFAULT current_timestamp(),
  `mdtime` timestamp NOT NULL DEFAULT current_timestamp() ON UPDATE current_timestamp(),
  `user` int(1) NOT NULL DEFAULT 1,
  `isdeleted` tinyint(1) DEFAULT 0,
  `tenant` int(11) DEFAULT 0,
  `branch` int(11) DEFAULT 0,
  PRIMARY KEY (`id`),
  UNIQUE KEY `cname` (`cname`)
) ENGINE=InnoDB DEFAULT CHARSET=utf8mb4 COLLATE=utf8mb4_general_ci;




DROP TABLE clients;

CREATE TABLE `clients` (
  `id` int(1) NOT NULL AUTO_INCREMENT,
  `name` varchar(100) NOT NULL,
  `phone` varchar(20) DEFAULT NULL,
  `phone2` varchar(150) DEFAULT NULL,
  `address` varchar(250) DEFAULT NULL,
  `address2` varchar(150) DEFAULT NULL,
  `address3` varchar(150) DEFAULT NULL,
  `city` int(11) DEFAULT NULL,
  `height` double DEFAULT NULL,
  `weight` double DEFAULT NULL,
  `dateofbirth` date DEFAULT NULL,
  `ref` varchar(20) DEFAULT NULL,
  `diseses` varchar(200) DEFAULT NULL,
  `info` varchar(200) DEFAULT NULL,
  `crtime` timestamp NOT NULL DEFAULT current_timestamp(),
  `mdtime` timestamp NOT NULL DEFAULT current_timestamp() ON UPDATE current_timestamp(),
  `imgs` varchar(250) DEFAULT NULL,
  `jop` varchar(50) DEFAULT NULL,
  `gender` int(1) DEFAULT NULL,
  `drugs` varchar(250) DEFAULT NULL,
  `seriousdes` varchar(250) DEFAULT NULL,
  `familydes` varchar(250) DEFAULT NULL,
  `allergy` varchar(250) DEFAULT NULL,
  `temp` varchar(9) DEFAULT NULL,
  `pressure` varchar(9) DEFAULT NULL,
  `diabetes` varchar(9) DEFAULT NULL,
  `brate` varchar(9) DEFAULT NULL,
  `isdeleted` tinyint(1) DEFAULT 0,
  `tenant` int(11) DEFAULT 0,
  `branch` int(11) DEFAULT 0,
  PRIMARY KEY (`id`),
  UNIQUE KEY `name` (`name`)
) ENGINE=InnoDB AUTO_INCREMENT=8 DEFAULT CHARSET=utf8mb4 COLLATE=utf8mb4_general_ci;




DROP TABLE cost_centers;

CREATE TABLE `cost_centers` (
  `id` int(11) NOT NULL AUTO_INCREMENT,
  `cname` varchar(100) NOT NULL,
  `info` varchar(200) DEFAULT NULL,
  `crtime` timestamp NOT NULL DEFAULT current_timestamp() ON UPDATE current_timestamp(),
  `mdtime` timestamp NOT NULL DEFAULT current_timestamp() ON UPDATE current_timestamp(),
  `isdeleted` tinyint(1) DEFAULT 0,
  `tenant` int(11) DEFAULT 0,
  `branch` int(11) DEFAULT 0,
  PRIMARY KEY (`id`),
  UNIQUE KEY `cname` (`cname`)
) ENGINE=InnoDB AUTO_INCREMENT=2 DEFAULT CHARSET=utf8mb4 COLLATE=utf8mb4_general_ci;

INSERT INTO cost_centers VALUES ("1","المركز الافتراضي","","2024-01-19 03:17:02","2024-01-19 03:17:02","0","0","0");



DROP TABLE criminals;

CREATE TABLE `criminals` (
  `id` int(11) NOT NULL AUTO_INCREMENT,
  `cname` varchar(200) NOT NULL,
  `nickname` varchar(200) NOT NULL,
  `dateofbirth` date DEFAULT NULL,
  `jop` varchar(200) NOT NULL,
  `station` varchar(111) DEFAULT NULL,
  `mname` varchar(200) NOT NULL,
  `crmaddress` varchar(200) NOT NULL,
  `idcardnum` varchar(200) NOT NULL,
  `scar` int(11) NOT NULL,
  `otherdetails` varchar(200) NOT NULL,
  `prtnrs` varchar(200) NOT NULL,
  `crmstyle` int(11) DEFAULT NULL,
  `dngrs` int(11) DEFAULT NULL,
  `fesh` int(11) DEFAULT NULL,
  `karta` int(11) DEFAULT NULL,
  `entry` int(11) DEFAULT NULL,
  `crtime` timestamp NOT NULL DEFAULT current_timestamp(),
  `mdtime` timestamp NULL DEFAULT current_timestamp(),
  `isdeleted` tinyint(1) DEFAULT 0,
  `tenant` int(11) DEFAULT 0,
  `branch` int(11) DEFAULT 0,
  PRIMARY KEY (`id`)
) ENGINE=InnoDB DEFAULT CHARSET=utf8mb4 COLLATE=utf8mb4_general_ci;




DROP TABLE crm_style;

CREATE TABLE `crm_style` (
  `id` int(11) NOT NULL,
  `cname` varchar(200) NOT NULL,
  `info` varchar(200) DEFAULT NULL,
  `crtime` timestamp NOT NULL DEFAULT current_timestamp(),
  `mdtime` timestamp NULL DEFAULT current_timestamp(),
  `isdeleted` tinyint(1) DEFAULT 0,
  `tenant` int(11) DEFAULT 0,
  `branch` int(11) DEFAULT 0
) ENGINE=InnoDB DEFAULT CHARSET=utf8mb4 COLLATE=utf8mb4_general_ci;




DROP TABLE ctp;

CREATE TABLE `ctp` (
  `id` int(1) NOT NULL AUTO_INCREMENT,
  `cname` varchar(50) NOT NULL,
  `type` varchar(100) DEFAULT NULL,
  `number` varchar(100) DEFAULT NULL,
  `info` varchar(100) DEFAULT NULL,
  `crtime` timestamp NOT NULL DEFAULT current_timestamp(),
  `isdeleted` tinyint(1) DEFAULT 0,
  `tenant` int(11) DEFAULT 0,
  `branch` int(11) DEFAULT 0,
  PRIMARY KEY (`id`)
) ENGINE=InnoDB DEFAULT CHARSET=utf8mb4 COLLATE=utf8mb4_general_ci;




DROP TABLE cvs;

CREATE TABLE `cvs` (
  `id` int(1) NOT NULL AUTO_INCREMENT,
  `userid` int(1) NOT NULL,
  `crtime` timestamp NOT NULL DEFAULT current_timestamp(),
  `mdtime` timestamp NOT NULL DEFAULT current_timestamp() ON UPDATE current_timestamp(),
  `name` varchar(50) NOT NULL,
  `degree` varchar(50) DEFAULT NULL,
  `address` varchar(100) DEFAULT NULL,
  `birthdate` date DEFAULT NULL,
  `phone` varchar(20) DEFAULT NULL,
  `email` varchar(50) NOT NULL,
  `skills` text DEFAULT NULL,
  `exp1` varchar(250) DEFAULT NULL,
  `exp2` varchar(250) DEFAULT NULL,
  `exp3` varchar(250) DEFAULT NULL,
  `lastsalary` varchar(50) NOT NULL,
  `expsalary` varchar(50) NOT NULL DEFAULT '0',
  `referances` text DEFAULT NULL,
  `isdeleted` tinyint(1) DEFAULT 0,
  `tenant` int(11) DEFAULT 0,
  `branch` int(11) DEFAULT 0,
  PRIMARY KEY (`id`,`email`),
  UNIQUE KEY `email` (`email`)
) ENGINE=InnoDB DEFAULT CHARSET=utf8mb4 COLLATE=utf8mb4_general_ci;




DROP TABLE departments;

CREATE TABLE `departments` (
  `id` int(1) NOT NULL AUTO_INCREMENT,
  `name` varchar(50) NOT NULL,
  `info` varchar(250) DEFAULT NULL,
  `crtime` timestamp NOT NULL DEFAULT current_timestamp() ON UPDATE current_timestamp(),
  `isdeleted` tinyint(1) DEFAULT 0,
  `tenant` int(11) DEFAULT 0,
  `branch` int(11) DEFAULT 0,
  PRIMARY KEY (`id`)
) ENGINE=InnoDB AUTO_INCREMENT=8 DEFAULT CHARSET=utf8mb4 COLLATE=utf8mb4_general_ci;

INSERT INTO departments VALUES ("5","عام","","2024-07-19 02:08:07","","0","0");
INSERT INTO departments VALUES ("6","الدعم الفني","","2024-07-31 02:29:04","0","0","0");
INSERT INTO departments VALUES ("7","المبيعات","","2024-07-31 02:29:15","0","0","0");



DROP TABLE drugs;

CREATE TABLE `drugs` (
  `id` int(11) NOT NULL AUTO_INCREMENT,
  `name` varchar(40) NOT NULL,
  `purpose` varchar(200) DEFAULT NULL,
  `effectivematerial` varchar(200) DEFAULT NULL,
  `sideeffects` text DEFAULT NULL,
  `info` varchar(250) DEFAULT NULL,
  `crtime` timestamp NOT NULL DEFAULT current_timestamp(),
  `mdtime` timestamp NOT NULL DEFAULT current_timestamp() ON UPDATE current_timestamp(),
  `user` int(11) NOT NULL DEFAULT 1,
  `isdeleted` tinyint(1) DEFAULT 0,
  `tenant` int(11) DEFAULT 0,
  `branch` int(11) DEFAULT 0,
  PRIMARY KEY (`id`)
) ENGINE=InnoDB AUTO_INCREMENT=2 DEFAULT CHARSET=utf8mb4 COLLATE=utf8mb4_general_ci;




DROP TABLE emp_allowences;

CREATE TABLE `emp_allowences` (
  `id` int(11) NOT NULL AUTO_INCREMENT,
  `empid` int(1) NOT NULL,
  `allowid` int(1) NOT NULL,
  `value` double NOT NULL,
  `info` int(1) DEFAULT NULL,
  `crtime` timestamp NOT NULL DEFAULT current_timestamp(),
  `mdtime` timestamp NOT NULL DEFAULT current_timestamp() ON UPDATE current_timestamp(),
  `isdeleted` tinyint(1) DEFAULT 0,
  `tenant` int(11) DEFAULT 0,
  `branch` int(11) DEFAULT 0,
  PRIMARY KEY (`id`)
) ENGINE=InnoDB DEFAULT CHARSET=utf8mb4 COLLATE=utf8mb4_general_ci;




DROP TABLE emp_kbis;

CREATE TABLE `emp_kbis` (
  `id` int(11) NOT NULL AUTO_INCREMENT,
  `emp_id` int(1) NOT NULL,
  `kbi_id` int(1) DEFAULT NULL,
  `kbi_weight` decimal(10,2) DEFAULT NULL,
  `kbi_rate` decimal(10,2) DEFAULT NULL,
  `kbi_sum` decimal(10,2) DEFAULT NULL,
  `user` int(11) DEFAULT 1,
  `crtime` datetime DEFAULT current_timestamp(),
  `mdtime` datetime DEFAULT current_timestamp() ON UPDATE current_timestamp(),
  `isdeleted` int(1) DEFAULT 0,
  `tenant` int(1) DEFAULT 0,
  `branch` int(1) DEFAULT 0,
  PRIMARY KEY (`id`)
) ENGINE=InnoDB AUTO_INCREMENT=79 DEFAULT CHARSET=utf8mb4 COLLATE=utf8mb4_general_ci;

INSERT INTO emp_kbis VALUES ("1","135","5","25.00","90.00","22.50","1","2024-08-06 06:16:51","2024-08-08 17:58:36","0","0","0");
INSERT INTO emp_kbis VALUES ("2","135","3","25.00","100.00","25.00","1","2024-08-06 06:16:51","2024-08-08 17:58:36","0","0","0");
INSERT INTO emp_kbis VALUES ("3","135","9","25.00","90.00","22.50","1","2024-08-06 06:16:51","2024-08-08 18:04:45","0","0","0");
INSERT INTO emp_kbis VALUES ("4","135","13","25.00","80.00","20.00","1","2024-08-06 06:16:51","2024-08-08 17:58:36","0","0","0");
INSERT INTO emp_kbis VALUES ("5","130","3","10.00","100.00","10.00","1","2024-08-06 06:37:28","2024-08-08 18:03:57","0","0","0");
INSERT INTO emp_kbis VALUES ("6","130","6","10.00","70.00","5.00","1","2024-08-06 06:37:28","2024-08-27 00:44:36","0","0","0");
INSERT INTO emp_kbis VALUES ("7","130","7","10.00","60.00","6.00","1","2024-08-06 06:37:28","2024-08-27 00:44:36","0","0","0");
INSERT INTO emp_kbis VALUES ("8","130","8","10.00","50.00","5.00","1","2024-08-06 06:37:28","2024-08-08 04:02:28","0","0","0");
INSERT INTO emp_kbis VALUES ("9","130","10","10.00","100.00","10.00","1","2024-08-06 06:37:28","2024-08-08 04:02:28","0","0","0");
INSERT INTO emp_kbis VALUES ("10","130","12","10.00","100.00","10.00","1","2024-08-06 06:37:28","2024-08-08 03:30:43","0","0","0");
INSERT INTO emp_kbis VALUES ("11","130","13","10.00","80.00","8.00","1","2024-08-06 06:37:28","2024-08-08 18:03:57","0","0","0");
INSERT INTO emp_kbis VALUES ("12","130","14","10.00","100.00","10.00","1","2024-08-06 06:37:28","2024-08-08 18:00:30","0","0","0");
INSERT INTO emp_kbis VALUES ("13","130","15","10.00","80.00","8.00","1","2024-08-06 06:37:28","2024-08-08 18:00:30","0","0","0");
INSERT INTO emp_kbis VALUES ("14","130","16","10.00","70.00","7.00","1","2024-08-06 06:37:28","2024-08-08 04:02:28","0","0","0");
INSERT INTO emp_kbis VALUES ("15","121","2","10.00","90.00","9.00","1","2024-08-06 06:47:08","2024-08-08 18:00:30","0","0","0");
INSERT INTO emp_kbis VALUES ("16","121","3","10.00","70.00","7.00","1","2024-08-06 06:47:08","2024-08-08 18:00:30","0","0","0");
INSERT INTO emp_kbis VALUES ("17","121","5","25.00","90.00","22.50","1","2024-08-06 06:47:08","2024-08-08 17:58:36","0","0","0");
INSERT INTO emp_kbis VALUES ("18","121","13","25.00","80.00","20.00","1","2024-08-06 06:47:08","2024-08-08 17:58:36","0","0","0");
INSERT INTO emp_kbis VALUES ("19","121","9","25.00","90.00","22.50","1","2024-08-06 06:47:08","2024-08-08 17:58:36","0","0","0");
INSERT INTO emp_kbis VALUES ("20","121","7","10.00","50.00","5.00","1","2024-08-06 06:47:08","2024-08-08 04:02:28","0","0","0");
INSERT INTO emp_kbis VALUES ("39","125","1","20.00","100.00","20.00","1","2024-08-06 16:26:57","2024-08-08 03:58:52","0","0","0");
INSERT INTO emp_kbis VALUES ("40","125","7","20.00","50.00","10.00","1","2024-08-06 16:26:57","2024-08-11 22:24:43","0","0","0");
INSERT INTO emp_kbis VALUES ("41","125","10","20.00","100.00","20.00","1","2024-08-06 16:26:57","2024-08-11 22:24:43","0","0","0");
INSERT INTO emp_kbis VALUES ("42","125","13","20.00","80.00","16.00","1","2024-08-06 16:26:57","2024-08-11 22:24:43","0","0","0");
INSERT INTO emp_kbis VALUES ("43","125","14","20.00","70.00","14.00","1","2024-08-06 16:26:58","2024-08-11 22:24:43","0","0","0");
INSERT INTO emp_kbis VALUES ("44","124","1","20.00","100.00","20.00","1","2024-08-06 16:27:07","2024-08-08 03:58:52","0","0","0");
INSERT INTO emp_kbis VALUES ("45","124","7","10.00","50.00","5.00","1","2024-08-06 16:27:07","2024-08-08 04:02:28","0","0","0");
INSERT INTO emp_kbis VALUES ("46","124","10","10.00","100.00","10.00","1","2024-08-06 16:27:07","2024-08-08 04:02:28","0","0","0");
INSERT INTO emp_kbis VALUES ("47","124","13","25.00","80.00","20.00","1","2024-08-06 16:27:07","2024-08-08 17:58:36","0","0","0");
INSERT INTO emp_kbis VALUES ("48","124","14","10.00","70.00","7.00","1","2024-08-06 16:27:07","2024-08-08 04:02:28","0","0","0");
INSERT INTO emp_kbis VALUES ("49","136","1","33.00","100.00","33.00","1","2024-08-06 22:05:15","2024-08-08 18:03:31","0","0","0");
INSERT INTO emp_kbis VALUES ("50","136","2","33.00","90.00","29.70","1","2024-08-06 22:05:15","2024-08-08 18:03:31","0","0","0");
INSERT INTO emp_kbis VALUES ("51","136","1","33.00","100.00","33.00","1","2024-08-06 22:05:15","2024-08-08 18:03:31","0","0","0");
INSERT INTO emp_kbis VALUES ("52","120","13","15.00","80.00","12.00","1","2024-08-07 19:45:43","2024-08-11 17:23:37","0","0","0");
INSERT INTO emp_kbis VALUES ("53","120","12","15.00","100.00","15.00","1","2024-08-07 19:45:43","2024-08-10 16:41:34","0","0","0");
INSERT INTO emp_kbis VALUES ("54","120","11","10.00","80.00","8.00","1","2024-08-07 19:45:43","2024-08-11 17:23:37","0","0","0");
INSERT INTO emp_kbis VALUES ("55","120","9","5.00","90.00","4.50","1","2024-08-07 19:45:43","2024-08-11 17:23:37","0","0","0");
INSERT INTO emp_kbis VALUES ("56","120","6","5.00","50.00","2.50","1","2024-08-07 19:45:43","2024-08-11 17:23:37","0","0","0");
INSERT INTO emp_kbis VALUES ("57","120","5","10.00","100.00","10.00","1","2024-08-07 19:45:43","2024-08-11 17:23:37","0","0","0");
INSERT INTO emp_kbis VALUES ("58","120","3","15.00","100.00","15.00","1","2024-08-07 19:45:43","2024-08-11 17:23:37","0","0","0");
INSERT INTO emp_kbis VALUES ("59","120","2","10.00","90.00","9.00","1","2024-08-07 19:45:43","2024-08-10 16:41:34","0","0","0");
INSERT INTO emp_kbis VALUES ("60","120","1","15.00","100.00","15.00","1","2024-08-07 19:45:43","2024-08-11 17:23:37","0","0","0");
INSERT INTO emp_kbis VALUES ("61","119","13","15.00","80.00","12.00","1","2024-08-07 19:51:13","2024-08-11 17:19:58","0","0","0");
INSERT INTO emp_kbis VALUES ("62","119","12","15.00","90.00","13.50","1","2024-08-07 19:51:13","2024-08-11 17:19:58","0","0","0");
INSERT INTO emp_kbis VALUES ("63","119","11","15.00","100.00","15.00","1","2024-08-07 19:51:13","2024-08-11 17:19:58","0","0","0");
INSERT INTO emp_kbis VALUES ("64","119","9","5.00","90.00","4.50","1","2024-08-07 19:51:13","2024-08-11 17:19:58","0","0","0");
INSERT INTO emp_kbis VALUES ("65","119","6","5.00","50.00","2.50","1","2024-08-07 19:51:13","2024-08-11 17:19:58","0","0","0");
INSERT INTO emp_kbis VALUES ("66","119","5","10.00","90.00","9.00","1","2024-08-07 19:51:13","2024-08-11 17:19:58","0","0","0");
INSERT INTO emp_kbis VALUES ("67","119","3","10.00","50.00","5.00","1","2024-08-07 19:51:13","2024-08-11 17:19:58","0","0","0");
INSERT INTO emp_kbis VALUES ("68","119","2","10.00","100.00","10.00","1","2024-08-07 19:51:13","2024-08-11 17:19:58","0","0","0");
INSERT INTO emp_kbis VALUES ("69","119","1","15.00","100.00","15.00","1","2024-08-07 19:51:13","2024-08-11 17:19:58","0","0","0");
INSERT INTO emp_kbis VALUES ("70","137","3","25.00","100.00","25.00","1","2024-08-07 21:07:28","2024-08-08 17:58:36","0","0","0");
INSERT INTO emp_kbis VALUES ("71","137","6","10.00","50.00","5.00","1","2024-08-07 21:07:28","2024-08-08 17:57:44","0","0","0");
INSERT INTO emp_kbis VALUES ("72","137","7","10.00","50.00","5.00","1","2024-08-07 21:07:28","2024-08-08 04:02:28","0","0","0");
INSERT INTO emp_kbis VALUES ("73","137","8","10.00","50.00","5.00","1","2024-08-07 21:07:28","2024-08-08 04:02:28","0","0","0");
INSERT INTO emp_kbis VALUES ("74","137","10","10.00","100.00","10.00","1","2024-08-07 21:07:28","2024-08-08 04:02:28","0","0","0");
INSERT INTO emp_kbis VALUES ("75","137","12","10.00","100.00","10.00","1","2024-08-07 21:07:28","2024-08-08 03:30:43","0","0","0");
INSERT INTO emp_kbis VALUES ("76","137","14","10.00","70.00","7.00","1","2024-08-07 21:07:28","2024-08-08 04:02:28","0","0","0");
INSERT INTO emp_kbis VALUES ("77","137","15","10.00","90.00","9.00","1","2024-08-07 21:07:28","2024-08-08 17:57:44","0","0","0");
INSERT INTO emp_kbis VALUES ("78","137","16","10.00","70.00","7.00","1","2024-08-07 21:07:28","2024-08-08 04:02:28","0","0","0");



DROP TABLE emplog;

CREATE TABLE `emplog` (
  `id` int(1) NOT NULL AUTO_INCREMENT,
  `employee` int(1) NOT NULL,
  `date` date NOT NULL,
  `chkin` time DEFAULT NULL,
  `chkout` time DEFAULT NULL,
  `addin` time DEFAULT NULL,
  `addout` time DEFAULT NULL,
  `latecost` double DEFAULT NULL,
  `earlcost` double DEFAULT NULL,
  `absent` int(11) DEFAULT NULL,
  `holiday` int(11) DEFAULT NULL,
  `deducation` double DEFAULT NULL,
  `additional` double DEFAULT NULL,
  `user` int(11) NOT NULL,
  `crtime` timestamp NOT NULL DEFAULT current_timestamp(),
  `mdtime` timestamp NOT NULL DEFAULT current_timestamp() ON UPDATE current_timestamp(),
  `isdeleted` tinyint(1) DEFAULT 0,
  `tenant` int(11) DEFAULT 0,
  `branch` int(11) DEFAULT 0,
  PRIMARY KEY (`id`)
) ENGINE=InnoDB DEFAULT CHARSET=utf8mb4 COLLATE=utf8mb4_general_ci;




DROP TABLE employees;

CREATE TABLE `employees` (
  `id` int(11) NOT NULL AUTO_INCREMENT,
  `basma_id` int(11) DEFAULT NULL,
  `basma_name` varchar(50) DEFAULT NULL,
  `name` varchar(100) NOT NULL,
  `info` varchar(250) DEFAULT NULL,
  `crtime` timestamp NOT NULL DEFAULT current_timestamp(),
  `imgs` varchar(250) DEFAULT NULL,
  `email` varchar(50) DEFAULT NULL,
  `number` varchar(13) DEFAULT NULL,
  `active` int(1) NOT NULL DEFAULT 1,
  `dateofbirth` date DEFAULT NULL,
  `gender` varchar(10) DEFAULT NULL,
  `country` int(1) DEFAULT NULL,
  `address` varchar(250) DEFAULT NULL,
  `address2` varchar(250) DEFAULT NULL,
  `town` int(1) DEFAULT NULL,
  `jop` int(1) DEFAULT NULL,
  `department` int(1) DEFAULT NULL,
  `joptybe` int(1) DEFAULT NULL,
  `joplevel` int(1) DEFAULT NULL,
  `dateofhire` date DEFAULT NULL,
  `dateofend` date DEFAULT NULL,
  `shift` int(1) DEFAULT NULL,
  `vacancy` int(1) DEFAULT NULL,
  `holiday` int(1) DEFAULT NULL,
  `salary` decimal(11,2) DEFAULT NULL,
  `password` varchar(250) DEFAULT NULL,
  `education` varchar(100) DEFAULT NULL,
  `skills` varchar(200) DEFAULT NULL,
  `hour_extra` decimal(10,2) NOT NULL DEFAULT 0.00,
  `day_extra` decimal(10,2) NOT NULL DEFAULT 0.00,
  `ent_tybe` int(11) NOT NULL DEFAULT 1,
  `isdeleted` tinyint(1) DEFAULT 0,
  `tenant` int(11) DEFAULT 0,
  `branch` int(11) DEFAULT 0,
  PRIMARY KEY (`id`)
) ENGINE=InnoDB AUTO_INCREMENT=138 DEFAULT CHARSET=utf8mb4 COLLATE=utf8mb4_general_ci;

INSERT INTO employees VALUES ("118","1","hadi","عبدالهادي العدوي المنير","","2023-11-07 18:41:48","expenses-126086.jpg","abdelhadeeladawy@gmail.com","01005366038","0","1988-12-08","0","","","","1","4","5","1","0","2019-11-07","2030-12-08","15","","","5000.00","0100","","","0.00","0.00","0","1","0","0");
INSERT INTO employees VALUES ("119","2","mostafa","مصطفي حماده","","2024-01-16 13:01:46","","","01557931232","0","2002-04-13","0","","سمنود","","1","2","5","3","0","2023-01-01","0000-00-00","15","","","3500.00","0100","","","0.00","0.00","4","0","0","0");
INSERT INTO employees VALUES ("120","3","mahmoud","محمود الرمادي","","2024-01-16 13:05:05","","","01288615890","0","1998-06-09","0","","","المحلة ","2","2","5","3","0","2023-07-01","0000-00-00","15","","","2000.00","0100","","","0.00","0.00","3","0","0","0");
INSERT INTO employees VALUES ("121","4","donia","دنيا سامى","","2024-01-16 13:11:15","","","01229516374","0","1994-07-24","1","","","سمنود","1","6","5","3","0","2023-11-25","0000-00-00","12","","","2500.00","0100","","","1.50","0.00","2","0","0","0");
INSERT INTO employees VALUES ("122","5","maiada","ميادة الشرقاوي","","2024-01-16 13:18:42","","","01021578506","0","1999-03-15","1","","منيا سمنود","","3","4","5","1","0","2024-01-01","2030-03-31","15","","","2000.00","0100","","","0.00","0.00","0","1","0","0");
INSERT INTO employees VALUES ("123","6","mohamed","محمد العريان","","2024-01-16 13:23:03","","","01270924094","0","1995-07-23","0","","سمنود","","1","4","5","1","0","0000-00-00","0000-00-00","15","","","2000.00","0100","","","0.00","0.00","0","1","0","0");
INSERT INTO employees VALUES ("124","7","abd elrahman","عبد الرحمن الخزرجى شريف","","2024-01-16 13:32:02","","","01095132871","0","2000-08-19","0","","","اجا","4","7","5","3","0","2024-01-16","0000-00-00","15","","","2000.00","0100","","","0.00","0.00","1","0","0","0");
INSERT INTO employees VALUES ("125","8","taha","حسام دمياط","","2024-01-16 13:37:41","","","","0","1996-07-13","0","","","المحلة","2","7","5","3","0","2024-01-16","0000-00-00","15","","","2000.00","0100","","","0.00","0.00","0","0","0","0");
INSERT INTO employees VALUES ("126","9","دروووش","مصطفي طارق","","2024-01-17 08:19:40","","","","0","1990-09-04","0","","","منيا سمنود","3","4","5","3","0","2024-01-16","0000-00-00","15","","","50000.00","0100","","","0.00","0.00","0","1","0","0");
INSERT INTO employees VALUES ("127","10","alaa","علاء الاسماعيلية","","2024-01-17 08:21:55","","","","1","1980-06-22","0","","","","4","4","5","1","5","2024-01-16","0000-00-00","15","","","2000.00","0100","","","0.00","0.00","0","1","0","0");
INSERT INTO employees VALUES ("128","11","zyad","زياد فوزي","","2024-02-14 10:27:32","","","01212257854","1","2004-04-09","0","","المحلة","","2","4","5","1","5","2024-02-03","0000-00-00","15","","","2000.00","0100","","","0.00","0.00","0","1","0","0");
INSERT INTO employees VALUES ("129","1","hadi","عبدالهادي المنير","","2024-04-15 23:05:35","","abdelhadeeladawy@gmail.com","01005366038","1","1988-12-08","0","","سمنود ش الترعه","","1","4","5","1","4","2020-01-01","2030-12-31","15","","","5000.00","0100","","","0.00","0.00","0","1","0","0");
INSERT INTO employees VALUES ("130","0","","عبدالهادي العدوي محمد المنير","","2024-07-19 02:09:11","","","","0","0000-00-00","0","","","","4","1","5","3","0","0000-00-00","0000-00-00","16","","","2000.00","0100","","","1.25","0.00","1","0","0","0");
INSERT INTO employees VALUES ("135","13","اسلام","اسلام هاني","","2024-07-11 11:58:48","","","01282901435","0","2002-07-11","0","","المحلة","","2","8","5","3","0","2024-06-01","0000-00-00","13","","","3000.00","0100","","","1.50","0.00","1","0","0","0");
INSERT INTO employees VALUES ("136","150","Constance Barry","هشام الغنيمي","Est ullamco maxime i","2024-08-06 22:03:20","","macy@mailinator.com","015502341545","1","1972-01-16","1","","المحلة","Consequatur qui qui","4","7","7","3","1","1997-10-11","1971-03-04","15","","","0.00","0100","","","0.00","0.00","0","0","0","0");
INSERT INTO employees VALUES ("137","130","ahmedmedhat","احمد مدحت","In aut ab quisquam a","2024-08-07 20:55:03","","suzan@mailinator.com","01000282909","0","1991-01-01","0","","Lane Melton","Labore necessitatibu","1","1","5","3","0","1980-07-08","1992-01-25","5","","","10000.00","0100","","","2.00","0.00","2","0","0","0");



DROP TABLE entitles;

CREATE TABLE `entitles` (
  `id` int(11) NOT NULL AUTO_INCREMENT,
  `tybe` varchar(50) NOT NULL,
  `info` varchar(100) DEFAULT NULL,
  PRIMARY KEY (`id`)
) ENGINE=InnoDB AUTO_INCREMENT=10 DEFAULT CHARSET=utf8mb4 COLLATE=utf8mb4_general_ci;

INSERT INTO entitles VALUES ("1","ساعات عمل فقط","");
INSERT INTO entitles VALUES ("2","ساعات عمل و اضافي يومي","");
INSERT INTO entitles VALUES ("3","ساعات عمل و اضافي للمدة","");
INSERT INTO entitles VALUES ("4","حضور فقط","");
INSERT INTO entitles VALUES ("5","انتاج","");



DROP TABLE extras;

CREATE TABLE `extras` (
  `id` int(11) NOT NULL,
  `empid` int(1) NOT NULL,
  `info` varchar(100) DEFAULT NULL,
  `crtime` timestamp NOT NULL DEFAULT current_timestamp(),
  `mdtime` timestamp NOT NULL DEFAULT current_timestamp() ON UPDATE current_timestamp(),
  `val` double NOT NULL,
  `tybe` int(1) NOT NULL,
  `isdeleted` tinyint(1) DEFAULT 0,
  `tenant` int(11) DEFAULT 0,
  `branch` int(11) DEFAULT 0
) ENGINE=InnoDB DEFAULT CHARSET=utf8mb4 COLLATE=utf8mb4_general_ci;




DROP TABLE fat_details;

CREATE TABLE `fat_details` (
  `id` int(11) NOT NULL AUTO_INCREMENT,
  `pro_tybe` int(11) DEFAULT NULL,
  `det_store` int(11) DEFAULT 1,
  `pro_id` int(11) DEFAULT NULL,
  `item_id` int(11) DEFAULT 0,
  `u_val` decimal(10,3) NOT NULL DEFAULT 1.000,
  `qty_in` double DEFAULT 0,
  `qty_out` double DEFAULT 0,
  `price` double DEFAULT 0,
  `cost_price` double(12,2) DEFAULT NULL,
  `stock_value` double(12,2) DEFAULT NULL,
  `discount` double DEFAULT NULL,
  `plus` double DEFAULT NULL,
  `det_value` double DEFAULT 0,
  `profit` float NOT NULL DEFAULT 0,
  `fatid` int(11) DEFAULT NULL,
  `fat_tybe` int(11) NOT NULL,
  `crtime` timestamp NOT NULL DEFAULT current_timestamp(),
  `isdeleted` tinyint(1) DEFAULT 0,
  `tenant` int(11) DEFAULT 0,
  `branch` int(11) DEFAULT 0,
  PRIMARY KEY (`id`),
  KEY `item_id` (`item_id`),
  CONSTRAINT `fat_details_ibfk_1` FOREIGN KEY (`item_id`) REFERENCES `myitems` (`id`)
) ENGINE=InnoDB AUTO_INCREMENT=3 DEFAULT CHARSET=utf8mb4 COLLATE=utf8mb4_general_ci;

INSERT INTO fat_details VALUES ("1","4","27","12","1665","100.000","700","0","7","","","0","","4900","0","12","4","2024-10-01 06:23:18","0","0","0");
INSERT INTO fat_details VALUES ("2","4","27","12","1664","40.000","400","0","25","","","0","","10000","0","12","4","2024-10-01 06:23:18","0","0","0");



DROP TABLE fat_tybes;

CREATE TABLE `fat_tybes` (
  `id` int(11) NOT NULL AUTO_INCREMENT,
  `fname` varchar(200) NOT NULL,
  `info` varchar(200) DEFAULT NULL,
  `crttime` timestamp NOT NULL DEFAULT current_timestamp(),
  `isdeleted` tinyint(1) DEFAULT 0,
  `tenant` int(11) DEFAULT 0,
  `branch` int(11) DEFAULT 0,
  PRIMARY KEY (`id`)
) ENGINE=InnoDB AUTO_INCREMENT=13 DEFAULT CHARSET=utf8mb4 COLLATE=utf8mb4_general_ci;

INSERT INTO fat_tybes VALUES ("1","فاتورة مبيعات","","2024-01-29 18:39:27","0","0","0");
INSERT INTO fat_tybes VALUES ("2","فاتورة مشنريات","","2024-01-29 18:41:22","0","0","0");
INSERT INTO fat_tybes VALUES ("3","فاتورة مردود مبيعات","","2024-03-06 17:25:41","0","0","0");
INSERT INTO fat_tybes VALUES ("4","فاتورة مردود مشتريات","","2024-03-06 17:26:30","0","0","0");
INSERT INTO fat_tybes VALUES ("5","اذن تسليم بضاعه","","2024-03-06 17:26:30","0","0","0");
INSERT INTO fat_tybes VALUES ("6","اذن استلام بضاعه","","2024-03-06 17:26:57","0","0","0");
INSERT INTO fat_tybes VALUES ("7","اذن تسليم بضاعه","","2024-03-06 17:26:57","0","0","0");
INSERT INTO fat_tybes VALUES ("8","اذن حجز","","2024-03-06 17:29:32","0","0","0");
INSERT INTO fat_tybes VALUES ("9","امر بيع","","2024-03-06 17:29:32","0","0","0");
INSERT INTO fat_tybes VALUES ("10","امر شراء","","2024-03-06 17:29:32","0","0","0");
INSERT INTO fat_tybes VALUES ("11","فاتورة تصنيع حر","","2024-03-06 17:29:32","0","0","0");
INSERT INTO fat_tybes VALUES ("12","تصنيع نموذجي","","2024-03-06 17:29:32","0","0","0");



DROP TABLE fats;

CREATE TABLE `fats` (
  `id` int(11) NOT NULL AUTO_INCREMENT,
  `fat_id` int(11) NOT NULL,
  `zanka_id` int(11) NOT NULL,
  `crtime` timestamp NOT NULL DEFAULT current_timestamp(),
  `isdeleted` tinyint(1) DEFAULT 0,
  `tenant` int(11) DEFAULT 0,
  `branch` int(11) DEFAULT 0,
  PRIMARY KEY (`id`)
) ENGINE=InnoDB AUTO_INCREMENT=1012 DEFAULT CHARSET=utf8mb4 COLLATE=utf8mb4_general_ci;




DROP TABLE fptybes;

CREATE TABLE `fptybes` (
  `id` int(1) NOT NULL AUTO_INCREMENT,
  `name` varchar(50) NOT NULL,
  `crtime` timestamp NOT NULL DEFAULT current_timestamp() ON UPDATE current_timestamp(),
  `isdeleted` tinyint(1) DEFAULT 0,
  `tenant` int(11) DEFAULT 0,
  `branch` int(11) DEFAULT 0,
  PRIMARY KEY (`id`)
) ENGINE=InnoDB AUTO_INCREMENT=6 DEFAULT CHARSET=utf8mb4 COLLATE=utf8mb4_general_ci;

INSERT INTO fptybes VALUES ("1","حضور","2023-08-01 01:57:14","","0","0");
INSERT INTO fptybes VALUES ("2","انصراف","2023-08-01 01:57:14","","0","0");
INSERT INTO fptybes VALUES ("3","حضور اضافي","2023-08-01 01:57:42","","0","0");
INSERT INTO fptybes VALUES ("4","انصراف اضافي","2023-08-01 01:58:34","","0","0");
INSERT INTO fptybes VALUES ("5","invalid","2023-08-10 07:45:50","","0","0");



DROP TABLE hiringcontracts;

CREATE TABLE `hiringcontracts` (
  `id` int(11) NOT NULL AUTO_INCREMENT,
  `name` varchar(50) NOT NULL,
  `employee` int(11) NOT NULL,
  `jop` int(11) NOT NULL,
  `jopdescription` varchar(250) DEFAULT NULL,
  `joprule1` text DEFAULT NULL,
  `joprule2` text DEFAULT NULL,
  `joprule3` text DEFAULT NULL,
  `joprule4` text DEFAULT NULL,
  `workhours` int(11) DEFAULT NULL,
  `inorderhours` int(11) DEFAULT NULL,
  `workdaysoff` int(11) DEFAULT NULL,
  `salary` int(11) DEFAULT NULL,
  `salaryraise` int(11) DEFAULT NULL,
  `crtime` timestamp NOT NULL DEFAULT current_timestamp(),
  `user` int(11) NOT NULL,
  `info` varchar(250) DEFAULT NULL,
  `startcontract` date DEFAULT NULL,
  `endcontract` date DEFAULT NULL,
  `type` int(11) NOT NULL,
  `isdeleted` tinyint(1) DEFAULT 0,
  `tenant` int(11) DEFAULT 0,
  `branch` int(11) DEFAULT 0,
  PRIMARY KEY (`id`)
) ENGINE=InnoDB DEFAULT CHARSET=utf8mb4 COLLATE=utf8mb4_general_ci;




DROP TABLE holidays;

CREATE TABLE `holidays` (
  `id` int(11) NOT NULL AUTO_INCREMENT,
  `name` varchar(10) NOT NULL,
  `info` text DEFAULT NULL,
  `crtime` timestamp NOT NULL DEFAULT current_timestamp(),
  `isdeleted` tinyint(1) DEFAULT 0,
  `tenant` int(11) DEFAULT 0,
  `branch` int(11) DEFAULT 0,
  PRIMARY KEY (`id`)
) ENGINE=InnoDB DEFAULT CHARSET=utf8mb4 COLLATE=utf8mb4_general_ci;




DROP TABLE imgs;

CREATE TABLE `imgs` (
  `id` int(11) NOT NULL AUTO_INCREMENT,
  `iname` text NOT NULL,
  `cname` int(11) DEFAULT NULL,
  `itemid` int(11) NOT NULL,
  `size` int(11) NOT NULL,
  `clprofile` int(11) DEFAULT NULL,
  `img_date` date DEFAULT NULL,
  `crtime` timestamp NOT NULL DEFAULT current_timestamp(),
  `isdeleted` tinyint(1) DEFAULT 0,
  `tenant` int(11) DEFAULT 0,
  `branch` int(11) DEFAULT 0,
  PRIMARY KEY (`id`)
) ENGINE=InnoDB AUTO_INCREMENT=2 DEFAULT CHARSET=utf8mb4 COLLATE=utf8mb4_general_ci;




DROP TABLE imporfplog;

CREATE TABLE `imporfplog` (
  `id` int(1) DEFAULT NULL,
  `basma_id` int(11) NOT NULL,
  `crtime` timestamp NOT NULL DEFAULT current_timestamp(),
  `isdeleted` tinyint(1) DEFAULT 0,
  `tenant` int(11) DEFAULT 0,
  `branch` int(11) DEFAULT 0
) ENGINE=InnoDB DEFAULT CHARSET=utf8mb4 COLLATE=utf8mb4_general_ci;




DROP TABLE item_group;

CREATE TABLE `item_group` (
  `id` int(11) NOT NULL AUTO_INCREMENT,
  `gname` varchar(100) NOT NULL,
  `info` varchar(200) DEFAULT NULL,
  `parent` int(1) DEFAULT 0,
  `crtime` timestamp NOT NULL DEFAULT current_timestamp(),
  `mdtime` timestamp NOT NULL DEFAULT current_timestamp() ON UPDATE current_timestamp(),
  `user` int(1) NOT NULL DEFAULT 0,
  `isdeleted` tinyint(1) DEFAULT 0,
  `tenant` int(11) DEFAULT 0,
  `branch` int(11) DEFAULT 0,
  PRIMARY KEY (`id`),
  UNIQUE KEY `gname` (`gname`)
) ENGINE=InnoDB AUTO_INCREMENT=11 DEFAULT CHARSET=utf8mb4 COLLATE=utf8mb4_general_ci;

INSERT INTO item_group VALUES ("7","مشروبات ساخنه","","0","2024-07-18 20:16:00","2024-07-18 20:16:07","0","0","0","0");
INSERT INTO item_group VALUES ("8","مشروبات بارده","","0","2024-07-18 20:16:14","2024-07-18 20:16:14","0","0","0","0");
INSERT INTO item_group VALUES ("9","سندوتش","","0","2024-07-18 20:16:23","2024-07-18 20:16:23","0","0","0","0");
INSERT INTO item_group VALUES ("10","وجبات","","0","2024-07-18 20:16:27","2024-07-18 20:16:27","0","0","0","0");



DROP TABLE item_group2;

CREATE TABLE `item_group2` (
  `id` int(11) NOT NULL AUTO_INCREMENT,
  `gname` varchar(100) NOT NULL,
  `info` varchar(100) DEFAULT NULL,
  `crtime` timestamp NOT NULL DEFAULT current_timestamp(),
  `mdtime` timestamp NOT NULL DEFAULT current_timestamp() ON UPDATE current_timestamp(),
  `user` int(11) NOT NULL DEFAULT 0,
  `isdeleted` tinyint(1) DEFAULT 0,
  `tenant` int(11) DEFAULT 0,
  `branch` int(11) DEFAULT 0,
  PRIMARY KEY (`id`),
  UNIQUE KEY `gname` (`gname`)
) ENGINE=InnoDB AUTO_INCREMENT=9 DEFAULT CHARSET=utf8mb4 COLLATE=utf8mb4_general_ci;

INSERT INTO item_group2 VALUES ("6","مبيعات","","2024-07-18 20:16:38","2024-07-18 20:16:38","0","0","0","0");
INSERT INTO item_group2 VALUES ("7","خامات","","2024-07-18 20:16:42","2024-07-18 20:16:42","0","0","0","0");
INSERT INTO item_group2 VALUES ("8","تعبئة و تغليف","","2024-07-18 20:16:51","2024-07-18 20:16:51","0","0","0","0");



DROP TABLE item_group3;

CREATE TABLE `item_group3` (
  `id` int(11) NOT NULL AUTO_INCREMENT,
  `gname` varchar(100) NOT NULL,
  `info` varchar(200) DEFAULT NULL,
  `crtime` timestamp NOT NULL DEFAULT current_timestamp(),
  `mdtime` timestamp NOT NULL DEFAULT current_timestamp() ON UPDATE current_timestamp(),
  `user` int(1) NOT NULL DEFAULT 0,
  `isdeleted` tinyint(1) DEFAULT 0,
  `tenant` int(11) DEFAULT 0,
  `branch` int(11) DEFAULT 0,
  PRIMARY KEY (`id`),
  UNIQUE KEY `gname` (`gname`)
) ENGINE=InnoDB DEFAULT CHARSET=utf8mb4 COLLATE=utf8mb4_general_ci;




DROP TABLE item_units;

CREATE TABLE `item_units` (
  `id` int(11) NOT NULL AUTO_INCREMENT,
  `item_id` int(11) NOT NULL,
  `unit_id` int(11) NOT NULL,
  `u_val` decimal(10,3) NOT NULL,
  `def_sale` int(11) NOT NULL DEFAULT 0,
  `def_buy` int(11) NOT NULL DEFAULT 0,
  `def_stock` int(11) NOT NULL DEFAULT 0,
  `cost_price` int(11) NOT NULL,
  `price1` decimal(10,3) NOT NULL DEFAULT 0.000,
  `price2` decimal(10,3) NOT NULL DEFAULT 0.000,
  `price3` decimal(10,3) NOT NULL DEFAULT 0.000,
  `price4` decimal(10,3) DEFAULT 0.000,
  `unit_barcode` varchar(20) NOT NULL,
  `isdeleted` tinyint(1) DEFAULT 0,
  `tenant` int(11) DEFAULT 0,
  `branch` int(11) DEFAULT 0,
  PRIMARY KEY (`id`)
) ENGINE=InnoDB AUTO_INCREMENT=91 DEFAULT CHARSET=utf8mb4 COLLATE=utf8mb4_general_ci;

INSERT INTO item_units VALUES ("76","1658","1","1.000","0","0","0","0","20.000","30.000","40.000","0.000","1","0","0","0");
INSERT INTO item_units VALUES ("77","1658","1","6.000","0","0","0","0","99.000","99.000","99.000","0.000","9911","0","0","0");
INSERT INTO item_units VALUES ("78","1659","1","1.000","0","0","0","0","20.000","30.000","40.000","0.000","2","0","0","0");
INSERT INTO item_units VALUES ("79","1659","2","12.000","0","0","0","0","99.000","99.000","99.000","0.000","9912","0","0","0");
INSERT INTO item_units VALUES ("80","1660","1","1.000","0","0","0","10","99.000","99.000","0.000","0.000","3","0","0","0");
INSERT INTO item_units VALUES ("81","1660","1","6.000","0","0","0","60","99.000","99.000","0.000","0.000","9913","0","0","0");
INSERT INTO item_units VALUES ("82","1662","1","1.000","0","0","0","10","11.000","12.000","13.000","0.000","5","0","0","0");
INSERT INTO item_units VALUES ("83","1662","3","12.000","0","0","0","120","132.000","99.000","99.000","0.000","9915","0","0","0");
INSERT INTO item_units VALUES ("84","1663","1","1.000","0","0","0","10","20.000","30.000","40.000","0.000","6","0","0","0");
INSERT INTO item_units VALUES ("85","1663","2","6.000","0","0","0","60","120.000","180.000","240.000","0.000","9916","0","0","0");
INSERT INTO item_units VALUES ("86","1664","1","1.000","0","0","0","10","11.000","15.000","15.000","0.000","7","0","0","0");
INSERT INTO item_units VALUES ("87","1664","7","4.000","0","0","0","40","44.000","60.000","60.000","0.000","9917","0","0","0");
INSERT INTO item_units VALUES ("88","1664","2","40.000","0","0","0","400","440.000","600.000","600.000","0.000","9927","0","0","0");
INSERT INTO item_units VALUES ("89","1665","6","1.000","0","0","0","7","8.000","9.000","12.000","0.000","8","0","0","0");
INSERT INTO item_units VALUES ("90","1665","2","100.000","0","0","0","700","800.000","900.000","1200.000","0.000","9918","0","0","0");



DROP TABLE joplevels;

CREATE TABLE `joplevels` (
  `id` int(11) NOT NULL AUTO_INCREMENT,
  `name` varchar(50) NOT NULL,
  `info` varchar(250) DEFAULT NULL,
  `crtime` timestamp NOT NULL DEFAULT current_timestamp() ON UPDATE current_timestamp(),
  `isdeleted` tinyint(1) DEFAULT 0,
  `tenant` int(11) DEFAULT 0,
  `branch` int(11) DEFAULT 0,
  PRIMARY KEY (`id`)
) ENGINE=InnoDB AUTO_INCREMENT=2 DEFAULT CHARSET=utf8mb4 COLLATE=utf8mb4_general_ci;

INSERT INTO joplevels VALUES ("1","senior","","2024-07-19 02:07:48","","0","0");



DROP TABLE joprules;

CREATE TABLE `joprules` (
  `id` int(11) NOT NULL AUTO_INCREMENT,
  `name` varchar(50) NOT NULL,
  `info` varchar(250) DEFAULT NULL,
  `crtime` timestamp NOT NULL DEFAULT current_timestamp(),
  `isdeleted` tinyint(1) DEFAULT 0,
  `tenant` int(11) DEFAULT 0,
  `branch` int(11) DEFAULT 0,
  PRIMARY KEY (`id`)
) ENGINE=InnoDB AUTO_INCREMENT=4 DEFAULT CHARSET=utf8mb4 COLLATE=utf8mb4_general_ci;

INSERT INTO joprules VALUES ("1","متدرب","","2024-07-19 02:06:28","","0","0");
INSERT INTO joprules VALUES ("2","مبتدئ","","2024-07-19 02:06:54","","0","0");
INSERT INTO joprules VALUES ("3","خبير","","2024-07-19 02:07:03","","0","0");



DROP TABLE jops;

CREATE TABLE `jops` (
  `id` int(11) NOT NULL AUTO_INCREMENT,
  `name` varchar(50) NOT NULL,
  `info` varchar(250) DEFAULT NULL,
  `crtime` timestamp NOT NULL DEFAULT current_timestamp(),
  `isdeleted` tinyint(1) DEFAULT 0,
  `tenant` int(11) DEFAULT 0,
  `branch` int(11) DEFAULT 0,
  PRIMARY KEY (`id`)
) ENGINE=InnoDB AUTO_INCREMENT=9 DEFAULT CHARSET=utf8mb4 COLLATE=utf8mb4_general_ci;

INSERT INTO jops VALUES ("1","CEO","","2024-07-19 02:04:18","0","0","0");
INSERT INTO jops VALUES ("2","دعم فني","","2024-07-19 02:05:16","0","0","0");
INSERT INTO jops VALUES ("4","مبرمج","","2024-07-19 02:05:50","0","0","0");
INSERT INTO jops VALUES ("5","مبيعات","","2024-07-30 21:02:45","0","0","0");
INSERT INTO jops VALUES ("6","سكرتاريه","","2024-07-30 21:03:01","0","0","0");
INSERT INTO jops VALUES ("7","تسويق خارجي","","2024-08-06 06:07:42","0","0","0");
INSERT INTO jops VALUES ("8","مبيعات داخلي","","2024-08-06 06:09:30","0","0","0");



DROP TABLE joptybes;

CREATE TABLE `joptybes` (
  `id` int(11) NOT NULL AUTO_INCREMENT,
  `name` varchar(20) NOT NULL,
  `info` text DEFAULT NULL,
  `crtime` timestamp NOT NULL DEFAULT current_timestamp(),
  `isdeleted` tinyint(1) DEFAULT 0,
  `tenant` int(11) DEFAULT 0,
  `branch` int(11) DEFAULT 0,
  PRIMARY KEY (`id`)
) ENGINE=InnoDB AUTO_INCREMENT=4 DEFAULT CHARSET=utf8mb4 COLLATE=utf8mb4_general_ci;

INSERT INTO joptybes VALUES ("3","مبيعات","","2024-07-25 07:13:38","","0","0");



DROP TABLE journal_entries;

CREATE TABLE `journal_entries` (
  `id` int(1) NOT NULL AUTO_INCREMENT,
  `journal_id` int(1) NOT NULL,
  `account_id` int(1) NOT NULL,
  `debit` int(11) NOT NULL DEFAULT 0,
  `credit` int(11) NOT NULL DEFAULT 0,
  `tybe` int(1) NOT NULL,
  `info` varchar(150) DEFAULT NULL,
  `crtime` timestamp NOT NULL DEFAULT current_timestamp(),
  `op2` int(11) DEFAULT 0,
  `op_id` int(11) DEFAULT 0,
  `isdeleted` tinyint(1) DEFAULT 0,
  `mdtime` timestamp NOT NULL DEFAULT current_timestamp() ON UPDATE current_timestamp(),
  `tenant` int(11) DEFAULT 0,
  `branch` int(11) DEFAULT 0,
  PRIMARY KEY (`id`),
  KEY `account_id` (`account_id`),
  KEY `journal_id` (`journal_id`),
  CONSTRAINT `journal_entries_ibfk_1` FOREIGN KEY (`account_id`) REFERENCES `acc_head` (`id`),
  CONSTRAINT `journal_entries_ibfk_2` FOREIGN KEY (`journal_id`) REFERENCES `journal_heads` (`id`)
) ENGINE=InnoDB AUTO_INCREMENT=3 DEFAULT CHARSET=utf8mb4 COLLATE=utf8mb4_general_ci;

INSERT INTO journal_entries VALUES ("1","676","27","14900","0","0","","2024-10-01 06:23:17","0","12","0","2024-10-01 06:23:17","0","0");
INSERT INTO journal_entries VALUES ("2","676","36","0","14900","1","","2024-10-01 06:23:17","0","12","0","2024-10-01 06:23:17","0","0");



DROP TABLE journal_heads;

CREATE TABLE `journal_heads` (
  `id` int(11) NOT NULL AUTO_INCREMENT,
  `journal_id` int(11) NOT NULL,
  `total` double NOT NULL,
  `jdate` date NOT NULL DEFAULT current_timestamp(),
  `op_id` int(11) DEFAULT NULL,
  `pro_tybe` int(11) DEFAULT NULL,
  `details` varchar(250) DEFAULT NULL,
  `crtime` timestamp NOT NULL DEFAULT current_timestamp(),
  `op2` int(11) DEFAULT 0,
  `isdeleted` tinyint(1) DEFAULT 0,
  `mdtime` timestamp NOT NULL DEFAULT current_timestamp() ON UPDATE current_timestamp(),
  `user` int(1) DEFAULT NULL,
  `tenant` int(11) DEFAULT 0,
  `branch` int(11) DEFAULT 0,
  PRIMARY KEY (`id`),
  KEY `journal_heads_ibfk_1` (`pro_tybe`)
) ENGINE=InnoDB AUTO_INCREMENT=677 DEFAULT CHARSET=utf8mb4 COLLATE=utf8mb4_general_ci;

INSERT INTO journal_heads VALUES ("676","1","14900","2024-10-01","12","","فاتورة مشتريات _ 12","2024-10-01 06:23:17","0","0","2024-10-01 06:23:17","1","0","0");



DROP TABLE journal_tybes;

CREATE TABLE `journal_tybes` (
  `id` int(11) NOT NULL AUTO_INCREMENT,
  `journal_id` int(11) DEFAULT NULL,
  `jname` varchar(222) DEFAULT NULL,
  `jtext` varchar(222) DEFAULT NULL,
  `info` varchar(222) DEFAULT NULL,
  `crtime` timestamp NOT NULL DEFAULT current_timestamp(),
  `mdtime` timestamp NOT NULL DEFAULT current_timestamp(),
  `isdeleted` tinyint(1) DEFAULT 0,
  `tenant` int(11) DEFAULT 0,
  `branch` int(11) DEFAULT 0,
  PRIMARY KEY (`id`)
) ENGINE=InnoDB AUTO_INCREMENT=9 DEFAULT CHARSET=utf8mb4 COLLATE=utf8mb4_general_ci;

INSERT INTO journal_tybes VALUES ("1","1","purchases","يومية المقبوضات","","2024-03-14 02:34:38","2024-03-14 02:34:38","0","0","0");
INSERT INTO journal_tybes VALUES ("2","2","sales","يومية المدفوعات","","2024-03-14 02:34:38","2024-03-14 02:34:38","0","0","0");
INSERT INTO journal_tybes VALUES ("3","3","Payments","المبيعات","","2024-03-14 02:34:38","2024-03-14 02:34:38","0","0","0");
INSERT INTO journal_tybes VALUES ("4","4","receipts","يومية المشتريات","","2024-03-14 02:34:38","2024-03-14 02:34:38","0","0","0");
INSERT INTO journal_tybes VALUES ("5","5","Accrueds","ايراد مستحق","","2024-03-14 02:34:38","2024-03-14 02:34:38","0","0","0");
INSERT INTO journal_tybes VALUES ("6","6","Accrueds","خصم مكتسب","","2024-03-14 02:34:38","2024-03-14 02:34:38","0","0","0");
INSERT INTO journal_tybes VALUES ("7","7","Accrueds","خصم مسموح به","","2024-03-14 02:34:38","2024-03-14 02:34:38","0","0","0");
INSERT INTO journal_tybes VALUES ("8","8","journal","القيود اليومية","","2024-03-14 02:34:38","2024-03-14 02:34:38","0","0","0");



DROP TABLE karta;

CREATE TABLE `karta` (
  `id` int(11) NOT NULL AUTO_INCREMENT,
  `kname` varchar(200) NOT NULL,
  `info` varchar(200) DEFAULT NULL,
  `crtime` timestamp NOT NULL DEFAULT current_timestamp(),
  `mdtime` timestamp NULL DEFAULT current_timestamp(),
  `isdeleted` tinyint(1) DEFAULT 0,
  `tenant` int(11) DEFAULT 0,
  `branch` int(11) DEFAULT 0,
  PRIMARY KEY (`id`)
) ENGINE=InnoDB DEFAULT CHARSET=utf8mb4 COLLATE=utf8mb4_general_ci;




DROP TABLE kbis;

CREATE TABLE `kbis` (
  `id` int(11) NOT NULL AUTO_INCREMENT,
  `kname` varchar(100) NOT NULL,
  `info` varchar(100) DEFAULT NULL,
  `user` int(11) DEFAULT 1,
  `isdeleted` tinyint(1) DEFAULT 0,
  `crtime` datetime DEFAULT current_timestamp(),
  `mdtime` datetime DEFAULT current_timestamp() ON UPDATE current_timestamp(),
  `ktybe` varchar(100) DEFAULT NULL,
  `tenant` int(11) DEFAULT 0,
  `branch` int(11) DEFAULT 0,
  PRIMARY KEY (`id`)
) ENGINE=InnoDB AUTO_INCREMENT=17 DEFAULT CHARSET=utf8mb4 COLLATE=utf8mb4_general_ci;

INSERT INTO kbis VALUES ("1","معدل الانجاز","المهمات المكتملة/ المهمات الموكلة","1","0","2024-07-24 20:10:58","2024-07-24 20:25:02","الانتاجية","0","0");
INSERT INTO kbis VALUES ("2","معدل العمل الفعلي","وقت العمل الفعلي/وقت العمل","1","0","2024-07-24 20:24:47","2024-07-24 20:24:47","الانتاجية","0","0");
INSERT INTO kbis VALUES ("3","معدل الاخطاء","100% بدون اخطاء  ||    0% اخطاء اكثر من المسموح","1","0","2024-07-24 20:26:59","2024-07-24 20:26:59","","0","0");
INSERT INTO kbis VALUES ("4","معدل جودة المخرجات","يتم التقييم من ادارة الجودة","1","0","2024-07-24 20:27:55","2024-07-24 20:27:55","الجودة","0","0");
INSERT INTO kbis VALUES ("5","معدل الحضور","الحضور بالساعات / الساعات المقررة","1","0","2024-07-24 20:29:18","2024-07-24 20:29:18","الالتزام","0","0");
INSERT INTO kbis VALUES ("6","معدل التطور","احساب المهارات المضافة شهريا","1","0","2024-07-24 20:30:04","2024-07-24 20:30:04","التطوير","0","0");
INSERT INTO kbis VALUES ("7","تقييم الزملاء","يتم من خلال استطلاعات
","1","0","2024-07-24 20:32:32","2024-07-24 20:32:32","العمل الجماعي","0","0");
INSERT INTO kbis VALUES ("8","معدل المشاركة في الاجتماعات","المشاركة / الاجتماعات","1","0","2024-07-24 20:35:16","2024-07-24 20:35:16","العمل الجماعي","0","0");
INSERT INTO kbis VALUES ("9","تقييم القائد","تقييم الفريق للقائد","1","0","2024-07-24 20:37:33","2024-07-24 20:37:33","المديرين","0","0");
INSERT INTO kbis VALUES ("10","نسبه الحقيق للفريق","نسبة تحقيق الاهداف .. لمتخذي القرار","1","0","2024-07-24 20:38:11","2024-07-24 20:38:11","المديرين","0","0");
INSERT INTO kbis VALUES ("11","وقت الاستجابة","يتم عن طريق التغذية العكسية","1","0","2024-07-24 20:43:24","2024-07-24 20:43:24","خدمة العملاء","0","0");
INSERT INTO kbis VALUES ("12","معدل حل المشكلات","المشكلات المحلولة / عدد المشكلات","1","0","2024-07-24 20:44:03","2024-07-24 20:44:03","خدمة العملاء","0","0");
INSERT INTO kbis VALUES ("13","نسبة رضا العميل","العملاء الراضين / عدد عملاء الاستطلاع","1","0","2024-07-24 20:44:36","2024-07-24 20:44:36","خدمة العملاء","0","0");
INSERT INTO kbis VALUES ("14","معدل تقليل التكاليف","تقييم المشرف","1","0","2024-07-24 20:46:07","2024-07-24 20:46:07","الكفاءة التشغيلية","0","0");
INSERT INTO kbis VALUES ("15","استغلال الموارد","تقييم المديرين","1","0","2024-07-24 20:49:12","2024-07-24 20:49:12","الكفاءة التشغيلية","0","0");
INSERT INTO kbis VALUES ("16","عدد الافكار الجديدة المنفذه","عدد الافكار المنفذه / عدد الافكار الجديدة المقدمة","1","0","2024-07-24 21:03:59","2024-07-24 21:03:59","الابتكار","0","0");



DROP TABLE my_news;

CREATE TABLE `my_news` (
  `id` int(11) NOT NULL AUTO_INCREMENT,
  `title` varchar(200) NOT NULL,
  `img` varchar(250) DEFAULT NULL,
  `tags` varchar(250) DEFAULT NULL,
  `content` text NOT NULL,
  `user` int(11) NOT NULL DEFAULT 1,
  `crtime` timestamp NOT NULL DEFAULT current_timestamp(),
  `mdtime` timestamp NOT NULL DEFAULT current_timestamp() ON UPDATE current_timestamp(),
  `isdeleted` tinyint(1) DEFAULT 0,
  `tenant` int(11) DEFAULT 0,
  `branch` int(11) DEFAULT 0,
  PRIMARY KEY (`id`)
) ENGINE=InnoDB DEFAULT CHARSET=utf8mb4 COLLATE=utf8mb4_general_ci;




DROP TABLE myinstallments;

CREATE TABLE `myinstallments` (
  `id` int(11) NOT NULL AUTO_INCREMENT,
  `cl_id` int(11) NOT NULL,
  `rent_id` int(11) NOT NULL,
  `contract` int(11) DEFAULT 0,
  `ins_value` double NOT NULL DEFAULT 0,
  `ins_date` date NOT NULL,
  `ins_case` int(11) NOT NULL,
  `ins_paid` double NOT NULL,
  `voucher` int(11) DEFAULT NULL,
  `crtime` timestamp NOT NULL DEFAULT current_timestamp(),
  `mdtime` timestamp NOT NULL DEFAULT current_timestamp() ON UPDATE current_timestamp(),
  `info` varchar(250) DEFAULT NULL,
  `isdeleted` tinyint(1) DEFAULT 0,
  `tenant` int(11) DEFAULT 0,
  `branch` int(11) DEFAULT 0,
  PRIMARY KEY (`id`),
  KEY `cl_id` (`cl_id`),
  KEY `rent_id` (`rent_id`),
  KEY `contract` (`contract`),
  CONSTRAINT `myinstallments_ibfk_1` FOREIGN KEY (`cl_id`) REFERENCES `acc_head` (`id`),
  CONSTRAINT `myinstallments_ibfk_2` FOREIGN KEY (`rent_id`) REFERENCES `acc_head` (`id`),
  CONSTRAINT `myinstallments_ibfk_3` FOREIGN KEY (`contract`) REFERENCES `myrents` (`id`)
) ENGINE=InnoDB DEFAULT CHARSET=utf8mb4 COLLATE=utf8mb4_general_ci;




DROP TABLE myitems;

CREATE TABLE `myitems` (
  `id` int(11) NOT NULL AUTO_INCREMENT,
  `iname` varchar(200) NOT NULL,
  `name2` varchar(200) DEFAULT NULL,
  `code` int(11) DEFAULT NULL,
  `salesqty` double DEFAULT 1,
  `barcode` varchar(25) DEFAULT NULL,
  `itmqty` double NOT NULL DEFAULT 0,
  `info` varchar(250) DEFAULT NULL,
  `market_price` float NOT NULL DEFAULT 0,
  `cost_price` float NOT NULL DEFAULT 0,
  `last_price` int(11) NOT NULL DEFAULT 0,
  `price1` float NOT NULL DEFAULT 0,
  `price2` float NOT NULL DEFAULT 0,
  `price3` float NOT NULL,
  `group1` int(11) NOT NULL DEFAULT 0,
  `group2` int(11) NOT NULL DEFAULT 0,
  `group3` int(11) NOT NULL DEFAULT 0,
  `isdeleted` tinyint(1) DEFAULT 0,
  `crtime` timestamp NOT NULL DEFAULT current_timestamp(),
  `mdtime` timestamp NOT NULL DEFAULT current_timestamp() ON UPDATE current_timestamp(),
  `user` int(11) NOT NULL DEFAULT 1,
  `tenant` int(11) DEFAULT 0,
  `branch` int(11) DEFAULT 0,
  PRIMARY KEY (`id`),
  UNIQUE KEY `iname` (`iname`)
) ENGINE=InnoDB AUTO_INCREMENT=1666 DEFAULT CHARSET=utf8mb4 COLLATE=utf8mb4_general_ci;

INSERT INTO myitems VALUES ("1658","تجريبي","اسم ثاني","1","1","1","2","000000","40","30","30","20","30","0","8","6","0","0","2024-09-23 16:19:44","2024-09-23 20:05:49","1","0","0");
INSERT INTO myitems VALUES ("1659","تحريبي 2","","2","1","2","20","","40","100","100","20","30","0","0","0","0","0","2024-09-23 20:04:17","2024-09-23 20:05:49","1","0","0");
INSERT INTO myitems VALUES ("1660","تجريبي 3","","3","1","3","0","","0","10","0","120","123","0","0","0","0","0","2024-09-24 06:35:13","2024-09-24 06:35:13","1","0","0");
INSERT INTO myitems VALUES ("1661","تحريبي 4","","4","1","4","0","","13.5","10","0","11","12","0","0","0","0","1","2024-09-24 07:06:03","2024-09-24 07:07:23","1","0","0");
INSERT INTO myitems VALUES ("1662","تجريبي 5","","5","1","5","0","","0","0","0","0","0","0","9","7","0","0","2024-09-24 07:08:04","2024-09-24 07:48:31","1","0","0");
INSERT INTO myitems VALUES ("1663","j 6","","6","1","6","1595","","40","486.665","700","20","30","0","0","0","0","0","2024-09-25 18:57:14","2024-09-28 21:56:12","1","0","0");
INSERT INTO myitems VALUES ("1664","شاي لورد ربع ك ","","7","1","7","400","","15","28.9925","25","12","15","0","7","6","0","0","2024-09-28 22:17:15","2024-10-01 06:25:49","1","0","0");
INSERT INTO myitems VALUES ("1665","cat 6","","8","1","8","700","","12","7","7","10","9","0","0","0","0","0","2024-09-30 03:28:58","2024-10-01 06:25:43","1","0","0");



DROP TABLE myoper_det;

CREATE TABLE `myoper_det` (
  `oper_det_id` int(11) NOT NULL,
  `int_oper_det_date` int(11) DEFAULT NULL,
  `oper_head_id` int(11) DEFAULT NULL,
  `comp_id` int(11) DEFAULT NULL,
  `debit` decimal(26,4) DEFAULT NULL,
  `credit` decimal(26,4) DEFAULT NULL,
  `eng_debit` decimal(26,4) DEFAULT NULL,
  `eng_credit` decimal(26,4) DEFAULT NULL,
  `model_val` decimal(26,4) DEFAULT NULL,
  `def_val` decimal(26,4) DEFAULT NULL,
  `acc_id` int(11) DEFAULT NULL,
  `stor_id` int(11) DEFAULT NULL,
  `group_id` int(11) DEFAULT NULL,
  `man_id` int(11) DEFAULT NULL,
  `cost_center_id` int(11) DEFAULT NULL,
  `has_costed_link` tinyint(4) DEFAULT NULL,
  `is_not_active` tinyint(4) DEFAULT NULL,
  `notes` varchar(50) DEFAULT NULL,
  `mst_no` varchar(20) DEFAULT NULL,
  `mst_date` varchar(12) DEFAULT NULL,
  `balance_befor` decimal(26,4) DEFAULT NULL,
  `balance_after` decimal(26,4) DEFAULT NULL,
  `det_Currency_id` int(11) DEFAULT NULL,
  `det_Currency_unit_convert` decimal(12,6) DEFAULT NULL,
  `isdeleted` tinyint(1) DEFAULT 0,
  `tenant` int(11) DEFAULT 0,
  `branch` int(11) DEFAULT 0
) ENGINE=InnoDB DEFAULT CHARSET=utf8mb4 COLLATE=utf8mb4_general_ci;




DROP TABLE myoptions;

CREATE TABLE `myoptions` (
  `id` int(11) NOT NULL AUTO_INCREMENT,
  `oname` varchar(30) NOT NULL,
  `info` varchar(250) DEFAULT NULL,
  `def_value` int(11) NOT NULL DEFAULT 0,
  `cur_value` int(11) NOT NULL DEFAULT 0,
  `op_tybe` int(11) NOT NULL DEFAULT 0,
  `crtime` timestamp NOT NULL DEFAULT current_timestamp(),
  `mdtime` timestamp NOT NULL DEFAULT current_timestamp() ON UPDATE current_timestamp(),
  `isdeleted` tinyint(1) DEFAULT 0,
  `tenant` int(11) DEFAULT 0,
  `branch` int(11) DEFAULT 0,
  PRIMARY KEY (`id`)
) ENGINE=InnoDB AUTO_INCREMENT=9 DEFAULT CHARSET=utf8mb4 COLLATE=utf8mb4_general_ci;

INSERT INTO myoptions VALUES ("1","def_cl","العميل الافتراضي","24","24","1","2024-02-19 22:10:57","2024-02-19 22:21:14","0","0","0");
INSERT INTO myoptions VALUES ("2","def_prod","المورد الافتراضي","36","36","1","2024-02-19 22:10:57","2024-02-19 22:21:17","0","0","0");
INSERT INTO myoptions VALUES ("3","def_emp","الموظف الافتراضي","41","42","1","2024-02-19 22:10:57","2024-02-20 03:09:18","0","0","0");
INSERT INTO myoptions VALUES ("4","def_store","المخزن الافتراضي","27","27","1","2024-02-19 22:10:57","2024-02-19 22:21:23","0","0","0");
INSERT INTO myoptions VALUES ("5","def_fund","الصندوق الافتراضي","21","21","1","2024-02-19 22:10:57","2024-02-19 22:21:26","0","0","0");
INSERT INTO myoptions VALUES ("6","def_bank","البتك الافتراضي","39","39","1","2024-02-19 22:10:57","2024-02-19 22:21:31","0","0","0");
INSERT INTO myoptions VALUES ("7","def_store","المخزن الافتراضي","27","27","1","2024-02-19 22:10:57","2024-03-09 23:48:39","0","0","0");
INSERT INTO myoptions VALUES ("8","def_disc_acc1","حساب الخصم المكتسب الافتراضي","97","97","1","2024-02-19 22:10:57","2024-03-09 23:48:39","0","0","0");



DROP TABLE mypatterns;

CREATE TABLE `mypatterns` (
  `id` int(11) NOT NULL AUTO_INCREMENT,
  `pname` varchar(100) NOT NULL,
  `ptext` varchar(100) NOT NULL,
  `is_def` int(11) NOT NULL DEFAULT 0,
  `is_basic` int(11) NOT NULL DEFAULT 0,
  `ptybe` int(11) NOT NULL DEFAULT 4,
  `crtime` timestamp NOT NULL DEFAULT current_timestamp(),
  `mdtime` timestamp NOT NULL DEFAULT current_timestamp(),
  `info` varchar(100) DEFAULT NULL,
  `isdeleted` tinyint(1) DEFAULT 0,
  `tenant` int(11) DEFAULT 0,
  `branch` int(11) DEFAULT 0,
  PRIMARY KEY (`id`)
) ENGINE=InnoDB DEFAULT CHARSET=utf8mb4 COLLATE=utf8mb4_general_ci;




DROP TABLE mypowers;

CREATE TABLE `mypowers` (
  `power_id` int(11) NOT NULL,
  `section_type_no` int(11) DEFAULT NULL,
  `power_name` varchar(100) DEFAULT NULL,
  `eng_power_name` varchar(100) DEFAULT NULL,
  `is_hide_in_casher` int(11) DEFAULT NULL,
  `level_no` tinyint(4) DEFAULT NULL,
  `is_for_view_only` tinyint(4) DEFAULT NULL,
  `power_code` varchar(100) DEFAULT NULL,
  `power_class` tinyint(4) DEFAULT NULL,
  `parent_id` int(11) DEFAULT NULL,
  `col_index` int(11) DEFAULT NULL,
  `stoped` tinyint(4) DEFAULT NULL,
  `tmp_state_no` tinyint(4) DEFAULT NULL,
  `power_type` tinyint(4) DEFAULT NULL,
  `menu_type` tinyint(4) DEFAULT NULL,
  `def_state` varchar(20) DEFAULT NULL,
  `user_1` varchar(20) DEFAULT NULL,
  `kind` varchar(10) DEFAULT NULL,
  `is_on_my_thread` tinyint(4) DEFAULT NULL,
  `is_calling_from_main` tinyint(4) DEFAULT NULL,
  `calling_from` varchar(10) DEFAULT NULL,
  `edit_mode` tinyint(4) DEFAULT NULL,
  `frist_shown_id` varchar(10) DEFAULT NULL,
  `is_casher_from` tinyint(4) DEFAULT NULL,
  `is_op_paper` tinyint(4) DEFAULT NULL,
  `is_hiddin` tinyint(4) DEFAULT NULL,
  `prog_id` tinyint(4) DEFAULT NULL,
  `is_pure_kitchen` tinyint(4) DEFAULT NULL,
  `is_for_api` tinyint(4) DEFAULT NULL,
  `t_stamp` timestamp NULL DEFAULT NULL,
  `isdeleted` tinyint(1) DEFAULT 0,
  `tenant` int(11) DEFAULT 0,
  `branch` int(11) DEFAULT 0
) ENGINE=InnoDB DEFAULT CHARSET=utf8mb4 COLLATE=utf8mb4_general_ci;




DROP TABLE myrents;

CREATE TABLE `myrents` (
  `id` int(11) NOT NULL AUTO_INCREMENT,
  `cl_id` int(11) NOT NULL,
  `rent_id` int(11) NOT NULL,
  `phone` varchar(20) DEFAULT NULL,
  `idintity` varchar(50) DEFAULT NULL,
  `start_date` date NOT NULL,
  `end_date` date NOT NULL,
  `pay_tybe` int(11) NOT NULL DEFAULT 1,
  `r_value` double NOT NULL DEFAULT 0,
  `bnd1` varchar(250) DEFAULT NULL,
  `bnd2` varchar(250) DEFAULT NULL,
  `bnd3` varchar(250) DEFAULT NULL,
  `bnd4` varchar(250) DEFAULT NULL,
  `info` varchar(250) DEFAULT NULL,
  `crtime` timestamp NOT NULL DEFAULT current_timestamp(),
  `mdtime` timestamp NOT NULL DEFAULT current_timestamp() ON UPDATE current_timestamp(),
  `isdeleted` tinyint(1) DEFAULT 0,
  `tenant` int(11) DEFAULT 0,
  `branch` int(11) DEFAULT 0,
  PRIMARY KEY (`id`),
  KEY `cl_id` (`cl_id`),
  KEY `rent_id` (`rent_id`),
  CONSTRAINT `myrents_ibfk_1` FOREIGN KEY (`cl_id`) REFERENCES `acc_head` (`id`),
  CONSTRAINT `myrents_ibfk_2` FOREIGN KEY (`rent_id`) REFERENCES `acc_head` (`id`)
) ENGINE=InnoDB DEFAULT CHARSET=utf8mb4 COLLATE=utf8mb4_general_ci;




DROP TABLE myunits;

CREATE TABLE `myunits` (
  `id` int(11) NOT NULL AUTO_INCREMENT,
  `uname` varchar(60) NOT NULL,
  `crtime` timestamp NOT NULL DEFAULT current_timestamp(),
  `mdtime` timestamp NOT NULL DEFAULT current_timestamp() ON UPDATE current_timestamp(),
  `isdeleted` tinyint(1) DEFAULT 0,
  `tenant` int(11) DEFAULT 0,
  `branch` int(11) DEFAULT 0,
  PRIMARY KEY (`id`)
) ENGINE=InnoDB AUTO_INCREMENT=8 DEFAULT CHARSET=utf8mb4 COLLATE=utf8mb4_general_ci;

INSERT INTO myunits VALUES ("1","قطعه","2024-03-25 07:56:49","2024-03-25 07:56:49","","0","0");
INSERT INTO myunits VALUES ("2","كرتونة","2024-03-25 07:59:05","2024-09-22 19:54:01","","0","0");
INSERT INTO myunits VALUES ("3","دسته","2024-03-25 07:59:12","2024-03-25 08:13:25","","0","0");
INSERT INTO myunits VALUES ("4","باله","2024-07-25 06:26:22","2024-07-25 06:26:30","0","0","0");
INSERT INTO myunits VALUES ("5","قطعه","2024-07-28 23:36:16","2024-07-28 23:36:16","0","0","0");
INSERT INTO myunits VALUES ("6","م","2024-09-22 19:54:45","2024-09-28 22:15:45","0","0","0");
INSERT INTO myunits VALUES ("7","كيلو","2024-09-28 22:15:39","2024-09-28 22:15:39","0","0","0");



DROP TABLE myvouchers;

CREATE TABLE `myvouchers` (
  `id` int(11) NOT NULL AUTO_INCREMENT,
  `vdate` date NOT NULL DEFAULT current_timestamp(),
  `tybe` int(1) NOT NULL,
  `val` double DEFAULT NULL,
  `account` int(1) NOT NULL,
  `fund_account` int(1) NOT NULL,
  `voucher_id` varchar(15) NOT NULL,
  `serial_number` varchar(20) DEFAULT NULL,
  `cost_center` int(1) DEFAULT NULL,
  `info` varchar(200) DEFAULT NULL,
  `crtime` timestamp NOT NULL DEFAULT current_timestamp(),
  `mdtime` timestamp NOT NULL DEFAULT current_timestamp() ON UPDATE current_timestamp(),
  `user` int(11) NOT NULL DEFAULT 1,
  `isdeleted` tinyint(1) DEFAULT 0,
  `tenant` int(11) DEFAULT 0,
  `branch` int(11) DEFAULT 0,
  PRIMARY KEY (`id`)
) ENGINE=InnoDB DEFAULT CHARSET=utf8mb4 COLLATE=utf8mb4_general_ci;




DROP TABLE oppatterns;

CREATE TABLE `oppatterns` (
  `id` int(11) NOT NULL AUTO_INCREMENT,
  `pame` varchar(100) DEFAULT NULL,
  `ptext` varchar(100) DEFAULT NULL,
  `def_width` int(11) NOT NULL DEFAULT 50,
  `cur_width` int(11) NOT NULL DEFAULT 50,
  `shown` int(11) NOT NULL DEFAULT 1,
  `is_edit` int(11) NOT NULL DEFAULT 1,
  `is_print` int(11) NOT NULL DEFAULT 1,
  `isdeleted` tinyint(1) DEFAULT 0,
  `tenant` int(11) DEFAULT 0,
  `branch` int(11) DEFAULT 0,
  PRIMARY KEY (`id`)
) ENGINE=InnoDB DEFAULT CHARSET=utf8mb4 COLLATE=utf8mb4_general_ci;




DROP TABLE order_status;

CREATE TABLE `order_status` (
  `id` int(11) NOT NULL AUTO_INCREMENT,
  `name` varchar(50) DEFAULT NULL,
  `user` int(1) DEFAULT NULL,
  `crtime` timestamp NOT NULL DEFAULT current_timestamp(),
  `isdeleted` tinyint(1) DEFAULT 0,
  `tenant` int(11) DEFAULT 0,
  `branch` int(11) DEFAULT 0,
  PRIMARY KEY (`id`)
) ENGINE=InnoDB AUTO_INCREMENT=4 DEFAULT CHARSET=utf8mb4 COLLATE=utf8mb4_general_ci;




DROP TABLE order_types;

CREATE TABLE `order_types` (
  `id` int(11) NOT NULL AUTO_INCREMENT,
  `name` varchar(255) DEFAULT NULL,
  `info` varchar(100) DEFAULT NULL,
  `user` int(1) DEFAULT NULL,
  `crtime` timestamp NOT NULL DEFAULT current_timestamp() ON UPDATE current_timestamp(),
  `isdeleted` tinyint(1) DEFAULT 0,
  `tenant` int(11) DEFAULT 0,
  `branch` int(11) DEFAULT 0,
  PRIMARY KEY (`id`)
) ENGINE=InnoDB AUTO_INCREMENT=6 DEFAULT CHARSET=utf8mb4 COLLATE=utf8mb4_general_ci;




DROP TABLE orders;

CREATE TABLE `orders` (
  `id` int(11) NOT NULL AUTO_INCREMENT,
  `tybe` int(11) DEFAULT NULL,
  `employee` int(11) DEFAULT NULL,
  `status` int(11) NOT NULL,
  `applyingdate` date NOT NULL,
  `curdate` date NOT NULL,
  `isdeleted` tinyint(1) DEFAULT 0,
  `tenant` int(11) DEFAULT 0,
  `branch` int(11) DEFAULT 0,
  PRIMARY KEY (`id`),
  KEY `employee_id` (`employee`),
  KEY `tybe` (`tybe`),
  KEY `status` (`status`),
  CONSTRAINT `orders_ibfk_1` FOREIGN KEY (`employee`) REFERENCES `employees` (`id`),
  CONSTRAINT `orders_ibfk_2` FOREIGN KEY (`tybe`) REFERENCES `order_types` (`id`),
  CONSTRAINT `orders_ibfk_3` FOREIGN KEY (`status`) REFERENCES `order_status` (`id`)
) ENGINE=InnoDB AUTO_INCREMENT=2 DEFAULT CHARSET=utf8mb4 COLLATE=utf8mb4_general_ci;




DROP TABLE ot_head;

CREATE TABLE `ot_head` (
  `id` int(11) NOT NULL AUTO_INCREMENT,
  `pro_id` int(11) DEFAULT NULL,
  `branch_id` int(11) DEFAULT NULL,
  `pro_tybe` int(1) DEFAULT NULL,
  `is_stock` int(11) DEFAULT NULL,
  `is_finance` int(11) DEFAULT NULL,
  `is_manager` int(11) DEFAULT NULL,
  `is_journal` int(11) DEFAULT NULL,
  `journal_tybe` int(11) DEFAULT NULL,
  `info` varchar(200) DEFAULT NULL,
  `start_time` time DEFAULT current_timestamp(),
  `end_time` time DEFAULT current_timestamp(),
  `start_date` date DEFAULT NULL,
  `end_date` date DEFAULT NULL,
  `pro_date` date DEFAULT NULL,
  `accural_date` date DEFAULT NULL,
  `pro_pattren` int(11) DEFAULT NULL,
  `pro_num` varchar(50) DEFAULT NULL,
  `pro_serial` varchar(50) DEFAULT NULL,
  `tax_num` varchar(50) DEFAULT NULL,
  `price_list` int(11) DEFAULT NULL,
  `store_id` int(11) DEFAULT NULL,
  `emp_id` int(11) DEFAULT NULL,
  `emp2_id` int(11) DEFAULT NULL,
  `acc1` int(11) DEFAULT NULL,
  `acc1_before` double DEFAULT NULL,
  `acc1_after` double DEFAULT NULL,
  `acc2` int(11) DEFAULT NULL,
  `acc2_before` double DEFAULT NULL,
  `acc2_after` double DEFAULT NULL,
  `pro_value` double DEFAULT NULL,
  `fat_cost` double DEFAULT NULL,
  `cost_center` int(11) DEFAULT NULL,
  `profit` double DEFAULT NULL,
  `fat_total` double DEFAULT NULL,
  `fat_net` double DEFAULT 0,
  `fat_disc` double DEFAULT NULL,
  `fat_disc_per` double DEFAULT NULL,
  `fat_plus` double DEFAULT NULL,
  `fat_plus_per` double DEFAULT NULL,
  `fat_tax` double DEFAULT NULL,
  `fat_tax_per` double DEFAULT NULL,
  `crtime` timestamp NOT NULL DEFAULT current_timestamp(),
  `acc_fund` int(1) DEFAULT 0,
  `op2` int(11) DEFAULT 0,
  `isdeleted` tinyint(1) DEFAULT 0,
  `mdtime` timestamp NOT NULL DEFAULT current_timestamp() ON UPDATE current_timestamp(),
  `user` int(11) NOT NULL DEFAULT 1,
  `tenant` int(11) DEFAULT 0,
  `branch` int(11) DEFAULT 0,
  `closed` int(1) DEFAULT 0,
  PRIMARY KEY (`id`),
  KEY `acc1` (`acc1`),
  KEY `acc2` (`acc2`),
  KEY `emp2_id` (`emp2_id`),
  KEY `emp_id` (`emp_id`),
  KEY `journal_tybe` (`journal_tybe`),
  KEY `user` (`user`),
  KEY `cost_center` (`cost_center`),
  KEY `store_id` (`store_id`),
  KEY `price_list` (`price_list`)
) ENGINE=InnoDB AUTO_INCREMENT=13 DEFAULT CHARSET=utf8mb4 COLLATE=utf8mb4_general_ci;

INSERT INTO ot_head VALUES ("12","1","","4","1","","","1","4","","06:23:17","06:23:17","","","2024-10-01","0000-00-00","1","","","","1","27","131","131","27","","","36","","","14900","0","1","0","14900","14900","0","0","0","0","0","0","2024-10-01 06:23:17","0","0","0","2024-10-01 06:23:17","1","0","0","0");



DROP TABLE paper_types;

CREATE TABLE `paper_types` (
  `id` int(1) NOT NULL AUTO_INCREMENT,
  `pname` varchar(50) NOT NULL,
  `info` varchar(100) DEFAULT NULL,
  `crtime` timestamp NOT NULL DEFAULT current_timestamp(),
  `isdeleted` tinyint(1) DEFAULT 0,
  `tenant` int(11) DEFAULT 0,
  `branch` int(11) DEFAULT 0,
  PRIMARY KEY (`id`)
) ENGINE=InnoDB DEFAULT CHARSET=utf8mb4 COLLATE=utf8mb4_general_ci;




DROP TABLE patt_cols;

CREATE TABLE `patt_cols` (
  `id` int(11) NOT NULL AUTO_INCREMENT,
  `cname` varchar(100) NOT NULL,
  `isdeleted` tinyint(1) DEFAULT 0,
  `tenant` int(11) DEFAULT 0,
  `branch` int(11) DEFAULT 0,
  PRIMARY KEY (`id`)
) ENGINE=InnoDB DEFAULT CHARSET=utf8mb4 COLLATE=utf8mb4_general_ci;




DROP TABLE permits;

CREATE TABLE `permits` (
  `id` int(11) NOT NULL AUTO_INCREMENT,
  `empid` int(1) NOT NULL,
  `info` varchar(100) DEFAULT NULL,
  `crtime` timestamp NOT NULL DEFAULT current_timestamp(),
  `mdtime` timestamp NOT NULL DEFAULT current_timestamp() ON UPDATE current_timestamp(),
  `curdate` date NOT NULL,
  `startdate` date NOT NULL,
  `enddate` date NOT NULL,
  `val` double DEFAULT NULL,
  `statue` int(1) NOT NULL,
  `isdeleted` tinyint(1) DEFAULT 0,
  `tenant` int(11) DEFAULT 0,
  `branch` int(11) DEFAULT 0,
  PRIMARY KEY (`id`)
) ENGINE=InnoDB DEFAULT CHARSET=utf8mb4 COLLATE=utf8mb4_general_ci;




DROP TABLE prescdetails;

CREATE TABLE `prescdetails` (
  `id` int(11) NOT NULL AUTO_INCREMENT,
  `prescid` int(11) DEFAULT NULL,
  `drug` int(11) DEFAULT NULL,
  `dose` varchar(200) NOT NULL,
  `info` varchar(200) NOT NULL,
  `crtime` timestamp NOT NULL DEFAULT current_timestamp(),
  `mdtime` timestamp NOT NULL DEFAULT current_timestamp() ON UPDATE current_timestamp(),
  `isdeleted` tinyint(1) DEFAULT 0,
  `tenant` int(11) DEFAULT 0,
  `branch` int(11) DEFAULT 0,
  PRIMARY KEY (`id`)
) ENGINE=InnoDB AUTO_INCREMENT=2 DEFAULT CHARSET=utf8mb4 COLLATE=utf8mb4_general_ci;




DROP TABLE prescs;

CREATE TABLE `prescs` (
  `id` int(11) NOT NULL AUTO_INCREMENT,
  `client` int(11) DEFAULT NULL,
  `visit` int(11) DEFAULT NULL,
  `analayses` varchar(250) DEFAULT NULL,
  `info` varchar(200) NOT NULL,
  `crtime` timestamp NOT NULL DEFAULT current_timestamp(),
  `mdtime` timestamp NOT NULL DEFAULT current_timestamp() ON UPDATE current_timestamp(),
  `isdeleted` tinyint(1) DEFAULT 0,
  `tenant` int(11) DEFAULT 0,
  `branch` int(11) DEFAULT 0,
  PRIMARY KEY (`id`)
) ENGINE=InnoDB AUTO_INCREMENT=3 DEFAULT CHARSET=utf8mb4 COLLATE=utf8mb4_general_ci;




DROP TABLE price_lists;

CREATE TABLE `price_lists` (
  `id` int(11) NOT NULL AUTO_INCREMENT,
  `pname` varchar(100) NOT NULL,
  `isdeleted` tinyint(1) DEFAULT 0,
  `tenant` int(11) DEFAULT 0,
  `branch` int(11) DEFAULT 0,
  PRIMARY KEY (`id`)
) ENGINE=InnoDB AUTO_INCREMENT=3 DEFAULT CHARSET=utf8mb4 COLLATE=utf8mb4_general_ci;

INSERT INTO price_lists VALUES ("1","سعر 1","0","0","0");
INSERT INTO price_lists VALUES ("2","سعر 2","0","0","0");



DROP TABLE print;

CREATE TABLE `print` (
  `id` int(1) NOT NULL AUTO_INCREMENT,
  `pname` varchar(50) NOT NULL,
  `type` varchar(11) NOT NULL,
  `number` varchar(11) NOT NULL,
  `info` varchar(100) DEFAULT NULL,
  `crtime` timestamp NOT NULL DEFAULT current_timestamp(),
  `isdeleted` tinyint(1) DEFAULT 0,
  `tenant` int(11) DEFAULT 0,
  `branch` int(11) DEFAULT 0,
  PRIMARY KEY (`id`)
) ENGINE=InnoDB AUTO_INCREMENT=11 DEFAULT CHARSET=utf8mb4 COLLATE=utf8mb4_general_ci;




DROP TABLE pro_tybes;

CREATE TABLE `pro_tybes` (
  `id` int(11) NOT NULL AUTO_INCREMENT,
  `pname` varchar(200) DEFAULT NULL,
  `ptext` varchar(200) DEFAULT NULL,
  `ptybe` int(11) DEFAULT NULL,
  `info` varchar(200) DEFAULT NULL,
  `crtime` timestamp NOT NULL DEFAULT current_timestamp(),
  `mdtime` timestamp NOT NULL DEFAULT current_timestamp() ON UPDATE current_timestamp(),
  `isdeleted` tinyint(1) DEFAULT 0,
  `tenant` int(11) DEFAULT 0,
  `branch` int(11) DEFAULT 0,
  PRIMARY KEY (`id`)
) ENGINE=InnoDB AUTO_INCREMENT=12 DEFAULT CHARSET=utf8mb4 COLLATE=utf8mb4_general_ci;

INSERT INTO pro_tybes VALUES ("1","سند قبض","","1","","2024-03-14 04:01:35","2024-03-14 04:01:35","0","0","0");
INSERT INTO pro_tybes VALUES ("2","سند دفع","","2","","2024-03-14 04:01:35","2024-03-14 04:02:22","0","0","0");
INSERT INTO pro_tybes VALUES ("3","فاتورة مبيعات","","3","","2024-03-14 04:01:58","2024-03-14 04:02:26","0","0","0");
INSERT INTO pro_tybes VALUES ("4","فاتورة مشتريات","","4","","2024-03-14 04:01:58","2024-03-14 04:02:28","0","0","0");
INSERT INTO pro_tybes VALUES ("5","استحقاق قسط","","5","","2024-03-17 05:53:16","2024-03-17 05:53:27","0","0","0");
INSERT INTO pro_tybes VALUES ("6","خصم مكتسب","","6","","2024-03-17 05:53:16","2024-03-17 05:53:27","0","0","0");
INSERT INTO pro_tybes VALUES ("7","خصم مسموح به","","7","","2024-03-17 05:53:16","2024-03-17 05:53:27","0","0","0");
INSERT INTO pro_tybes VALUES ("8","قيد يومية","","8","","2024-05-14 14:06:41","2024-05-14 14:06:54","0","0","0");
INSERT INTO pro_tybes VALUES ("9","فاتورة كاشير","","9","","2024-05-14 14:06:41","2024-07-19 20:25:29","0","0","0");
INSERT INTO pro_tybes VALUES ("10","فاتورة مردود مبيعات","","9","","2024-05-14 14:06:41","2024-07-19 20:25:29","0","0","0");
INSERT INTO pro_tybes VALUES ("11","فاتورة مردود مشتريات","","9","","2024-05-14 14:06:41","2024-07-19 20:25:29","0","0","0");



DROP TABLE process;

CREATE TABLE `process` (
  `id` int(11) NOT NULL AUTO_INCREMENT,
  `type` varchar(255) NOT NULL,
  `crtime` timestamp NOT NULL DEFAULT current_timestamp(),
  PRIMARY KEY (`id`)
) ENGINE=InnoDB AUTO_INCREMENT=274 DEFAULT CHARSET=utf8mb4 COLLATE=utf8mb4_general_ci;

INSERT INTO process VALUES ("1","add account","2024-08-05 20:27:56");
INSERT INTO process VALUES ("2","add account >> Lucian Hunt","2024-08-05 20:29:43");
INSERT INTO process VALUES ("3","logout >> ","2024-08-05 20:39:59");
INSERT INTO process VALUES ("4","logout >> ","2024-08-05 20:40:05");
INSERT INTO process VALUES ("5","logout >> admin","2024-08-05 20:42:05");
INSERT INTO process VALUES ("6","add jop","2024-08-06 06:07:42");
INSERT INTO process VALUES ("7","add jop","2024-08-06 06:09:30");
INSERT INTO process VALUES ("8","logout >> ","2024-08-06 18:54:16");
INSERT INTO process VALUES ("9","add employee","2024-08-06 22:03:20");
INSERT INTO process VALUES ("10","logout >> admin","2024-08-07 05:07:46");
INSERT INTO process VALUES ("11","logout >> admin","2024-08-07 06:37:34");
INSERT INTO process VALUES ("12","logout >> admin","2024-08-07 06:40:41");
INSERT INTO process VALUES ("13","logout >> admin","2024-08-07 19:19:56");
INSERT INTO process VALUES ("14","add manual fb","2024-08-07 20:30:26");
INSERT INTO process VALUES ("15","add employee","2024-08-07 20:55:03");
INSERT INTO process VALUES ("16","add mopile face","2024-08-07 20:58:16");
INSERT INTO process VALUES ("17","add mopile face","2024-08-07 21:00:21");
INSERT INTO process VALUES ("18","logout >> admin","2024-08-08 03:13:38");
INSERT INTO process VALUES ("19","logout >> admin","2024-08-08 03:13:58");
INSERT INTO process VALUES ("20","logout >> admin","2024-08-08 03:14:07");
INSERT INTO process VALUES ("21","add calcsalary","2024-08-10 18:10:07");
INSERT INTO process VALUES ("22","add calcsalary","2024-08-10 18:42:50");
INSERT INTO process VALUES ("23","add calcsalary","2024-08-10 18:44:31");
INSERT INTO process VALUES ("24","add calcsalary","2024-08-10 18:48:21");
INSERT INTO process VALUES ("25","add calcsalary","2024-08-10 18:52:56");
INSERT INTO process VALUES ("26","add calcsalary","2024-08-10 18:54:30");
INSERT INTO process VALUES ("27","add calcsalary","2024-08-10 18:55:14");
INSERT INTO process VALUES ("28","add calcsalary","2024-08-11 10:34:03");
INSERT INTO process VALUES ("29","add calcsalary","2024-08-11 10:34:43");
INSERT INTO process VALUES ("30","add calcsalary","2024-08-11 10:35:32");
INSERT INTO process VALUES ("31","add calcsalary","2024-08-11 10:39:13");
INSERT INTO process VALUES ("32","add calcsalary","2024-08-11 16:59:04");
INSERT INTO process VALUES ("33","add calcsalary","2024-08-11 17:06:07");
INSERT INTO process VALUES ("34","add calcsalary","2024-08-11 17:25:10");
INSERT INTO process VALUES ("35","add calcsalary","2024-08-11 17:26:13");
INSERT INTO process VALUES ("36","add calcsalary","2024-08-11 17:42:59");
INSERT INTO process VALUES ("37","add calcgroup","2024-08-11 17:45:56");
INSERT INTO process VALUES ("38","add calcgroup","2024-08-11 17:45:56");
INSERT INTO process VALUES ("39","add calcgroup","2024-08-11 17:45:56");
INSERT INTO process VALUES ("40","add calcgroup","2024-08-11 17:45:56");
INSERT INTO process VALUES ("41","add calcgroup","2024-08-11 17:45:57");
INSERT INTO process VALUES ("42","add calcgroup","2024-08-11 17:45:57");
INSERT INTO process VALUES ("43","add calcgroup","2024-08-11 17:45:57");
INSERT INTO process VALUES ("44","add calcgroup","2024-08-11 17:45:57");
INSERT INTO process VALUES ("45","add calcgroup","2024-08-11 17:46:16");
INSERT INTO process VALUES ("46","add calcgroup","2024-08-11 17:46:16");
INSERT INTO process VALUES ("47","add calcgroup","2024-08-11 17:46:17");
INSERT INTO process VALUES ("48","add calcgroup","2024-08-11 17:46:17");
INSERT INTO process VALUES ("49","add calcgroup","2024-08-11 17:46:17");
INSERT INTO process VALUES ("50","add calcgroup","2024-08-11 17:46:17");
INSERT INTO process VALUES ("51","add calcgroup","2024-08-11 17:46:18");
INSERT INTO process VALUES ("52","add calcgroup","2024-08-11 17:46:18");
INSERT INTO process VALUES ("53","add calcsalary","2024-08-11 17:53:04");
INSERT INTO process VALUES ("54","add calcsalary","2024-08-11 17:54:01");
INSERT INTO process VALUES ("55","add calcsalary","2024-08-11 17:56:19");
INSERT INTO process VALUES ("56","add calcsalary","2024-08-11 17:58:20");
INSERT INTO process VALUES ("57","add calcsalary","2024-08-11 18:28:31");
INSERT INTO process VALUES ("58","add calcsalary","2024-08-11 19:25:05");
INSERT INTO process VALUES ("59","add calcsalary","2024-08-11 19:25:31");
INSERT INTO process VALUES ("60","add calcsalary","2024-08-11 19:26:00");
INSERT INTO process VALUES ("61","add item","2024-08-11 21:53:56");
INSERT INTO process VALUES ("62","add buy","2024-08-11 21:54:29");
INSERT INTO process VALUES ("63","add calcgroup","2024-08-11 22:16:04");
INSERT INTO process VALUES ("64","add calcgroup","2024-08-11 22:16:04");
INSERT INTO process VALUES ("65","add calcgroup","2024-08-11 22:16:04");
INSERT INTO process VALUES ("66","add calcgroup","2024-08-11 22:16:05");
INSERT INTO process VALUES ("67","add calcgroup","2024-08-11 22:16:05");
INSERT INTO process VALUES ("68","add calcgroup","2024-08-11 22:16:05");
INSERT INTO process VALUES ("69","add calcgroup","2024-08-11 22:16:05");
INSERT INTO process VALUES ("70","add calcgroup","2024-08-11 22:16:05");
INSERT INTO process VALUES ("71","add calcsalary","2024-08-11 22:18:08");
INSERT INTO process VALUES ("72","add cash","2024-08-11 22:39:47");
INSERT INTO process VALUES ("73","add calcsalary","2024-08-12 06:14:01");
INSERT INTO process VALUES ("74","add calcsalary","2024-08-12 06:28:37");
INSERT INTO process VALUES ("75","logout >> admin","2024-08-12 15:26:17");
INSERT INTO process VALUES ("76","add calcsalary","2024-08-12 15:35:22");
INSERT INTO process VALUES ("77","add calcsalary","2024-08-12 17:51:29");
INSERT INTO process VALUES ("78","add calcsalary","2024-08-12 17:53:07");
INSERT INTO process VALUES ("79","add calcsalary","2024-08-12 17:54:26");
INSERT INTO process VALUES ("80","add calcsalary","2024-08-12 17:57:27");
INSERT INTO process VALUES ("81","add calcsalary","2024-08-12 17:58:02");
INSERT INTO process VALUES ("82","add calcsalary","2024-08-12 18:25:41");
INSERT INTO process VALUES ("83","add calcsalary","2024-08-12 18:43:32");
INSERT INTO process VALUES ("84","add calcsalary","2024-08-12 18:45:57");
INSERT INTO process VALUES ("85","add calcsalary","2024-08-12 18:46:27");
INSERT INTO process VALUES ("86","add calcsalary","2024-08-12 18:47:41");
INSERT INTO process VALUES ("87","add calcsalary","2024-08-12 18:49:35");
INSERT INTO process VALUES ("88","add calcsalary","2024-08-12 19:22:17");
INSERT INTO process VALUES ("89","add calcsalary","2024-08-12 19:23:42");
INSERT INTO process VALUES ("90","add calcsalary","2024-08-12 19:25:07");
INSERT INTO process VALUES ("91","add calcsalary","2024-08-12 19:26:24");
INSERT INTO process VALUES ("92","add calcsalary","2024-08-12 19:27:40");
INSERT INTO process VALUES ("93","add calcsalary","2024-08-12 20:00:50");
INSERT INTO process VALUES ("94","add calcsalary","2024-08-12 20:01:57");
INSERT INTO process VALUES ("95","add calcsalary","2024-08-12 20:05:30");
INSERT INTO process VALUES ("96","add calcsalary","2024-08-12 20:06:09");
INSERT INTO process VALUES ("97","add calcsalary","2024-08-12 20:09:34");
INSERT INTO process VALUES ("98","add calcsalary","2024-08-12 20:11:16");
INSERT INTO process VALUES ("99","add calcsalary","2024-08-12 20:12:56");
INSERT INTO process VALUES ("100","add calcsalary","2024-08-12 20:17:07");
INSERT INTO process VALUES ("101","add calcgroup","2024-08-12 20:34:54");
INSERT INTO process VALUES ("102","add calcgroup","2024-08-12 20:34:54");
INSERT INTO process VALUES ("103","add calcgroup","2024-08-12 20:34:55");
INSERT INTO process VALUES ("104","add calcgroup","2024-08-12 20:34:55");
INSERT INTO process VALUES ("105","add calcgroup","2024-08-12 20:34:55");
INSERT INTO process VALUES ("106","add calcgroup","2024-08-12 20:34:55");
INSERT INTO process VALUES ("107","add calcgroup","2024-08-12 20:34:56");
INSERT INTO process VALUES ("108","add calcgroup","2024-08-12 20:34:56");
INSERT INTO process VALUES ("109","add calcsalary","2024-08-12 20:38:46");
INSERT INTO process VALUES ("110","add calcsalary","2024-08-12 20:38:47");
INSERT INTO process VALUES ("111","add calcsalary","2024-08-12 20:38:47");
INSERT INTO process VALUES ("112","add calcsalary","2024-08-12 20:38:47");
INSERT INTO process VALUES ("113","add calcsalary","2024-08-12 20:38:47");
INSERT INTO process VALUES ("114","add calcsalary","2024-08-12 20:38:48");
INSERT INTO process VALUES ("115","add calcsalary","2024-08-12 20:38:48");
INSERT INTO process VALUES ("116","add calcsalary","2024-08-12 20:38:48");
INSERT INTO process VALUES ("117","logout >> admin","2024-08-13 11:24:38");
INSERT INTO process VALUES ("118","logout >> admin","2024-08-13 11:24:48");
INSERT INTO process VALUES ("119","logout >> admin","2024-08-13 11:24:59");
INSERT INTO process VALUES ("120","logout >> admin","2024-08-13 11:25:07");
INSERT INTO process VALUES ("121","add calcsalary","2024-08-13 11:28:10");
INSERT INTO process VALUES ("122","add calcsalary","2024-08-13 11:28:10");
INSERT INTO process VALUES ("123","add calcsalary","2024-08-13 11:28:11");
INSERT INTO process VALUES ("124","add calcsalary","2024-08-13 11:28:11");
INSERT INTO process VALUES ("125","add calcsalary","2024-08-13 11:28:11");
INSERT INTO process VALUES ("126","add calcsalary","2024-08-13 11:28:11");
INSERT INTO process VALUES ("127","add calcsalary","2024-08-13 11:28:11");
INSERT INTO process VALUES ("128","add calcsalary","2024-08-13 11:28:12");
INSERT INTO process VALUES ("129","add calcsalary","2024-08-13 14:09:27");
INSERT INTO process VALUES ("130","add calcsalary","2024-08-13 14:09:27");
INSERT INTO process VALUES ("131","add calcsalary","2024-08-13 14:09:27");
INSERT INTO process VALUES ("132","add calcsalary","2024-08-13 14:09:28");
INSERT INTO process VALUES ("133","add calcsalary","2024-08-13 14:09:28");
INSERT INTO process VALUES ("134","add calcsalary","2024-08-13 14:09:28");
INSERT INTO process VALUES ("135","add calcsalary","2024-08-13 14:09:28");
INSERT INTO process VALUES ("136","add calcsalary","2024-08-13 14:09:29");
INSERT INTO process VALUES ("137","add shift","2024-08-13 23:08:42");
INSERT INTO process VALUES ("138","add manual fb","2024-08-13 23:24:00");
INSERT INTO process VALUES ("139","add manual fb","2024-08-13 23:24:25");
INSERT INTO process VALUES ("140","add manual fb","2024-08-13 23:24:57");
INSERT INTO process VALUES ("141","add manual fb","2024-08-13 23:25:36");
INSERT INTO process VALUES ("142","add manual fb","2024-08-13 23:25:47");
INSERT INTO process VALUES ("143","add manual fb","2024-08-13 23:26:21");
INSERT INTO process VALUES ("144","add calcsalary","2024-08-13 23:54:02");
INSERT INTO process VALUES ("145","add manual fb","2024-08-14 00:31:03");
INSERT INTO process VALUES ("146","add manual fb","2024-08-14 00:31:26");
INSERT INTO process VALUES ("147","add manual fb","2024-08-14 00:31:45");
INSERT INTO process VALUES ("148","add manual fb","2024-08-14 00:32:08");
INSERT INTO process VALUES ("149","add manual fb","2024-08-14 00:32:31");
INSERT INTO process VALUES ("150","add manual fb","2024-08-14 00:37:35");
INSERT INTO process VALUES ("151","add manual fb","2024-08-14 00:42:50");
INSERT INTO process VALUES ("152","add manual fb","2024-08-14 00:43:22");
INSERT INTO process VALUES ("153","add manual fb","2024-08-14 05:25:29");
INSERT INTO process VALUES ("154","add calcsalary","2024-08-14 15:14:24");
INSERT INTO process VALUES ("155","add calcsalary","2024-08-14 15:20:18");
INSERT INTO process VALUES ("156","add calcsalary","2024-08-14 15:56:11");
INSERT INTO process VALUES ("157","add calcsalary","2024-08-14 16:01:37");
INSERT INTO process VALUES ("158","add calcsalary","2024-08-14 17:14:45");
INSERT INTO process VALUES ("159","add calcsalary","2024-08-14 17:19:40");
INSERT INTO process VALUES ("160","add calcsalary","2024-08-14 17:34:25");
INSERT INTO process VALUES ("161","add calcsalary","2024-08-14 18:05:18");
INSERT INTO process VALUES ("162","add calcsalary","2024-08-14 18:05:59");
INSERT INTO process VALUES ("163","add calcsalary","2024-08-14 18:07:55");
INSERT INTO process VALUES ("164","add calcsalary","2024-08-14 19:14:23");
INSERT INTO process VALUES ("165","add calcsalary","2024-08-14 21:05:56");
INSERT INTO process VALUES ("166","add calcsalary","2024-08-15 00:11:59");
INSERT INTO process VALUES ("167","add calcsalary","2024-08-15 00:13:21");
INSERT INTO process VALUES ("168","add cash","2024-08-19 16:07:11");
INSERT INTO process VALUES ("169","logout >> admin","2024-08-19 16:07:29");
INSERT INTO process VALUES ("170","add calcsalary","2024-08-19 22:04:49");
INSERT INTO process VALUES ("171","add calcsalary","2024-08-19 22:06:36");
INSERT INTO process VALUES ("172","add calcsalary","2024-08-21 15:43:29");
INSERT INTO process VALUES ("173","add calcsalary","2024-08-21 15:43:29");
INSERT INTO process VALUES ("174","add calcsalary","2024-08-21 15:43:29");
INSERT INTO process VALUES ("175","add calcsalary","2024-08-21 15:43:29");
INSERT INTO process VALUES ("176","add calcsalary","2024-08-21 15:43:29");
INSERT INTO process VALUES ("177","add calcsalary","2024-08-21 15:43:29");
INSERT INTO process VALUES ("178","add calcsalary","2024-08-21 15:43:29");
INSERT INTO process VALUES ("179","add calcsalary","2024-08-21 15:43:29");
INSERT INTO process VALUES ("180","add calcgroup","2024-08-21 15:43:29");
INSERT INTO process VALUES ("181","add calcsalary","2024-08-21 15:46:37");
INSERT INTO process VALUES ("182","add calcsalary","2024-08-21 15:46:37");
INSERT INTO process VALUES ("183","add calcsalary","2024-08-21 15:46:37");
INSERT INTO process VALUES ("184","add calcsalary","2024-08-21 15:46:37");
INSERT INTO process VALUES ("185","add calcsalary","2024-08-21 15:46:38");
INSERT INTO process VALUES ("186","add calcsalary","2024-08-21 15:46:38");
INSERT INTO process VALUES ("187","add calcsalary","2024-08-21 15:46:38");
INSERT INTO process VALUES ("188","add calcsalary","2024-08-21 15:46:38");
INSERT INTO process VALUES ("189","add calcgroup","2024-08-21 15:46:38");
INSERT INTO process VALUES ("190","add calcsalary","2024-08-21 20:30:33");
INSERT INTO process VALUES ("191","add calcsalary","2024-08-21 20:30:33");
INSERT INTO process VALUES ("192","add calcsalary","2024-08-21 20:30:34");
INSERT INTO process VALUES ("193","add calcsalary","2024-08-21 20:30:34");
INSERT INTO process VALUES ("194","add calcsalary","2024-08-21 20:30:34");
INSERT INTO process VALUES ("195","add calcsalary","2024-08-21 20:30:34");
INSERT INTO process VALUES ("196","add calcsalary","2024-08-21 20:30:34");
INSERT INTO process VALUES ("197","add calcsalary","2024-08-21 20:30:34");
INSERT INTO process VALUES ("198","add calcgroup","2024-08-21 20:30:34");
INSERT INTO process VALUES ("199","add calcsalary","2024-08-21 20:33:06");
INSERT INTO process VALUES ("200","add calcsalary","2024-08-21 20:33:06");
INSERT INTO process VALUES ("201","add calcsalary","2024-08-21 20:33:07");
INSERT INTO process VALUES ("202","add calcsalary","2024-08-21 20:33:07");
INSERT INTO process VALUES ("203","add calcsalary","2024-08-21 20:33:07");
INSERT INTO process VALUES ("204","add calcsalary","2024-08-21 20:33:07");
INSERT INTO process VALUES ("205","add calcsalary","2024-08-21 20:33:08");
INSERT INTO process VALUES ("206","add calcsalary","2024-08-21 20:33:08");
INSERT INTO process VALUES ("207","add calcgroup","2024-08-21 20:33:08");
INSERT INTO process VALUES ("208","add calcsalary","2024-08-21 20:36:13");
INSERT INTO process VALUES ("209","add calcsalary","2024-08-21 20:36:13");
INSERT INTO process VALUES ("210","add calcsalary","2024-08-21 20:36:14");
INSERT INTO process VALUES ("211","add calcsalary","2024-08-21 20:36:14");
INSERT INTO process VALUES ("212","add calcsalary","2024-08-21 20:36:14");
INSERT INTO process VALUES ("213","add calcsalary","2024-08-21 20:36:14");
INSERT INTO process VALUES ("214","add calcsalary","2024-08-21 20:36:14");
INSERT INTO process VALUES ("215","add calcsalary","2024-08-21 20:36:15");
INSERT INTO process VALUES ("216","add calcgroup","2024-08-21 20:36:15");
INSERT INTO process VALUES ("217","add account >> حماده امجد","2024-08-24 15:11:38");
INSERT INTO process VALUES ("218","add account >> 90 كمبيوتر","2024-08-24 15:11:55");
INSERT INTO process VALUES ("219","add account >> المكتب","2024-08-24 18:46:29");
INSERT INTO process VALUES ("220","add buy","2024-08-24 18:53:49");
INSERT INTO process VALUES ("221","logout >> بائع","2024-08-24 19:35:07");
INSERT INTO process VALUES ("222","add calcsalary","2024-08-24 20:08:17");
INSERT INTO process VALUES ("223","add calcsalary","2024-08-27 00:42:19");
INSERT INTO process VALUES ("224","add calcsalary","2024-08-27 00:42:19");
INSERT INTO process VALUES ("225","add calcsalary","2024-08-27 00:42:19");
INSERT INTO process VALUES ("226","add calcsalary","2024-08-27 00:42:19");
INSERT INTO process VALUES ("227","add calcsalary","2024-08-27 00:42:19");
INSERT INTO process VALUES ("228","add calcsalary","2024-08-27 00:42:20");
INSERT INTO process VALUES ("229","add calcsalary","2024-08-27 00:42:20");
INSERT INTO process VALUES ("230","add calcsalary","2024-08-27 00:42:20");
INSERT INTO process VALUES ("231","add calcgroup","2024-08-27 00:42:20");
INSERT INTO process VALUES ("232","add buy","2024-09-04 18:57:42");
INSERT INTO process VALUES ("233","add sales","2024-09-04 18:58:25");
INSERT INTO process VALUES ("234","add sales","2024-09-04 19:00:31");
INSERT INTO process VALUES ("235","add buy","2024-09-04 19:02:37");
INSERT INTO process VALUES ("236","add sales","2024-09-04 19:03:30");
INSERT INTO process VALUES ("237","add buy","2024-09-04 20:00:06");
INSERT INTO process VALUES ("238","add sales","2024-09-04 20:00:50");
INSERT INTO process VALUES ("239","add sales","2024-09-04 20:18:36");
INSERT INTO process VALUES ("240","add buy","2024-09-04 20:48:43");
INSERT INTO process VALUES ("241","add buy","2024-09-04 21:32:50");
INSERT INTO process VALUES ("242","add sales","2024-09-04 21:34:39");
INSERT INTO process VALUES ("243","add cash","2024-09-09 03:20:37");
INSERT INTO process VALUES ("244","add item","2024-09-14 19:42:45");
INSERT INTO process VALUES ("245","add item","2024-09-16 17:15:58");
INSERT INTO process VALUES ("246","add item","2024-09-16 17:16:20");
INSERT INTO process VALUES ("247","add mopile face","2024-09-18 20:55:44");
INSERT INTO process VALUES ("248","logout >> admin","2024-09-19 20:47:32");
INSERT INTO process VALUES ("249","add item","2024-09-21 06:37:34");
INSERT INTO process VALUES ("250","add unit","2024-09-22 19:54:45");
INSERT INTO process VALUES ("251","add item","2024-09-22 21:06:55");
INSERT INTO process VALUES ("252","add item","2024-09-23 14:46:30");
INSERT INTO process VALUES ("253","add item","2024-09-23 16:19:44");
INSERT INTO process VALUES ("254","add item","2024-09-23 20:04:17");
INSERT INTO process VALUES ("255","add invoice","2024-09-23 20:05:49");
INSERT INTO process VALUES ("256","add item","2024-09-24 06:35:13");
INSERT INTO process VALUES ("257","add item","2024-09-24 07:08:04");
INSERT INTO process VALUES ("258","add item","2024-09-25 18:57:14");
INSERT INTO process VALUES ("259","logout >> admin","2024-09-28 02:48:36");
INSERT INTO process VALUES ("260","add buy","2024-09-28 17:33:53");
INSERT INTO process VALUES ("261","add buy","2024-09-28 21:07:39");
INSERT INTO process VALUES ("262","add buy","2024-09-28 21:40:33");
INSERT INTO process VALUES ("263","add buy","2024-09-28 21:56:12");
INSERT INTO process VALUES ("264","add unit","2024-09-28 22:15:39");
INSERT INTO process VALUES ("265","add item","2024-09-28 22:17:15");
INSERT INTO process VALUES ("266","add buy","2024-09-28 22:18:42");
INSERT INTO process VALUES ("267","add buy","2024-09-28 22:24:16");
INSERT INTO process VALUES ("268","add sales","2024-09-28 22:50:40");
INSERT INTO process VALUES ("269","add item","2024-09-30 03:28:58");
INSERT INTO process VALUES ("270","add buy","2024-09-30 03:31:01");
INSERT INTO process VALUES ("271","add buy","2024-09-30 03:38:37");
INSERT INTO process VALUES ("272","add buy","2024-10-01 01:30:46");
INSERT INTO process VALUES ("273","add buy","2024-10-01 06:23:18");



DROP TABLE prods;

CREATE TABLE `prods` (
  `id` int(1) NOT NULL AUTO_INCREMENT,
  `pname` varchar(50) NOT NULL,
  `info` varchar(100) DEFAULT NULL,
  `crtime` timestamp NOT NULL DEFAULT current_timestamp(),
  `isdeleted` tinyint(1) DEFAULT 0,
  `tenant` int(11) DEFAULT 0,
  `branch` int(11) DEFAULT 0,
  PRIMARY KEY (`id`)
) ENGINE=InnoDB AUTO_INCREMENT=12 DEFAULT CHARSET=utf8mb4 COLLATE=utf8mb4_general_ci;




DROP TABLE productions;

CREATE TABLE `productions` (
  `id` int(11) NOT NULL AUTO_INCREMENT,
  `snd_id` int(11) NOT NULL,
  `date` date NOT NULL,
  `emp_name` varchar(100) NOT NULL,
  `qty` double NOT NULL,
  `price` double NOT NULL,
  `value` double NOT NULL,
  `info` varchar(150) DEFAULT NULL,
  `info2` varchar(150) DEFAULT NULL,
  `crtime` timestamp NOT NULL DEFAULT current_timestamp(),
  `mdtime` timestamp NOT NULL DEFAULT current_timestamp() ON UPDATE current_timestamp(),
  `user` int(11) NOT NULL DEFAULT 1,
  `isdeleted` int(11) NOT NULL DEFAULT 0,
  `tenant` int(11) NOT NULL DEFAULT 0,
  `branch` int(11) NOT NULL DEFAULT 0,
  PRIMARY KEY (`id`)
) ENGINE=InnoDB AUTO_INCREMENT=45 DEFAULT CHARSET=utf8mb4 COLLATE=utf8mb4_general_ci;

INSERT INTO productions VALUES ("39","2","2011-07-07","حسام دمياط","150","10","1500","Officia autem dolore","Quam mollit ut itaqu","2024-08-24 14:56:40","2024-08-24 14:56:40","1","0","0","0");
INSERT INTO productions VALUES ("40","2","2011-07-07","عبدالهادي العدوي محمد المنير","160","10","1600","Officia autem dolore","Eum in ullam sed qui","2024-08-24 14:56:40","2024-08-24 14:56:40","1","0","0","0");
INSERT INTO productions VALUES ("41","2","2011-07-07","عبدالهادي العدوي محمد المنير","170","10","1700","Officia autem dolore","Cumque voluptates vo","2024-08-24 14:56:40","2024-08-24 14:56:40","1","0","0","0");
INSERT INTO productions VALUES ("42","2","2011-07-07","حسام دمياط","180","10","1800","Officia autem dolore","Dolor voluptate temp","2024-08-24 14:56:40","2024-08-24 14:56:40","1","0","0","0");
INSERT INTO productions VALUES ("43","3","2024-07-24","اسلام هاني","15","10","150","","","2024-08-24 20:07:10","2024-08-24 20:07:10","1","0","0","0");
INSERT INTO productions VALUES ("44","4","2024-07-05","اسلام هاني","20","10","200","","","2024-08-24 20:07:52","2024-08-24 20:07:52","1","0","0","0");



DROP TABLE pst_activities;

CREATE TABLE `pst_activities` (
  `id` int(1) NOT NULL AUTO_INCREMENT,
  `aname` varchar(111) NOT NULL,
  `info` varchar(111) DEFAULT NULL,
  `crtime` timestamp NOT NULL DEFAULT current_timestamp(),
  `mdtime` timestamp NOT NULL DEFAULT current_timestamp() ON UPDATE current_timestamp(),
  `user` int(1) DEFAULT 0,
  `isdeleted` tinyint(1) DEFAULT 0,
  `tenant` int(11) DEFAULT 0,
  `branch` int(11) DEFAULT 0,
  PRIMARY KEY (`id`)
) ENGINE=InnoDB DEFAULT CHARSET=utf8mb4 COLLATE=utf8mb4_general_ci;




DROP TABLE pst_criminals;

CREATE TABLE `pst_criminals` (
  `id` int(1) NOT NULL AUTO_INCREMENT,
  `cname` varchar(150) NOT NULL,
  `otherdetails` varchar(200) DEFAULT NULL,
  `karta` int(1) DEFAULT NULL,
  `dngrs` int(1) DEFAULT NULL,
  `fesh` int(1) DEFAULT NULL,
  `prtnrs` varchar(150) DEFAULT NULL,
  `crmaddress` varchar(150) DEFAULT NULL,
  `idcardnum` varchar(150) DEFAULT NULL,
  `scar` varchar(150) DEFAULT NULL,
  `mname` varchar(150) DEFAULT NULL,
  `nickname` varchar(150) DEFAULT NULL,
  `tybe` varchar(150) DEFAULT NULL,
  `danger_factor` int(1) NOT NULL DEFAULT 1,
  `info` varchar(150) DEFAULT NULL,
  `crtime` timestamp NOT NULL DEFAULT current_timestamp(),
  `mdtime` timestamp NOT NULL DEFAULT current_timestamp() ON UPDATE current_timestamp(),
  `user` int(1) NOT NULL,
  `isdeleted` tinyint(1) DEFAULT 0,
  `tenant` int(11) DEFAULT 0,
  `branch` int(11) DEFAULT 0,
  PRIMARY KEY (`id`)
) ENGINE=InnoDB DEFAULT CHARSET=utf8mb4 COLLATE=utf8mb4_general_ci;




DROP TABLE pst_crmstyles;

CREATE TABLE `pst_crmstyles` (
  `id` int(1) NOT NULL AUTO_INCREMENT,
  `cname` varchar(150) NOT NULL,
  `info` varchar(150) DEFAULT NULL,
  `crtime` timestamp NOT NULL DEFAULT current_timestamp(),
  `mdtime` timestamp NOT NULL DEFAULT current_timestamp() ON UPDATE current_timestamp(),
  `user` int(1) NOT NULL,
  `isdeleted` tinyint(1) DEFAULT 0,
  `tenant` int(11) DEFAULT 0,
  `branch` int(11) DEFAULT 0,
  PRIMARY KEY (`id`)
) ENGINE=InnoDB DEFAULT CHARSET=utf8mb4 COLLATE=utf8mb4_general_ci;




DROP TABLE pst_gangs;

CREATE TABLE `pst_gangs` (
  `id` int(1) NOT NULL AUTO_INCREMENT,
  `gname` varchar(150) NOT NULL,
  `info` varchar(150) DEFAULT NULL,
  `crtime` timestamp NOT NULL DEFAULT current_timestamp(),
  `mdtime` timestamp NOT NULL DEFAULT current_timestamp() ON UPDATE current_timestamp(),
  `user` int(1) NOT NULL,
  `isdeleted` tinyint(1) DEFAULT 0,
  `tenant` int(11) DEFAULT 0,
  `branch` int(11) DEFAULT 0,
  PRIMARY KEY (`id`)
) ENGINE=InnoDB DEFAULT CHARSET=utf8mb4 COLLATE=utf8mb4_general_ci;




DROP TABLE pst_issues;

CREATE TABLE `pst_issues` (
  `id` int(1) NOT NULL AUTO_INCREMENT,
  `iname` varchar(150) NOT NULL,
  `issue_tybe` int(1) NOT NULL DEFAULT 1,
  `info` varchar(150) DEFAULT NULL,
  `crtime` timestamp NOT NULL DEFAULT current_timestamp(),
  `mdtime` timestamp NOT NULL DEFAULT current_timestamp() ON UPDATE current_timestamp(),
  `user` int(1) NOT NULL,
  `isdeleted` tinyint(1) DEFAULT 0,
  `tenant` int(11) DEFAULT 0,
  `branch` int(11) DEFAULT 0,
  PRIMARY KEY (`id`)
) ENGINE=InnoDB DEFAULT CHARSET=utf8mb4 COLLATE=utf8mb4_general_ci;




DROP TABLE rays;

CREATE TABLE `rays` (
  `id` int(11) NOT NULL AUTO_INCREMENT,
  `client` int(11) NOT NULL,
  `lap` int(11) NOT NULL,
  `name` varchar(250) NOT NULL,
  `comment` varchar(250) DEFAULT NULL,
  `img` varchar(250) DEFAULT NULL,
  `crtime` timestamp NULL DEFAULT current_timestamp(),
  `mdtime` timestamp NOT NULL DEFAULT current_timestamp() ON UPDATE current_timestamp(),
  `info` varchar(250) DEFAULT NULL,
  `isdeleted` tinyint(1) DEFAULT 0,
  `tenant` int(11) DEFAULT 0,
  `branch` int(11) DEFAULT 0,
  PRIMARY KEY (`id`)
) ENGINE=InnoDB DEFAULT CHARSET=utf8mb4 COLLATE=utf8mb4_general_ci;




DROP TABLE reservations;

CREATE TABLE `reservations` (
  `id` int(11) NOT NULL AUTO_INCREMENT,
  `client` int(11) NOT NULL,
  `diseses` varchar(250) DEFAULT '0',
  `phone` varchar(15) DEFAULT NULL,
  `date` date NOT NULL,
  `time` time NOT NULL,
  `start_time` time DEFAULT NULL,
  `end_time` time DEFAULT NULL,
  `duration` double DEFAULT NULL,
  `visittybe` int(11) NOT NULL,
  `crtime` timestamp NOT NULL DEFAULT current_timestamp(),
  `mdtime` timestamp NOT NULL DEFAULT current_timestamp() ON UPDATE current_timestamp(),
  `paid` int(11) DEFAULT 0,
  `deserved` int(11) DEFAULT 0,
  `rest` int(11) DEFAULT 0,
  `done` int(11) DEFAULT 0,
  `info` varchar(250) DEFAULT NULL,
  `isdeleted` tinyint(1) DEFAULT 0,
  `tenant` int(11) DEFAULT 0,
  `branch` int(11) DEFAULT 0,
  PRIMARY KEY (`id`)
) ENGINE=InnoDB AUTO_INCREMENT=2 DEFAULT CHARSET=utf8mb4 COLLATE=utf8mb4_general_ci;




DROP TABLE salaries;

CREATE TABLE `salaries` (
  `id` int(11) NOT NULL AUTO_INCREMENT,
  `empid` int(1) NOT NULL,
  `info` varchar(100) DEFAULT NULL,
  `crtime` timestamp NOT NULL DEFAULT current_timestamp(),
  `mdtime` timestamp NOT NULL DEFAULT current_timestamp() ON UPDATE current_timestamp(),
  `starttime` time NOT NULL,
  `endtime` time NOT NULL,
  `salary` double DEFAULT 0,
  `extra` double DEFAULT 0,
  `disc` double DEFAULT 0,
  `allow` double DEFAULT 0,
  `dedu` double DEFAULT 0,
  `total` double NOT NULL DEFAULT 0,
  `isdeleted` tinyint(1) DEFAULT 0,
  `tenant` int(11) DEFAULT 0,
  `branch` int(11) DEFAULT 0,
  PRIMARY KEY (`id`)
) ENGINE=InnoDB DEFAULT CHARSET=utf8mb4 COLLATE=utf8mb4_general_ci;




DROP TABLE services;

CREATE TABLE `services` (
  `id` int(11) NOT NULL AUTO_INCREMENT,
  `sname` varchar(50) NOT NULL,
  `info` varchar(100) DEFAULT NULL,
  `crtime` timestamp NOT NULL DEFAULT current_timestamp(),
  `isdeleted` tinyint(1) DEFAULT 0,
  `tenant` int(11) DEFAULT 0,
  `branch` int(11) DEFAULT 0,
  PRIMARY KEY (`id`)
) ENGINE=InnoDB DEFAULT CHARSET=utf8mb4 COLLATE=utf8mb4_general_ci;




DROP TABLE session_time;

CREATE TABLE `session_time` (
  `id` int(1) NOT NULL AUTO_INCREMENT,
  `user` int(1) NOT NULL,
  `crtime` timestamp NOT NULL DEFAULT current_timestamp(),
  `isdeleted` tinyint(1) DEFAULT 0,
  `tenant` int(11) DEFAULT 0,
  `branch` int(11) DEFAULT 0,
  PRIMARY KEY (`id`)
) ENGINE=InnoDB AUTO_INCREMENT=353 DEFAULT CHARSET=utf8mb4 COLLATE=utf8mb4_general_ci;

INSERT INTO session_time VALUES ("134","1","2024-07-18 20:13:44","0","0","0");
INSERT INTO session_time VALUES ("135","1","2024-07-18 20:48:55","0","0","0");
INSERT INTO session_time VALUES ("136","1","2024-07-19 01:24:12","0","0","0");
INSERT INTO session_time VALUES ("137","1","2024-07-19 02:39:11","0","0","0");
INSERT INTO session_time VALUES ("138","1","2024-07-19 19:30:15","0","0","0");
INSERT INTO session_time VALUES ("139","1","2024-07-19 20:24:33","0","0","0");
INSERT INTO session_time VALUES ("140","1","2024-07-19 21:01:05","0","0","0");
INSERT INTO session_time VALUES ("141","1","2024-07-20 01:35:45","0","0","0");
INSERT INTO session_time VALUES ("142","1","2024-07-20 05:48:06","0","0","0");
INSERT INTO session_time VALUES ("143","1","2024-07-20 14:46:41","0","0","0");
INSERT INTO session_time VALUES ("144","1","2024-07-21 04:29:23","0","0","0");
INSERT INTO session_time VALUES ("145","1","2024-07-21 18:15:17","0","0","0");
INSERT INTO session_time VALUES ("146","1","2024-07-21 19:22:00","0","0","0");
INSERT INTO session_time VALUES ("147","1","2024-07-22 01:06:43","0","0","0");
INSERT INTO session_time VALUES ("148","1","2024-07-22 11:02:52","0","0","0");
INSERT INTO session_time VALUES ("149","1","2024-07-22 21:19:16","0","0","0");
INSERT INTO session_time VALUES ("150","1","2024-07-23 02:27:45","0","0","0");
INSERT INTO session_time VALUES ("151","1","2024-07-23 22:17:31","0","0","0");
INSERT INTO session_time VALUES ("152","1","2024-07-24 18:15:20","0","0","0");
INSERT INTO session_time VALUES ("153","1","2024-07-24 18:19:00","0","0","0");
INSERT INTO session_time VALUES ("154","1","2024-07-24 19:16:57","0","0","0");
INSERT INTO session_time VALUES ("155","1","2024-07-24 20:22:56","0","0","0");
INSERT INTO session_time VALUES ("156","1","2024-07-25 02:05:14","0","0","0");
INSERT INTO session_time VALUES ("157","1","2024-07-25 02:10:19","0","0","0");
INSERT INTO session_time VALUES ("158","1","2024-07-25 04:56:25","0","0","0");
INSERT INTO session_time VALUES ("159","1","2024-07-25 15:30:10","0","0","0");
INSERT INTO session_time VALUES ("160","1","2024-07-25 16:18:03","0","0","0");
INSERT INTO session_time VALUES ("161","1","2024-07-25 17:54:39","0","0","0");
INSERT INTO session_time VALUES ("162","1","2024-07-26 01:23:35","0","0","0");
INSERT INTO session_time VALUES ("163","1","2024-07-26 03:35:15","0","0","0");
INSERT INTO session_time VALUES ("164","1","2024-07-27 04:29:14","0","0","0");
INSERT INTO session_time VALUES ("165","1","2024-07-27 14:37:30","0","0","0");
INSERT INTO session_time VALUES ("166","1","2024-07-27 21:33:57","0","0","0");
INSERT INTO session_time VALUES ("167","1","2024-07-28 04:53:50","0","0","0");
INSERT INTO session_time VALUES ("168","1","2024-07-28 14:58:51","0","0","0");
INSERT INTO session_time VALUES ("169","1","2024-07-28 19:46:47","0","0","0");
INSERT INTO session_time VALUES ("170","1","2024-07-29 04:38:21","0","0","0");
INSERT INTO session_time VALUES ("171","1","2024-07-29 15:56:35","0","0","0");
INSERT INTO session_time VALUES ("172","1","2024-07-29 16:57:05","0","0","0");
INSERT INTO session_time VALUES ("173","1","2024-07-29 18:16:04","0","0","0");
INSERT INTO session_time VALUES ("174","1","2024-07-29 19:07:28","0","0","0");
INSERT INTO session_time VALUES ("175","1","2024-07-29 21:32:44","0","0","0");
INSERT INTO session_time VALUES ("176","1","2024-07-30 03:01:09","0","0","0");
INSERT INTO session_time VALUES ("177","1","2024-07-30 14:57:11","0","0","0");
INSERT INTO session_time VALUES ("178","1","2024-07-30 15:31:54","0","0","0");
INSERT INTO session_time VALUES ("179","1","2024-07-30 16:13:50","0","0","0");
INSERT INTO session_time VALUES ("180","1","2024-07-30 16:43:31","0","0","0");
INSERT INTO session_time VALUES ("181","1","2024-07-30 17:39:50","0","0","0");
INSERT INTO session_time VALUES ("182","1","2024-07-30 17:50:41","0","0","0");
INSERT INTO session_time VALUES ("183","1","2024-07-30 19:25:14","0","0","0");
INSERT INTO session_time VALUES ("184","1","2024-07-30 23:44:22","0","0","0");
INSERT INTO session_time VALUES ("185","1","2024-07-31 01:55:46","0","0","0");
INSERT INTO session_time VALUES ("186","1","2024-07-31 05:39:17","0","0","0");
INSERT INTO session_time VALUES ("187","1","2024-07-31 14:08:14","0","0","0");
INSERT INTO session_time VALUES ("188","1","2024-07-31 18:45:44","0","0","0");
INSERT INTO session_time VALUES ("189","1","2024-07-31 21:00:36","0","0","0");
INSERT INTO session_time VALUES ("190","1","2024-08-03 03:04:36","0","0","0");
INSERT INTO session_time VALUES ("191","1","2024-08-03 16:50:24","0","0","0");
INSERT INTO session_time VALUES ("192","1","2024-08-03 18:59:24","0","0","0");
INSERT INTO session_time VALUES ("193","1","2024-08-03 20:08:58","0","0","0");
INSERT INTO session_time VALUES ("194","1","2024-08-04 16:02:50","0","0","0");
INSERT INTO session_time VALUES ("195","1","2024-08-04 21:36:24","0","0","0");
INSERT INTO session_time VALUES ("196","1","2024-08-05 03:56:19","0","0","0");
INSERT INTO session_time VALUES ("197","1","2024-08-05 15:40:20","0","0","0");
INSERT INTO session_time VALUES ("198","1","2024-08-05 20:01:39","0","0","0");
INSERT INTO session_time VALUES ("199","1","2024-08-05 20:40:01","0","0","0");
INSERT INTO session_time VALUES ("200","1","2024-08-05 20:40:28","0","0","0");
INSERT INTO session_time VALUES ("201","1","2024-08-05 20:42:07","0","0","0");
INSERT INTO session_time VALUES ("202","1","2024-08-05 21:47:40","0","0","0");
INSERT INTO session_time VALUES ("203","1","2024-08-06 01:58:00","0","0","0");
INSERT INTO session_time VALUES ("204","1","2024-08-06 15:14:53","0","0","0");
INSERT INTO session_time VALUES ("205","1","2024-08-06 16:54:30","0","0","0");
INSERT INTO session_time VALUES ("206","1","2024-08-06 16:55:46","0","0","0");
INSERT INTO session_time VALUES ("207","1","2024-08-06 18:48:23","0","0","0");
INSERT INTO session_time VALUES ("208","1","2024-08-06 18:52:08","0","0","0");
INSERT INTO session_time VALUES ("209","1","2024-08-06 18:54:21","0","0","0");
INSERT INTO session_time VALUES ("210","1","2024-08-06 20:05:36","0","0","0");
INSERT INTO session_time VALUES ("211","1","2024-08-06 20:55:46","0","0","0");
INSERT INTO session_time VALUES ("212","1","2024-08-06 21:17:19","0","0","0");
INSERT INTO session_time VALUES ("213","1","2024-08-06 21:18:24","0","0","0");
INSERT INTO session_time VALUES ("214","1","2024-08-07 01:17:20","0","0","0");
INSERT INTO session_time VALUES ("215","1","2024-08-07 02:39:58","0","0","0");
INSERT INTO session_time VALUES ("216","1","2024-08-07 05:07:54","0","0","0");
INSERT INTO session_time VALUES ("217","1","2024-08-07 06:37:38","0","0","0");
INSERT INTO session_time VALUES ("218","1","2024-08-07 06:41:57","0","0","0");
INSERT INTO session_time VALUES ("219","1","2024-08-07 15:55:02","0","0","0");
INSERT INTO session_time VALUES ("220","1","2024-08-07 17:08:19","0","0","0");
INSERT INTO session_time VALUES ("221","1","2024-08-07 19:36:13","0","0","0");
INSERT INTO session_time VALUES ("222","0","2024-08-07 20:57:50","0","0","0");
INSERT INTO session_time VALUES ("223","1","2024-08-07 21:49:13","0","0","0");
INSERT INTO session_time VALUES ("224","1","2024-08-08 03:13:14","0","0","0");
INSERT INTO session_time VALUES ("225","1","2024-08-08 03:13:45","0","0","0");
INSERT INTO session_time VALUES ("226","1","2024-08-08 03:14:01","0","0","0");
INSERT INTO session_time VALUES ("227","1","2024-08-08 03:14:11","0","0","0");
INSERT INTO session_time VALUES ("228","1","2024-08-08 16:32:01","0","0","0");
INSERT INTO session_time VALUES ("229","1","2024-08-08 23:11:17","0","0","0");
INSERT INTO session_time VALUES ("230","1","2024-08-09 00:31:41","0","0","0");
INSERT INTO session_time VALUES ("231","1","2024-08-10 02:34:53","0","0","0");
INSERT INTO session_time VALUES ("232","1","2024-08-10 16:11:19","0","0","0");
INSERT INTO session_time VALUES ("233","1","2024-08-10 21:24:19","0","0","0");
INSERT INTO session_time VALUES ("234","1","2024-08-11 10:04:27","0","0","0");
INSERT INTO session_time VALUES ("235","1","2024-08-11 15:54:16","0","0","0");
INSERT INTO session_time VALUES ("236","1","2024-08-11 22:13:58","0","0","0");
INSERT INTO session_time VALUES ("237","1","2024-08-12 06:00:31","0","0","0");
INSERT INTO session_time VALUES ("238","1","2024-08-12 15:26:07","0","0","0");
INSERT INTO session_time VALUES ("239","1","2024-08-12 15:26:35","0","0","0");
INSERT INTO session_time VALUES ("240","0","2024-08-12 21:36:51","0","0","0");
INSERT INTO session_time VALUES ("241","1","2024-08-13 11:24:23","0","0","0");
INSERT INTO session_time VALUES ("242","1","2024-08-13 11:24:43","0","0","0");
INSERT INTO session_time VALUES ("243","1","2024-08-13 11:24:54","0","0","0");
INSERT INTO session_time VALUES ("244","1","2024-08-13 11:25:03","0","0","0");
INSERT INTO session_time VALUES ("245","1","2024-08-13 11:25:49","0","0","0");
INSERT INTO session_time VALUES ("246","1","2024-08-13 14:05:01","0","0","0");
INSERT INTO session_time VALUES ("247","1","2024-08-13 23:05:55","0","0","0");
INSERT INTO session_time VALUES ("248","1","2024-08-14 00:24:55","0","0","0");
INSERT INTO session_time VALUES ("249","1","2024-08-14 04:06:22","0","0","0");
INSERT INTO session_time VALUES ("250","1","2024-08-14 15:06:42","0","0","0");
INSERT INTO session_time VALUES ("251","1","2024-08-14 20:24:12","0","0","0");
INSERT INTO session_time VALUES ("252","1","2024-08-14 20:24:12","0","0","0");
INSERT INTO session_time VALUES ("253","1","2024-08-15 00:06:51","0","0","0");
INSERT INTO session_time VALUES ("254","1","2024-08-15 04:44:53","0","0","0");
INSERT INTO session_time VALUES ("255","1","2024-08-19 05:14:59","0","0","0");
INSERT INTO session_time VALUES ("256","1","2024-08-19 16:06:40","0","0","0");
INSERT INTO session_time VALUES ("257","1","2024-08-19 16:29:26","0","0","0");
INSERT INTO session_time VALUES ("258","1","2024-08-21 05:10:51","0","0","0");
INSERT INTO session_time VALUES ("259","1","2024-08-21 15:03:28","0","0","0");
INSERT INTO session_time VALUES ("260","1","2024-08-21 15:04:31","0","0","0");
INSERT INTO session_time VALUES ("261","1","2024-08-21 15:35:41","0","0","0");
INSERT INTO session_time VALUES ("262","1","2024-08-21 15:49:32","0","0","0");
INSERT INTO session_time VALUES ("263","1","2024-08-21 15:56:15","0","0","0");
INSERT INTO session_time VALUES ("264","1","2024-08-22 10:19:48","0","0","0");
INSERT INTO session_time VALUES ("265","1","2024-08-22 15:37:22","0","0","0");
INSERT INTO session_time VALUES ("266","1","2024-08-22 15:38:21","0","0","0");
INSERT INTO session_time VALUES ("267","1","2024-08-22 15:59:35","0","0","0");
INSERT INTO session_time VALUES ("268","1","2024-08-22 20:11:15","0","0","0");
INSERT INTO session_time VALUES ("269","1","2024-08-23 02:33:27","0","0","0");
INSERT INTO session_time VALUES ("270","1","2024-08-24 03:31:58","0","0","0");
INSERT INTO session_time VALUES ("271","1","2024-08-24 14:54:18","0","0","0");
INSERT INTO session_time VALUES ("272","1","2024-08-24 18:57:36","0","0","0");
INSERT INTO session_time VALUES ("273","1","2024-08-24 19:02:49","0","0","0");
INSERT INTO session_time VALUES ("274","1","2024-08-24 19:35:11","0","0","0");
INSERT INTO session_time VALUES ("275","1","2024-08-25 01:35:22","0","0","0");
INSERT INTO session_time VALUES ("276","1","2024-08-25 15:21:01","0","0","0");
INSERT INTO session_time VALUES ("277","1","2024-08-25 15:48:56","0","0","0");
INSERT INTO session_time VALUES ("278","1","2024-08-26 01:40:38","0","0","0");
INSERT INTO session_time VALUES ("279","1","2024-08-27 00:39:34","0","0","0");
INSERT INTO session_time VALUES ("280","1","2024-08-27 14:50:54","0","0","0");
INSERT INTO session_time VALUES ("281","1","2024-08-28 17:49:48","0","0","0");
INSERT INTO session_time VALUES ("282","1","2024-08-28 23:31:01","0","0","0");
INSERT INTO session_time VALUES ("283","1","2024-08-29 01:44:09","0","0","0");
INSERT INTO session_time VALUES ("284","1","2024-08-29 14:39:26","0","0","0");
INSERT INTO session_time VALUES ("285","1","2024-08-30 05:51:48","0","0","0");
INSERT INTO session_time VALUES ("286","1","2024-08-31 01:31:59","0","0","0");
INSERT INTO session_time VALUES ("287","1","2024-08-31 14:42:17","0","0","0");
INSERT INTO session_time VALUES ("288","1","2024-09-02 16:08:13","0","0","0");
INSERT INTO session_time VALUES ("289","1","2024-09-04 15:04:05","0","0","0");
INSERT INTO session_time VALUES ("290","1","2024-09-04 17:51:33","0","0","0");
INSERT INTO session_time VALUES ("291","1","2024-09-05 19:05:11","0","0","0");
INSERT INTO session_time VALUES ("292","1","2024-09-07 20:47:09","0","0","0");
INSERT INTO session_time VALUES ("293","1","2024-09-07 20:54:11","0","0","0");
INSERT INTO session_time VALUES ("294","1","2024-09-08 03:19:43","0","0","0");
INSERT INTO session_time VALUES ("295","1","2024-09-09 02:30:42","0","0","0");
INSERT INTO session_time VALUES ("296","1","2024-09-09 18:34:39","0","0","0");
INSERT INTO session_time VALUES ("297","1","2024-09-10 03:39:36","0","0","0");
INSERT INTO session_time VALUES ("298","1","2024-09-11 14:13:36","0","0","0");
INSERT INTO session_time VALUES ("299","1","2024-09-14 17:58:16","0","0","0");
INSERT INTO session_time VALUES ("300","1","2024-09-15 00:02:04","0","0","0");
INSERT INTO session_time VALUES ("301","1","2024-09-15 15:41:14","0","0","0");
INSERT INTO session_time VALUES ("302","1","2024-09-16 02:30:32","0","0","0");
INSERT INTO session_time VALUES ("303","1","2024-09-16 16:46:49","0","0","0");
INSERT INTO session_time VALUES ("304","1","2024-09-17 03:22:58","0","0","0");
INSERT INTO session_time VALUES ("305","1","2024-09-17 06:34:34","0","0","0");
INSERT INTO session_time VALUES ("306","1","2024-09-17 21:30:30","0","0","0");
INSERT INTO session_time VALUES ("307","1","2024-09-18 17:12:53","0","0","0");
INSERT INTO session_time VALUES ("308","1","2024-09-18 20:50:39","0","0","0");
INSERT INTO session_time VALUES ("309","0","2024-09-18 20:55:17","0","0","0");
INSERT INTO session_time VALUES ("310","1","2024-09-19 20:43:34","0","0","0");
INSERT INTO session_time VALUES ("311","1","2024-09-19 20:47:42","0","0","0");
INSERT INTO session_time VALUES ("312","1","2024-09-21 01:05:25","0","0","0");
INSERT INTO session_time VALUES ("313","1","2024-09-21 04:45:05","0","0","0");
INSERT INTO session_time VALUES ("314","1","2024-09-21 04:46:17","0","0","0");
INSERT INTO session_time VALUES ("315","1","2024-09-21 04:53:51","0","0","0");
INSERT INTO session_time VALUES ("316","1","2024-09-21 05:38:39","0","0","0");
INSERT INTO session_time VALUES ("317","1","2024-09-21 05:56:39","0","0","0");
INSERT INTO session_time VALUES ("318","1","2024-09-21 06:02:00","0","0","0");
INSERT INTO session_time VALUES ("319","1","2024-09-21 06:03:53","0","0","0");
INSERT INTO session_time VALUES ("320","1","2024-09-21 06:05:54","0","0","0");
INSERT INTO session_time VALUES ("321","1","2024-09-21 06:07:08","0","0","0");
INSERT INTO session_time VALUES ("322","1","2024-09-21 06:07:43","0","0","0");
INSERT INTO session_time VALUES ("323","1","2024-09-21 16:45:49","0","0","0");
INSERT INTO session_time VALUES ("324","1","2024-09-22 19:01:16","0","0","0");
INSERT INTO session_time VALUES ("325","1","2024-09-23 14:40:53","0","0","0");
INSERT INTO session_time VALUES ("326","1","2024-09-23 15:50:50","0","0","0");
INSERT INTO session_time VALUES ("327","1","2024-09-23 19:55:02","0","0","0");
INSERT INTO session_time VALUES ("328","1","2024-09-23 21:54:05","0","0","0");
INSERT INTO session_time VALUES ("329","1","2024-09-23 22:26:09","0","0","0");
INSERT INTO session_time VALUES ("330","1","2024-09-23 22:27:16","0","0","0");
INSERT INTO session_time VALUES ("331","1","2024-09-24 20:00:14","0","0","0");
INSERT INTO session_time VALUES ("332","1","2024-09-25 04:13:16","0","0","0");
INSERT INTO session_time VALUES ("333","1","2024-09-25 16:34:28","0","0","0");
INSERT INTO session_time VALUES ("334","1","2024-09-25 20:58:25","0","0","0");
INSERT INTO session_time VALUES ("335","1","2024-09-25 21:00:11","0","0","0");
INSERT INTO session_time VALUES ("336","1","2024-09-25 21:46:11","0","0","0");
INSERT INTO session_time VALUES ("337","1","2024-09-25 23:31:59","0","0","0");
INSERT INTO session_time VALUES ("338","1","2024-09-27 17:34:43","0","0","0");
INSERT INTO session_time VALUES ("339","1","2024-09-27 18:14:31","0","0","0");
INSERT INTO session_time VALUES ("340","1","2024-09-27 18:16:54","0","0","0");
INSERT INTO session_time VALUES ("341","1","2024-09-27 18:29:08","0","0","0");
INSERT INTO session_time VALUES ("342","1","2024-09-27 18:47:06","0","0","0");
INSERT INTO session_time VALUES ("343","1","2024-09-27 19:29:58","0","0","0");
INSERT INTO session_time VALUES ("344","1","2024-09-27 19:32:41","0","0","0");
INSERT INTO session_time VALUES ("345","1","2024-09-28 02:43:47","0","0","0");
INSERT INTO session_time VALUES ("346","1","2024-09-28 02:47:42","0","0","0");
INSERT INTO session_time VALUES ("347","1","2024-09-28 02:48:40","0","0","0");
INSERT INTO session_time VALUES ("348","1","2024-09-28 15:48:03","0","0","0");
INSERT INTO session_time VALUES ("349","1","2024-09-28 15:48:35","0","0","0");
INSERT INTO session_time VALUES ("350","1","2024-09-29 04:31:19","0","0","0");
INSERT INTO session_time VALUES ("351","1","2024-09-30 03:14:19","0","0","0");
INSERT INTO session_time VALUES ("352","1","2024-10-01 01:22:19","0","0","0");



DROP TABLE settings;

CREATE TABLE `settings` (
  `id` int(1) NOT NULL AUTO_INCREMENT,
  `company_name` varchar(200) DEFAULT NULL,
  `company_add` varchar(200) DEFAULT NULL,
  `company_email` varchar(50) DEFAULT NULL,
  `company_tel` varchar(200) DEFAULT NULL,
  `edit_pass` varchar(50) DEFAULT NULL,
  `lic` varchar(250) DEFAULT NULL,
  `updateline` text DEFAULT NULL,
  `acc_rent` int(11) DEFAULT 0,
  `startdate` date DEFAULT NULL,
  `enddate` date DEFAULT NULL,
  `lang` varchar(20) DEFAULT 'ar',
  `bodycolor` varchar(50) DEFAULT NULL,
  `showhr` int(1) NOT NULL DEFAULT 1,
  `showclinc` int(1) NOT NULL DEFAULT 1,
  `showatt` int(11) NOT NULL DEFAULT 1,
  `showpayroll` int(11) NOT NULL DEFAULT 1,
  `showrent` int(11) NOT NULL DEFAULT 1,
  `showpay` int(11) DEFAULT 1,
  `showtsk` int(11) NOT NULL DEFAULT 1,
  `def_pos_client` int(1) DEFAULT NULL,
  `def_pos_store` int(1) DEFAULT NULL,
  `def_pos_employee` int(1) DEFAULT NULL,
  `def_pos_fund` int(1) DEFAULT NULL,
  `isdeleted` tinyint(1) DEFAULT 0,
  `tenant` int(11) DEFAULT 0,
  `branch` int(11) DEFAULT 0,
  `show_all_tasks` int(1) DEFAULT NULL,
  PRIMARY KEY (`id`)
) ENGINE=InnoDB AUTO_INCREMENT=2 DEFAULT CHARSET=utf8mb4 COLLATE=utf8mb4_general_ci;

INSERT INTO settings VALUES ("1","SKY TEAM","سمنود - برج زايد - الدور الخامس","abdelhadeeladawy@gmail.com","010053662038","1","d35c99e7485691ea14f829029dc03e69A67b8d2f92148f52cad46e331936922e8","","99","2024-01-01","2024-12-31","ar","#f0f0f0","1","1","1","1","1","1","1","155","27","131","21","0","0","0","");



DROP TABLE shifts;

CREATE TABLE `shifts` (
  `id` int(11) NOT NULL AUTO_INCREMENT,
  `name` varchar(20) NOT NULL,
  `info` text DEFAULT NULL,
  `crtime` timestamp NOT NULL DEFAULT current_timestamp(),
  `isdeleted` tinyint(1) DEFAULT 0,
  `shiftstart` time DEFAULT NULL,
  `shiftend` time DEFAULT NULL,
  `hours` double(11,2) DEFAULT NULL,
  `instart` time DEFAULT NULL,
  `inend` time DEFAULT NULL,
  `outstart` time DEFAULT NULL,
  `outend` time DEFAULT NULL,
  `latelimit` int(1) DEFAULT NULL,
  `earlylimit` int(11) DEFAULT NULL,
  `workingdays` varchar(20) DEFAULT NULL,
  `tenant` int(11) DEFAULT 0,
  `branch` int(11) DEFAULT 0,
  PRIMARY KEY (`id`)
) ENGINE=InnoDB AUTO_INCREMENT=17 DEFAULT CHARSET=utf8mb4 COLLATE=utf8mb4_general_ci;

INSERT INTO shifts VALUES ("5","ورديه الاداره","","2023-08-05 04:37:08","","12:00:00","19:00:00","","11:00:00","14:00:00","17:00:00","23:59:00","15","15","6,7,1,2,3,4","0","0");
INSERT INTO shifts VALUES ("12"," وردية مكتب 10","","2024-07-24 13:32:02","","10:00:00","16:00:00","6.00","09:30:00","13:00:00","15:00:00","18:00:00","15","15","6,7,1,2,3,4","0","0");
INSERT INTO shifts VALUES ("13","وردية المحل","","2024-07-24 13:33:57","","13:00:00","22:00:00","9.00","09:00:00","14:30:00","20:00:00","23:59:00","15","15","6,7,1,2,3,4","0","0");
INSERT INTO shifts VALUES ("15","ورديه الاداره","","2023-08-05 01:37:08","","12:00:00","20:00:00","8.00","09:00:00","15:00:00","16:00:00","23:59:00","60","60","6,7,1,2,3,4","0","0");
INSERT INTO shifts VALUES ("16","شيفت ليلي","","2024-08-13 23:08:42","0","16:00:00","02:00:00","-14.00","14:00:00","18:00:00","00:01:00","08:00:00","15","15","6,7,1,2,3,4","0","0");



DROP TABLE shw_optns;

CREATE TABLE `shw_optns` (
  `id` int(11) NOT NULL AUTO_INCREMENT,
  `sname` varchar(100) NOT NULL,
  `is_show` int(11) NOT NULL DEFAULT 0,
  `def_width` int(11) NOT NULL DEFAULT 50,
  `cur_width` int(11) NOT NULL DEFAULT 50,
  `info` varchar(150) DEFAULT NULL,
  `crtime` timestamp NOT NULL DEFAULT current_timestamp(),
  `mdtime` timestamp NOT NULL DEFAULT current_timestamp() ON UPDATE current_timestamp(),
  `isdeleted` tinyint(1) DEFAULT 0,
  `tenant` int(11) DEFAULT 0,
  `branch` int(11) DEFAULT 0,
  PRIMARY KEY (`id`)
) ENGINE=InnoDB AUTO_INCREMENT=18 DEFAULT CHARSET=utf8mb4 COLLATE=utf8mb4_general_ci;

INSERT INTO shw_optns VALUES ("1","op_id","0","50","50","معرف العملية","2024-03-13 19:54:16","2024-03-13 20:32:33","0","0","0");
INSERT INTO shw_optns VALUES ("2","op_date","0","50","50","التاريخ","2024-03-13 20:32:08","2024-03-13 20:32:46","0","0","0");
INSERT INTO shw_optns VALUES ("3","op_tybe","0","50","50","نوع العمليه","2024-03-13 20:32:08","2024-03-13 20:32:54","0","0","0");
INSERT INTO shw_optns VALUES ("4","op_store","0","50","50","المستودع","2024-03-13 20:32:08","2024-03-13 20:32:08","0","0","0");
INSERT INTO shw_optns VALUES ("5","op_num","0","50","50","رقم السند","2024-03-13 20:32:08","2024-03-13 20:32:08","0","0","0");
INSERT INTO shw_optns VALUES ("6","acc_num","0","50","50","رقم الحساب","2024-03-13 20:32:08","2024-03-13 20:32:08","0","0","0");
INSERT INTO shw_optns VALUES ("7","acc_id","0","50","50","اسم الحساب","2024-03-13 20:32:08","2024-03-13 20:32:08","0","0","0");
INSERT INTO shw_optns VALUES ("8","op_val","0","50","50","قيمه العمليه","2024-03-13 20:32:08","2024-03-13 20:32:08","0","0","0");
INSERT INTO shw_optns VALUES ("9","op_profit","0","50","50","الربح","2024-03-13 20:32:08","2024-03-13 20:33:07","0","0","0");
INSERT INTO shw_optns VALUES ("10","emb_id","0","50","50","البائع","2024-03-13 20:32:08","2024-03-13 20:33:15","0","0","0");
INSERT INTO shw_optns VALUES ("11","usid","0","50","50","المستخدم","2024-03-13 20:32:08","2024-03-13 20:33:22","0","0","0");
INSERT INTO shw_optns VALUES ("12","fatcost","0","50","50","تكلفه المبيعات","2024-03-13 20:32:08","2024-03-13 20:33:28","0","0","0");
INSERT INTO shw_optns VALUES ("13","crtime","0","50","50","الوقت","2024-03-13 20:32:08","2024-03-13 20:32:08","0","0","0");
INSERT INTO shw_optns VALUES ("14","cl_code","0","50","50","رقم العميل","2024-03-13 20:47:10","2024-03-13 20:47:10","0","0","0");
INSERT INTO shw_optns VALUES ("15","cl_id","0","50","50","اسم العميل","2024-03-13 20:47:10","2024-03-13 20:47:10","0","0","0");
INSERT INTO shw_optns VALUES ("16","acc_blance","0","50","50","الرصيد الحالى-بالعمله المحليه","2024-03-13 20:47:10","2024-03-13 20:47:10","0","0","0");
INSERT INTO shw_optns VALUES ("17","acc_cur","0","50","50","عمله الحساب","2024-03-13 20:47:10","2024-03-13 20:47:10","0","0","0");



DROP TABLE sitting_items;

CREATE TABLE `sitting_items` (
  `id` int(11) NOT NULL AUTO_INCREMENT,
  `iname` varchar(250) NOT NULL,
  `item_value` int(1) NOT NULL DEFAULT 0,
  `item_description` varchar(250) DEFAULT NULL,
  `crtime` timestamp NOT NULL DEFAULT current_timestamp(),
  `mdtime` timestamp NOT NULL DEFAULT current_timestamp() ON UPDATE current_timestamp(),
  `isdeleted` tinyint(1) DEFAULT 0,
  `tenant` int(11) DEFAULT 0,
  `branch` int(11) DEFAULT 0,
  PRIMARY KEY (`id`)
) ENGINE=InnoDB AUTO_INCREMENT=5 DEFAULT CHARSET=utf8mb4 COLLATE=utf8mb4_general_ci;

INSERT INTO sitting_items VALUES ("1","الموظف يحاسب علي اساس ساعات العمل","0","","2023-12-27 00:32:16","2023-12-27 00:32:16","0","0","0");
INSERT INTO sitting_items VALUES ("2","الموظف يحاسب علي اساس ساعات العمل التقديريه 26 يوم","0","","2023-12-27 00:33:03","2023-12-27 00:33:03","0","0","0");
INSERT INTO sitting_items VALUES ("3","الشهر عباره عن 30 يوم","0","","2023-12-27 00:35:34","2023-12-27 00:35:34","0","0","0");
INSERT INTO sitting_items VALUES ("4","البصمه المفقوده يتم تجاهلها","0","","2023-12-27 00:35:34","2023-12-27 00:35:34","0","0","0");



DROP TABLE skills;

CREATE TABLE `skills` (
  `id` int(11) NOT NULL AUTO_INCREMENT,
  `sname` varchar(200) NOT NULL,
  `icon` varchar(100) DEFAULT NULL,
  `info` varchar(200) DEFAULT NULL,
  `scolor` varchar(100) DEFAULT NULL,
  `crtime` timestamp NOT NULL DEFAULT current_timestamp(),
  `mdtime` timestamp NOT NULL DEFAULT current_timestamp() ON UPDATE current_timestamp(),
  `user` int(11) NOT NULL DEFAULT 1,
  `isdeleted` tinyint(1) DEFAULT 0,
  `tenant` int(11) DEFAULT 0,
  `branch` int(11) DEFAULT 0,
  PRIMARY KEY (`id`)
) ENGINE=InnoDB DEFAULT CHARSET=utf8mb4 COLLATE=utf8mb4_general_ci;




DROP TABLE tasks;

CREATE TABLE `tasks` (
  `id` int(11) NOT NULL AUTO_INCREMENT,
  `name` varchar(50) NOT NULL,
  `ch_tybe` int(11) NOT NULL,
  `info` text DEFAULT NULL,
  `phone` varchar(20) DEFAULT NULL,
  `user` int(1) NOT NULL,
  `tasktybe` int(1) NOT NULL,
  `important` int(1) NOT NULL,
  `urgent` int(1) NOT NULL,
  `emp_comment` varchar(200) DEFAULT NULL,
  `cl_comment` varchar(200) DEFAULT NULL,
  `crtime` timestamp NOT NULL DEFAULT current_timestamp(),
  `mdtime` timestamp NOT NULL DEFAULT current_timestamp() ON UPDATE current_timestamp(),
  `isdeleted` tinyint(1) DEFAULT 0,
  `tenant` int(11) DEFAULT 0,
  `branch` int(11) DEFAULT 0,
  PRIMARY KEY (`id`)
) ENGINE=InnoDB AUTO_INCREMENT=2 DEFAULT CHARSET=utf8mb4 COLLATE=utf8mb4_general_ci;




DROP TABLE tasktybes;

CREATE TABLE `tasktybes` (
  `id` int(1) NOT NULL AUTO_INCREMENT,
  `name` varchar(25) NOT NULL,
  `info` text DEFAULT NULL,
  `crtime` timestamp NOT NULL DEFAULT current_timestamp(),
  `isdeleted` tinyint(1) DEFAULT 0,
  `tenant` int(11) DEFAULT 0,
  `branch` int(11) DEFAULT 0,
  PRIMARY KEY (`id`)
) ENGINE=InnoDB AUTO_INCREMENT=6 DEFAULT CHARSET=utf8mb4 COLLATE=utf8mb4_general_ci;

INSERT INTO tasktybes VALUES ("1","زياره اعطال","","2023-07-27 15:13:07","0","0","0");
INSERT INTO tasktybes VALUES ("2","زياره تسويق","","2023-07-27 15:13:07","0","0","0");
INSERT INTO tasktybes VALUES ("3","زياره علاقات","","2023-07-27 15:13:07","0","0","0");
INSERT INTO tasktybes VALUES ("4","تركيب","","2023-12-23 03:44:24","0","0","0");
INSERT INTO tasktybes VALUES ("5","كلينت","","2023-12-23 03:44:24","0","0","0");



DROP TABLE test;

CREATE TABLE `test` (
  `id` int(11) NOT NULL AUTO_INCREMENT,
  `first_name` varchar(50) DEFAULT NULL,
  `last_name` varchar(50) DEFAULT NULL,
  `email` varchar(50) DEFAULT NULL,
  `phone` varchar(15) DEFAULT NULL,
  `created` datetime NOT NULL,
  `modified` datetime NOT NULL,
  `status` enum('Active','Inactive') NOT NULL DEFAULT 'Active',
  `name` varchar(50) DEFAULT NULL,
  `date` date DEFAULT NULL,
  `test` varchar(1) DEFAULT NULL,
  `time` time DEFAULT NULL,
  `isdeleted` tinyint(1) DEFAULT 0,
  `tenant` int(11) DEFAULT 0,
  `branch` int(11) DEFAULT 0,
  PRIMARY KEY (`id`)
) ENGINE=InnoDB DEFAULT CHARSET=utf8 COLLATE=utf8_unicode_ci;




DROP TABLE towns;

CREATE TABLE `towns` (
  `id` int(11) NOT NULL AUTO_INCREMENT,
  `name` varchar(20) NOT NULL,
  `info` text DEFAULT NULL,
  `crtime` timestamp NOT NULL DEFAULT current_timestamp(),
  `isdeleted` tinyint(1) DEFAULT 0,
  `tenant` int(11) DEFAULT 0,
  `branch` int(11) DEFAULT 0,
  PRIMARY KEY (`id`)
) ENGINE=InnoDB AUTO_INCREMENT=8 DEFAULT CHARSET=utf8mb4 COLLATE=utf8mb4_general_ci;

INSERT INTO towns VALUES ("1","سمنود ","","0000-00-00 00:00:00","0","0","0");
INSERT INTO towns VALUES ("2","المحله","","0000-00-00 00:00:00","0","0","0");
INSERT INTO towns VALUES ("3","المنيا","","0000-00-00 00:00:00","0","0","0");
INSERT INTO towns VALUES ("4","اجا","","2023-07-25 22:20:26","0","0","0");
INSERT INTO towns VALUES ("5","طنطا","","2024-07-21 04:33:34","0","0","0");
INSERT INTO towns VALUES ("6","كفر الشيخ","","2024-07-21 04:34:25","0","0","0");
INSERT INTO towns VALUES ("7","كفر الشيخ","","2024-07-21 04:34:27","0","0","0");



DROP TABLE transactions;

CREATE TABLE `transactions` (
  `id` int(11) NOT NULL AUTO_INCREMENT,
  `tdate` date NOT NULL,
  `details` varchar(200) DEFAULT NULL,
  `crtime` timestamp NOT NULL DEFAULT current_timestamp(),
  `mdtime` timestamp NOT NULL DEFAULT current_timestamp() ON UPDATE current_timestamp(),
  `isdeleted` tinyint(1) DEFAULT 0,
  `tenant` int(11) DEFAULT 0,
  `branch` int(11) DEFAULT 0,
  PRIMARY KEY (`id`)
) ENGINE=InnoDB DEFAULT CHARSET=utf8mb4 COLLATE=utf8mb4_general_ci;




DROP TABLE users;

CREATE TABLE `users` (
  `id` int(1) NOT NULL AUTO_INCREMENT,
  `uname` varchar(20) NOT NULL,
  `password` varchar(255) NOT NULL,
  `crtime` timestamp NOT NULL DEFAULT current_timestamp(),
  `isdeleted` tinyint(1) DEFAULT 0,
  `usertype` int(11) NOT NULL,
  `userrole` int(11) NOT NULL DEFAULT 1,
  `img` varchar(255) NOT NULL,
  `def_client` int(11) DEFAULT NULL,
  `def_fund` int(11) DEFAULT NULL,
  `def_store` int(11) DEFAULT NULL,
  `def_prod` int(11) DEFAULT NULL,
  `def_emp` int(11) DEFAULT NULL,
  `tasksindex` int(11) DEFAULT NULL,
  `tasksadd` int(11) DEFAULT NULL,
  `tasksedit` int(11) DEFAULT NULL,
  `tenant` int(11) DEFAULT 0,
  `branch` int(11) DEFAULT 0,
  PRIMARY KEY (`id`)
) ENGINE=InnoDB AUTO_INCREMENT=22 DEFAULT CHARSET=utf8mb4 COLLATE=utf8mb4_general_ci;

INSERT INTO users VALUES ("1","admin","202cb962ac59075b964b07152d234b70","2022-12-05 17:01:33","0","2","1","22947314.png","","","","","","","1","","0","0");



DROP TABLE usr_pwrs;

CREATE TABLE `usr_pwrs` (
  `id` int(11) NOT NULL AUTO_INCREMENT,
  `rollname` varchar(50) DEFAULT NULL,
  `is_active` int(11) DEFAULT 1,
  `is_fav_users` int(11) DEFAULT 0,
  `show_users` int(11) DEFAULT 1,
  `add_users` int(11) DEFAULT 1,
  `edit_users` int(11) DEFAULT 1,
  `delete_users` int(11) DEFAULT 1,
  `is_fav_general_entrys` int(11) DEFAULT 0,
  `show_general_entrys` int(11) DEFAULT 1,
  `add_general_entrys` int(11) DEFAULT 1,
  `edit_general_entrys` int(11) DEFAULT 1,
  `delete_general_entrys` int(11) DEFAULT 1,
  `is_fav_clients` int(11) DEFAULT 0,
  `show_clients` int(11) DEFAULT 1,
  `add_clients` int(11) DEFAULT 1,
  `edit_clients` int(11) DEFAULT 1,
  `is_fav_suppliers` int(11) DEFAULT 0,
  `delete_clients` int(11) DEFAULT 1,
  `show_suppliers` int(11) DEFAULT 1,
  `add_suppliers` int(11) DEFAULT 1,
  `edit_suppliers` int(11) DEFAULT 1,
  `delete_suppliers` int(11) DEFAULT 1,
  `is_fav_funds` int(11) DEFAULT 0,
  `show_funds` int(11) DEFAULT 1,
  `add_funds` int(11) DEFAULT 1,
  `edit_funds` int(11) DEFAULT 1,
  `delete_funds` int(11) DEFAULT 1,
  `is_fav_banks` int(11) DEFAULT 0,
  `show_banks` int(11) DEFAULT 1,
  `add_banks` int(11) DEFAULT 1,
  `edit_banks` int(11) DEFAULT 1,
  `delete_banks` int(11) DEFAULT 1,
  `is_fav_stock` int(11) DEFAULT 0,
  `show_stock` int(11) DEFAULT 1,
  `add_stock` int(11) DEFAULT 1,
  `edit_stock` int(11) DEFAULT 1,
  `delete_stock` int(11) DEFAULT 1,
  `is_fav_expenses` int(11) DEFAULT 0,
  `show_expenses` int(11) DEFAULT 1,
  `add_expenses` int(11) DEFAULT 1,
  `edit_expenses` int(11) DEFAULT 1,
  `delete_expenses` int(11) DEFAULT 1,
  `is_fav_revenuses` int(11) DEFAULT 0,
  `show_revenuses` int(11) DEFAULT 1,
  `add_revenuses` int(11) DEFAULT 1,
  `edit_revenuses` int(11) DEFAULT 1,
  `delete_revenuses` int(11) DEFAULT 1,
  `is_fav_credits` int(11) DEFAULT 0,
  `show_credits` int(11) DEFAULT 1,
  `add_credits` int(11) DEFAULT 1,
  `edit_credits` int(11) DEFAULT 1,
  `delete_credits` int(11) DEFAULT 1,
  `is_fav_depits` int(11) DEFAULT 0,
  `show_depits` int(11) DEFAULT 1,
  `add_depits` int(11) DEFAULT 1,
  `edit_depits` int(11) DEFAULT 1,
  `delete_depits` int(11) DEFAULT 1,
  `is_fav_partners` int(11) DEFAULT 0,
  `show_partners` int(11) DEFAULT 1,
  `add_partners` int(11) DEFAULT 1,
  `edit_partners` int(11) DEFAULT 1,
  `delete_partners` int(11) DEFAULT 1,
  `is_fav_assets` int(11) DEFAULT 0,
  `show_assets` int(11) DEFAULT 1,
  `add_assets` int(11) DEFAULT 1,
  `edit_assets` int(11) DEFAULT 1,
  `delete_assets` int(11) DEFAULT 1,
  `is_fav_rentables` int(11) DEFAULT 0,
  `show_rentables` int(11) DEFAULT 1,
  `add_rentables` int(11) DEFAULT 1,
  `edit_rentables` int(11) DEFAULT 1,
  `delete_rentables` int(11) DEFAULT 1,
  `is_fav_employees` int(11) DEFAULT 0,
  `show_employees` int(11) DEFAULT 1,
  `add_employees` int(11) DEFAULT 1,
  `edit_employees` int(11) DEFAULT 1,
  `delete_employees` int(11) DEFAULT 1,
  `is_fav_items` int(11) DEFAULT 0,
  `show_items` int(11) DEFAULT 1,
  `add_items` int(11) DEFAULT 1,
  `edit_items` int(11) DEFAULT 1,
  `delete_items` int(11) DEFAULT 1,
  `is_fav_item_groups` int(11) DEFAULT 0,
  `show_item_groups` int(11) DEFAULT 1,
  `add_item_groups` int(11) DEFAULT 1,
  `edit_item_groups` int(11) DEFAULT 1,
  `delete_item_groups` int(11) DEFAULT 1,
  `is_fav_sales` int(11) DEFAULT 0,
  `show_sales` int(11) DEFAULT 1,
  `add_sales` int(11) DEFAULT 1,
  `edit_sales` int(11) DEFAULT 1,
  `delete_sales` int(11) DEFAULT 1,
  `is_fav_resale` int(11) DEFAULT 0,
  `show_resale` int(11) DEFAULT 1,
  `add_resale` int(11) DEFAULT 1,
  `edit_resale` int(11) DEFAULT 1,
  `delete_resale` int(11) DEFAULT 1,
  `is_fav_purcases` int(11) DEFAULT 0,
  `show_purchases` int(11) DEFAULT 1,
  `add_purchases` int(11) DEFAULT 1,
  `edit_purchases` int(11) DEFAULT 1,
  `delete_purchases` int(11) DEFAULT 1,
  `is_fav_repurchases` int(11) DEFAULT 0,
  `show_repurchases` int(11) DEFAULT 1,
  `add_repurchases` int(11) DEFAULT 1,
  `edit_repurchases` int(11) DEFAULT 1,
  `delete_repurchases` int(11) DEFAULT 1,
  `is_fav_recive` int(11) DEFAULT 0,
  `show_recive` int(11) DEFAULT 1,
  `add_recive` int(11) DEFAULT 1,
  `edit_recive` int(11) DEFAULT 1,
  `delete_recive` int(11) DEFAULT 1,
  `show_payment` int(11) DEFAULT 1,
  `is_fav_payment` int(11) DEFAULT 0,
  `add_payment` int(11) DEFAULT 1,
  `edit_payment` int(11) DEFAULT 1,
  `delete_payment` int(11) DEFAULT 1,
  `is_fav_clinic_clients` int(11) DEFAULT 0,
  `show_clinic_clients` int(11) DEFAULT 1,
  `add_clinic_clients` int(11) DEFAULT 1,
  `edit_clinic_clients` int(11) DEFAULT 1,
  `delete_clinic_clients` int(11) DEFAULT 1,
  `is_fav_reservations` int(11) DEFAULT 0,
  `show_reservations` int(11) DEFAULT 1,
  `add_reservations` int(11) DEFAULT 1,
  `edit_reservations` int(11) DEFAULT 1,
  `delete_reservations` int(11) DEFAULT 1,
  `is_fav_drugs` int(11) DEFAULT 0,
  `show_drugs` int(11) DEFAULT 1,
  `add_drugs` int(11) DEFAULT 1,
  `edit_drugs` int(11) DEFAULT 1,
  `is_fav_attandance` int(11) DEFAULT 1,
  `delete_attandance` int(11) DEFAULT 1,
  `edit_attandance` int(11) DEFAULT 1,
  `show_attandance` int(11) DEFAULT 1,
  `add_attandance` int(11) DEFAULT 1,
  `delete_drugs` int(11) DEFAULT 1,
  `is_fav_client_profile` int(11) DEFAULT 0,
  `show_client_profile` int(11) DEFAULT 1,
  `add_client_profile` int(11) DEFAULT 1,
  `edit_client_profile` int(11) DEFAULT 1,
  `delete_client_profile` int(11) DEFAULT 1,
  `is_fav_advanced_clients` int(11) DEFAULT 0,
  `show_advanced_clients` int(11) DEFAULT 1,
  `add_advanced_clients` int(11) DEFAULT 1,
  `edit_advanced_clients` int(11) DEFAULT 1,
  `delete_advanced_clients` int(11) DEFAULT 1,
  `is_fav_chances` int(11) DEFAULT 0,
  `show_chances` int(11) DEFAULT 1,
  `add_chances` int(11) DEFAULT 1,
  `edit_chances` int(11) DEFAULT 1,
  `delete_chances` int(11) DEFAULT 1,
  `is_fav_calls` int(11) DEFAULT 0,
  `show_calls` int(11) DEFAULT 1,
  `add_calls` int(11) DEFAULT 1,
  `edit_calls` int(11) DEFAULT 1,
  `delete_calls` int(11) DEFAULT 1,
  `is_fav_journals` int(11) DEFAULT 0,
  `show_journals` int(11) DEFAULT 1,
  `add_journals` int(11) DEFAULT 1,
  `edit_journals` int(11) DEFAULT 1,
  `delete_journals` int(11) DEFAULT 1,
  `show_gl_reports` int(11) DEFAULT 1,
  `show_clinic_reports` int(11) DEFAULT 1,
  `show_rent_reports` int(11) DEFAULT 1,
  `show_payroll_report` int(11) DEFAULT 1,
  `show_hr_report` int(11) DEFAULT 1,
  `sid_entry` int(11) DEFAULT 1,
  `sid_stock` int(11) DEFAULT 1,
  `sid_sales` int(11) DEFAULT 1,
  `sid_purchases` int(11) DEFAULT 1,
  `sid_vouchers` int(11) DEFAULT 1,
  `sid_clinics` int(11) DEFAULT 1,
  `sid_crm` int(11) DEFAULT 1,
  `sid_accounts` int(11) DEFAULT 1,
  `sid_assets` int(11) DEFAULT 1,
  `sid_reports` int(11) DEFAULT 1,
  `sid_hr` int(11) DEFAULT 1,
  `sid_payroll` int(11) DEFAULT 1,
  `sid_rents` int(11) NOT NULL DEFAULT 1,
  `show_total_reservation` int(11) DEFAULT 1,
  `show_ended_reservation` int(11) DEFAULT 1,
  `info` varchar(250) DEFAULT NULL,
  `isdeleted` tinyint(1) DEFAULT 0,
  `crtime` timestamp NOT NULL DEFAULT current_timestamp(),
  `mdtime` timestamp NOT NULL DEFAULT current_timestamp() ON UPDATE current_timestamp(),
  `tenant` int(11) DEFAULT 0,
  `branch` int(11) DEFAULT 0,
  `show_all_tasks` int(1) DEFAULT NULL,
  PRIMARY KEY (`id`),
  UNIQUE KEY `rollname` (`rollname`)
) ENGINE=InnoDB AUTO_INCREMENT=29 DEFAULT CHARSET=utf8mb4 COLLATE=utf8mb4_general_ci;

INSERT INTO usr_pwrs VALUES ("1","admin","1","1","1","1","1","1","0","0","0","0","0","1","1","1","1","1","1","1","1","1","1","1","1","1","1","1","1","1","1","1","1","1","1","1","1","1","1","1","1","1","1","1","1","1","1","1","1","1","1","1","1","1","1","1","1","1","1","1","1","1","1","1","1","1","1","1","1","1","1","1","1","1","1","1","1","1","1","1","1","1","1","1","1","1","1","1","1","1","1","1","1","1","1","1","1","1","1","1","1","1","1","1","1","1","1","1","1","1","1","1","1","1","1","1","1","1","0","0","0","0","0","1","1","1","1","1","1","1","1","1","1","1","1","1","1","1","1","1","1","1","1","1","1","1","1","1","1","1","1","1","1","1","1","1","1","1","1","1","1","1","1","1","1","1","1","1","1","1","1","1","1","0","0","1","0","1","1","1","0","1","1","wwww","1","2024-05-12 18:05:26","2024-08-24 15:57:07","0","0","1");
INSERT INTO usr_pwrs VALUES ("2","user","1","0","1","1","1","1","0","1","1","1","1","0","1","1","1","0","1","1","1","1","1","0","1","1","1","1","0","1","1","1","1","0","1","1","1","1","0","1","1","1","1","0","1","1","1","1","0","1","1","1","1","0","1","1","1","1","0","1","1","1","1","0","1","1","1","1","0","1","1","1","1","0","1","1","1","1","0","1","1","1","1","0","1","1","1","1","0","1","1","1","1","0","1","1","1","1","1","1","1","1","1","0","1","1","1","1","0","1","1","1","1","1","0","1","1","1","0","1","1","1","1","0","1","0","1","1","0","1","1","1","1","1","1","1","1","1","0","1","1","1","1","0","1","1","1","1","0","1","1","1","1","0","1","1","1","1","0","1","1","1","1","1","1","1","1","1","1","1","1","1","1","1","1","1","1","1","1","1","1","1","1","","1","2024-05-12 18:11:21","2024-05-16 23:34:20","0","0","");
INSERT INTO usr_pwrs VALUES ("26","دكتور","1","1","1","1","1","1","0","0","0","0","0","1","1","1","1","1","1","1","1","1","1","1","1","1","1","1","1","1","1","1","1","1","1","1","1","1","1","1","1","1","1","1","1","1","1","1","1","1","1","1","1","1","1","1","1","1","1","1","1","1","1","1","1","1","1","1","1","1","1","1","1","1","1","1","1","1","1","1","1","1","1","1","1","1","1","1","1","1","1","1","1","1","1","1","1","1","1","1","1","1","1","1","1","1","1","1","1","1","1","1","1","1","1","1","1","1","0","0","0","0","0","1","1","1","1","1","1","1","1","1","1","1","1","1","1","1","1","1","1","1","1","1","1","1","1","1","1","1","1","1","1","1","1","1","1","1","1","1","1","1","1","1","1","1","1","1","0","0","0","0","0","1","0","1","0","0","0","0","0","1","1","دكتور","1","2024-05-19 22:04:27","2024-08-21 16:00:57","0","0","0");
INSERT INTO usr_pwrs VALUES ("27","مساعد دكتور","1","0","0","0","0","0","0","0","0","0","0","0","0","0","0","0","0","0","0","0","0","0","0","0","0","0","0","0","0","0","0","0","0","0","0","0","0","0","0","0","0","0","0","0","0","0","0","0","0","0","0","0","0","0","0","0","0","0","0","0","0","0","0","0","0","0","0","0","0","0","0","0","0","0","0","0","0","0","0","0","0","0","0","0","0","0","0","0","0","0","0","0","0","0","0","0","0","0","0","0","0","0","0","0","0","0","0","0","0","0","0","0","0","0","0","0","0","0","0","0","0","0","0","0","0","0","0","0","0","0","0","0","0","0","0","0","0","0","0","0","0","0","0","0","0","0","0","0","0","0","0","0","0","0","0","0","0","0","0","0","0","0","0","0","0","0","0","0","0","0","0","1","0","0","0","0","0","0","0","0","0","مساعد دكتور","1","2024-05-30 23:48:11","2024-05-31 01:02:13","0","0","");
INSERT INTO usr_pwrs VALUES ("28","بائع كاشير","1","0","0","0","0","0","0","0","0","0","0","0","0","0","0","0","0","0","0","0","0","0","0","0","0","0","0","0","0","0","0","0","0","0","0","0","0","0","0","0","0","0","0","0","0","0","0","0","0","0","0","0","0","0","0","0","0","0","0","0","0","0","0","0","0","0","0","0","0","0","0","0","0","0","0","0","0","0","0","0","0","0","0","0","0","0","1","1","1","1","1","0","0","0","0","0","0","0","0","0","0","0","0","0","0","0","0","0","0","0","0","0","0","0","0","0","0","0","0","0","0","0","0","0","0","0","0","0","0","0","0","0","0","0","0","0","0","0","0","0","0","0","0","0","0","0","0","0","0","0","0","0","0","0","0","0","0","0","0","0","0","0","0","0","0","0","0","0","0","0","0","0","0","0","0","0","0","0","0","0","0","مبيعات كاشير فقط","0","2024-07-28 20:02:09","2024-07-28 20:02:09","0","0","");



DROP TABLE vacancies;

CREATE TABLE `vacancies` (
  `id` int(1) NOT NULL AUTO_INCREMENT,
  `name` varchar(20) NOT NULL,
  `info` text DEFAULT NULL,
  `crtime` timestamp NOT NULL DEFAULT current_timestamp(),
  `isdeleted` tinyint(1) DEFAULT 0,
  `tenant` int(11) DEFAULT 0,
  `branch` int(11) DEFAULT 0,
  PRIMARY KEY (`id`)
) ENGINE=InnoDB DEFAULT CHARSET=utf8mb4 COLLATE=utf8mb4_general_ci;




DROP TABLE visits;

CREATE TABLE `visits` (
  `id` int(11) NOT NULL AUTO_INCREMENT,
  `client` int(11) NOT NULL,
  `complaint` varchar(250) DEFAULT NULL,
  `diagnosis` varchar(250) DEFAULT NULL,
  `recommendation` varchar(250) DEFAULT NULL,
  `prescription` varchar(250) DEFAULT NULL,
  `crtime` timestamp NOT NULL DEFAULT current_timestamp(),
  `mdtime` timestamp NOT NULL DEFAULT current_timestamp(),
  `info` varchar(250) NOT NULL,
  `isdeleted` tinyint(1) DEFAULT 0,
  `tenant` int(11) DEFAULT 0,
  `branch` int(11) DEFAULT 0,
  PRIMARY KEY (`id`)
) ENGINE=InnoDB DEFAULT CHARSET=utf8mb4 COLLATE=utf8mb4_general_ci;




DROP TABLE visittybes;

CREATE TABLE `visittybes` (
  `id` int(1) NOT NULL AUTO_INCREMENT,
  `name` varchar(25) NOT NULL,
  `value` double DEFAULT NULL,
  `crtime` timestamp NOT NULL DEFAULT current_timestamp(),
  `isdeleted` tinyint(1) DEFAULT 0,
  `tenant` int(11) DEFAULT 0,
  `branch` int(11) DEFAULT 0,
  PRIMARY KEY (`id`)
) ENGINE=InnoDB AUTO_INCREMENT=6 DEFAULT CHARSET=utf8mb4 COLLATE=utf8mb4_general_ci;

INSERT INTO visittybes VALUES ("1","كشف 1","400","2023-09-04 02:57:36","0","0","0");
INSERT INTO visittybes VALUES ("2","اعادة","250","2023-09-04 02:57:36","0","0","0");
INSERT INTO visittybes VALUES ("3","مستعجل","500","2024-05-03 23:57:27","0","0","0");
INSERT INTO visittybes VALUES ("4","زيارة 2","500","2024-05-04 20:57:54","0","0","0");
INSERT INTO visittybes VALUES ("5","private","800","2024-05-04 20:58:28","1","0","0");



DROP TABLE zankat;

CREATE TABLE `zankat` (
  `id` int(1) NOT NULL AUTO_INCREMENT,
  `zname` varchar(100) NOT NULL,
  `colors` int(1) NOT NULL DEFAULT 1,
  `ctp` int(1) DEFAULT NULL,
  `zncase` int(1) DEFAULT NULL,
  `print` int(1) DEFAULT NULL,
  `ptype` int(1) DEFAULT NULL,
  `service` int(1) DEFAULT NULL,
  `prod` int(1) DEFAULT NULL,
  `measure` int(1) NOT NULL,
  `draw` int(1) NOT NULL,
  `farkh` int(1) NOT NULL,
  `info` varchar(255) DEFAULT NULL,
  `crtime` timestamp NOT NULL DEFAULT current_timestamp(),
  `date` varchar(20) NOT NULL,
  `user` varchar(20) NOT NULL,
  `fatid` int(11) DEFAULT 0,
  `isdeleted` tinyint(1) DEFAULT 0,
  `tenant` int(11) DEFAULT 0,
  `branch` int(11) DEFAULT 0,
  PRIMARY KEY (`id`)
) ENGINE=InnoDB DEFAULT CHARSET=utf8mb4 COLLATE=utf8mb4_general_ci;




