DROP TABLE acc_groups;

CREATE TABLE `acc_groups` (
  `id` int(1) NOT NULL AUTO_INCREMENT,
  `aname` varchar(40) NOT NULL,
  `acc_type` int(1) NOT NULL,
  `parent_id` int(1) DEFAULT NULL,
  `crtime` timestamp NOT NULL DEFAULT current_timestamp(),
  `mdtime` timestamp NOT NULL DEFAULT current_timestamp() ON UPDATE current_timestamp(),
  `code` varchar(30) DEFAULT NULL,
  `isdeleted` tinyint(1) DEFAULT 0,
  `tenant` int(11) DEFAULT 0,
  `branch` int(11) DEFAULT 0,
  PRIMARY KEY (`id`),
  UNIQUE KEY `aname` (`aname`)
) ENGINE=InnoDB DEFAULT CHARSET=utf8mb4 COLLATE=utf8mb4_general_ci;




DROP TABLE acc_head;

CREATE TABLE `acc_head` (
  `id` int(1) NOT NULL AUTO_INCREMENT,
  `code` varchar(20) NOT NULL,
  `deletable` int(11) DEFAULT 1,
  `aname` varchar(50) NOT NULL,
  `phone` varchar(200) DEFAULT NULL,
  `address` varchar(200) DEFAULT NULL,
  `e_mail` varchar(100) DEFAULT NULL,
  `constant` int(11) NOT NULL DEFAULT 0,
  `is_stock` int(1) NOT NULL DEFAULT 0,
  `is_fund` int(11) DEFAULT 0,
  `rentable` int(11) DEFAULT NULL,
  `parent_id` int(1) NOT NULL,
  `nature` int(1) DEFAULT NULL,
  `kind` int(1) DEFAULT NULL,
  `is_basic` int(1) NOT NULL,
  `start_balance` decimal(3,0) NOT NULL DEFAULT 0,
  `credit` decimal(3,0) NOT NULL DEFAULT 0,
  `debit` decimal(3,0) NOT NULL DEFAULT 0,
  `balance` decimal(12,3) NOT NULL DEFAULT 0.000,
  `secret` int(1) NOT NULL DEFAULT 0,
  `crtime` timestamp NOT NULL DEFAULT current_timestamp(),
  `mdtime` timestamp NOT NULL DEFAULT current_timestamp() ON UPDATE current_timestamp(),
  `info` varchar(250) DEFAULT NULL,
  `isdeleted` tinyint(1) DEFAULT 0,
  `tenant` int(11) DEFAULT 0,
  `branch` int(11) DEFAULT 0,
  PRIMARY KEY (`id`),
  UNIQUE KEY `code` (`code`),
  UNIQUE KEY `aname` (`aname`)
) ENGINE=InnoDB AUTO_INCREMENT=160 DEFAULT CHARSET=utf8mb4 COLLATE=utf8mb4_general_ci;

INSERT INTO acc_head VALUES ("1","1","0","الاصول","","","","0","0","0","","0","1","1","1","0","0","0","0.000","0","2023-11-25 02:55:49","2024-06-11 05:16:15","","0","0","0");
INSERT INTO acc_head VALUES ("2","2","0","الخصوم","","","","0","0","0","","0","1","1","1","0","0","0","0.000","0","2023-11-26 04:10:59","2024-06-11 05:16:21","","0","0","0");
INSERT INTO acc_head VALUES ("3","22","0","حقوق الملكية","","","","0","0","0","","2","1","1","1","0","0","0","0.000","0","2023-11-26 04:14:04","2024-06-11 05:16:25","","0","0","0");
INSERT INTO acc_head VALUES ("4","3","0","الايرادات","","","","0","0","0","","0","1","2","1","0","0","0","0.000","0","2023-11-26 04:14:29","2024-06-11 05:16:29","","0","0","0");
INSERT INTO acc_head VALUES ("5","4","0","المصروفات","","","","0","0","0","","0","1","2","1","0","0","0","0.000","0","2023-11-26 04:14:59","2024-06-11 05:16:35","","0","0","0");
INSERT INTO acc_head VALUES ("6","11","0","الاصول الثابته","","","","0","0","0","","1","1","1","1","0","0","0","0.000","0","2023-11-26 04:38:23","2024-06-11 05:16:38","","0","0","0");
INSERT INTO acc_head VALUES ("7","12","0","الاصول المتداوله","","","","0","0","0","","1","","1","1","0","0","0","0.000","0","2023-11-26 04:45:08","2024-06-11 05:16:42","","0","0","0");
INSERT INTO acc_head VALUES ("8","21","0","الخصوم المتداولة","","","","0","0","0","","2","","1","1","0","0","0","0.000","0","2023-11-26 04:45:47","2024-06-11 05:16:46","","0","0","0");
INSERT INTO acc_head VALUES ("9","221","0","الشركاء","","","","0","0","0","","3","","1","1","0","0","0","0.000","0","2023-11-26 04:46:20","2024-06-11 05:16:52","","0","0","0");
INSERT INTO acc_head VALUES ("10","222","0","ارباح غير موزعة","","","","0","0","0","","3","","1","1","0","0","0","0.000","0","2023-11-26 04:47:03","2024-06-11 05:16:55","","0","0","0");
INSERT INTO acc_head VALUES ("11","223","0","ارباح غير موزعة لفترات سابقة","","","","0","0","0","","3","","1","1","0","0","0","0.000","0","2023-11-26 04:47:50","2024-06-11 05:16:58","","0","0","0");
INSERT INTO acc_head VALUES ("13","31","0","ايرادات المبيعات","","","","0","0","0","","4","","2","1","0","0","0","0.000","0","2023-11-26 21:37:49","2024-06-11 05:17:02","","0","0","0");
INSERT INTO acc_head VALUES ("14","32","0","ايرادات غير تشغيليه","","","","0","0","0","","4","","2","1","0","0","0","0.000","0","2023-11-26 21:38:15","2024-06-11 05:17:06","","0","0","0");
INSERT INTO acc_head VALUES ("15","41","0","تكاليف المبيعات","","","","0","0","0","0","5","","2","1","0","0","0","0.000","0","2023-11-26 21:39:10","2024-06-11 05:17:09","","0","0","0");
INSERT INTO acc_head VALUES ("16","42","0","تكلفه البضاعه المباعه","","","","0","0","0","","5","","2","1","0","0","0","0.000","0","2023-11-26 21:39:49","2024-06-11 05:17:12","","0","0","0");
INSERT INTO acc_head VALUES ("17","43","0","رواتب و اجور","","","","0","0","0","","5","","2","1","0","0","0","0.000","0","2023-11-26 21:40:07","2024-06-11 05:17:16","","0","0","0");
INSERT INTO acc_head VALUES ("18","121","0","الصناديق","","","","0","0","0","","7","","1","1","0","0","0","0.000","0","2023-12-08 12:50:49","2024-06-11 05:17:18","","0","0","0");
INSERT INTO acc_head VALUES ("19","122","0","العملاء","","","","0","0","0","","7","","1","1","0","0","0","0.000","0","2023-12-08 12:52:13","2024-06-11 05:17:22","","0","0","0");
INSERT INTO acc_head VALUES ("20","123","0","المخزون","","","","0","0","0","","7","","1","1","0","0","0","0.000","0","2023-12-08 12:52:51","2024-06-11 05:17:27","","0","0","0");
INSERT INTO acc_head VALUES ("21","1211","0","الصندوق الافتراضي","","","","0","0","1","","18","","1","0","0","0","0","-5782.000","0","2023-12-09 10:46:52","2024-07-30 03:01:35","","0","0","0");
INSERT INTO acc_head VALUES ("24","1221","0","العميل النقدي","","","","0","0","0","0","19","","1","1","0","0","0","0.000","0","2023-12-28 01:25:46","2024-06-22 19:37:57","","0","0","0");
INSERT INTO acc_head VALUES ("27","123001","0","المخزن الرئيسي","","","","0","1","0","0","20","","1","0","0","0","0","84387.000","0","2023-12-28 03:35:35","2024-07-30 03:01:35","","0","0","0");
INSERT INTO acc_head VALUES ("29","2211","0","الشريك الرئيسي","","","","0","0","0","","9","","1","0","0","0","0","0.000","0","2023-12-30 02:12:22","2024-07-02 19:34:56","","0","0","0");
INSERT INTO acc_head VALUES ("33","211","0","الموردين","","","","0","0","0","","8","","1","1","0","0","0","0.000","0","2024-01-22 05:41:26","2024-06-11 05:17:55","","0","0","0");
INSERT INTO acc_head VALUES ("34","212","0","الدائنين الاخرين","","","","0","0","0","","8","","1","0","0","0","0","0.000","0","2024-01-22 05:42:08","2024-06-11 05:17:58","","0","0","0");
INSERT INTO acc_head VALUES ("35","213","0","الموظفين","","","","0","0","0","","8","","1","1","0","0","0","0.000","0","2024-01-22 05:42:29","2024-06-11 05:18:01","","0","0","0");
INSERT INTO acc_head VALUES ("36","2111","0","المورد الافتراضي","","","","0","0","0","","33","","1","0","0","0","0","-100521.000","0","2024-01-23 06:17:26","2024-07-29 19:25:07","","0","0","0");
INSERT INTO acc_head VALUES ("37","124","0","البنوك","","","","0","0","0","","7","","1","1","0","0","0","0.000","0","2024-01-23 06:22:23","2024-06-11 05:18:07","","0","0","0");
INSERT INTO acc_head VALUES ("38","125","0","مدينين آخرين","","","","0","0","0","","7","","1","1","0","0","0","0.000","0","2024-01-23 06:30:11","2024-06-11 05:18:13","","0","0","0");
INSERT INTO acc_head VALUES ("39","1241","0","البنك الافتراضي","","","","0","0","0","","37","","1","0","0","0","0","0.000","0","2024-01-23 06:32:21","2024-06-11 05:18:16","","0","0","0");
INSERT INTO acc_head VALUES ("40","44","0","مصروفات عامه ","","","","0","0","0","","5","","2","1","0","0","0","0.000","0","2024-01-23 06:34:08","2024-06-11 05:18:24","","0","0","0");
INSERT INTO acc_head VALUES ("55","112","0","اصول قابله للتأجير","","","","0","0","0","0","6","","1","1","0","0","0","0.000","0","2024-02-20 05:16:57","2024-06-11 05:18:30","","0","0","0");
INSERT INTO acc_head VALUES ("86","411","0","صافي المشتريات","","","","0","0","0","0","15","","2","1","0","0","0","0.000","0","2024-03-08 00:56:24","2024-06-11 05:18:46","","0","0","0");
INSERT INTO acc_head VALUES ("89","4111","0","المشتربات","","","","0","0","0","0","86","","2","1","0","0","0","0.000","0","2024-03-08 21:37:09","2024-06-11 05:18:53","","0","0","0");
INSERT INTO acc_head VALUES ("90","4112","0","مردود المشتريات","","","","0","0","0","0","86","","2","1","0","0","0","0.000","0","2024-03-08 21:38:25","2024-06-11 05:18:56","","0","0","0");
INSERT INTO acc_head VALUES ("91","41103","0","خصم مسموح به","","","","0","0","0","0","86","","2","0","0","0","0","0.000","0","2024-03-08 21:43:40","2024-06-23 01:29:18","","0","0","0");
INSERT INTO acc_head VALUES ("92","311","0","صافي المبيعات","","","","0","0","0","0","13","","2","1","0","0","0","0.000","0","2024-03-08 21:48:15","2024-06-11 05:19:02","","0","0","0");
INSERT INTO acc_head VALUES ("93","3111","0","المبيعات","","","","0","0","0","0","92","","2","1","0","0","0","0.000","0","2024-03-08 21:49:07","2024-06-11 05:19:05","","0","0","0");
INSERT INTO acc_head VALUES ("94","3112","0","مردود المبيعات","","","","0","0","0","0","92","","2","1","0","0","0","0.000","0","2024-03-08 21:50:03","2024-06-11 05:19:07","","0","0","0");
INSERT INTO acc_head VALUES ("95","3113","0","خصومات تشغيل","","","","0","0","0","0","92","","2","1","0","0","0","0.000","0","2024-03-08 21:54:56","2024-06-11 05:19:10","","0","0","0");
INSERT INTO acc_head VALUES ("97","31131","0","خصم مكتسب","","","","0","0","0","0","95","","2","0","0","0","0","0.000","0","2024-03-10 00:38:24","2024-07-01 20:19:14","","0","0","0");
INSERT INTO acc_head VALUES ("98","321","0","ايرادات من تأجير أصول","","","","0","0","0","0","14","","2","1","0","0","0","0.000","0","2024-03-14 14:58:05","2024-06-11 05:19:27","","0","0","0");
INSERT INTO acc_head VALUES ("99","32101","0","ايرادات من التأجير","","","","0","0","0","0","98","","2","0","0","0","0","0.000","0","2024-03-14 15:01:19","2024-06-19 04:55:26","","0","0","0");
INSERT INTO acc_head VALUES ("131","213001","0","الموظف 1","","","","0","0","0","0","35","","1","0","0","0","0","0.000","0","2024-06-18 09:41:56","2024-06-18 09:42:10","","0","0","0");
INSERT INTO acc_head VALUES ("148","122001","0","العميل الافتراضي","","","","0","0","0","0","19","","1","0","0","0","0","21916.000","0","2024-06-23 01:26:46","2024-07-30 03:01:35","","0","0","0");
INSERT INTO acc_head VALUES ("158","121002","1","الصندوق الفرعي","","","","0","0","1","0","18","","1","0","0","0","0","0.000","0","2024-07-29 19:09:07","2024-07-29 19:09:07","","0","0","0");
INSERT INTO acc_head VALUES ("159","122002","1","خالد عجاج","","","","0","0","0","0","19","","1","0","0","0","0","0.000","0","2024-07-29 19:14:23","2024-07-29 19:14:23","","0","0","0");



DROP TABLE allowances;

CREATE TABLE `allowances` (
  `id` int(11) NOT NULL AUTO_INCREMENT,
  `name` varchar(50) NOT NULL,
  `info` varchar(250) DEFAULT NULL,
  `crtime` timestamp NOT NULL DEFAULT current_timestamp(),
  `mdtime` timestamp NOT NULL DEFAULT current_timestamp() ON UPDATE current_timestamp(),
  `tybe` int(1) NOT NULL,
  `isdeleted` tinyint(1) DEFAULT 0,
  `tenant` int(11) DEFAULT 0,
  `branch` int(11) DEFAULT 0,
  PRIMARY KEY (`id`)
) ENGINE=InnoDB DEFAULT CHARSET=utf8mb4 COLLATE=utf8mb4_general_ci;




DROP TABLE analisys;

CREATE TABLE `analisys` (
  `id` int(11) NOT NULL AUTO_INCREMENT,
  `client` int(11) NOT NULL,
  `lap` int(11) NOT NULL,
  `name` varchar(250) DEFAULT NULL,
  `comment` varchar(250) DEFAULT NULL,
  `crtime` timestamp NOT NULL DEFAULT current_timestamp(),
  `mdtime` timestamp NOT NULL DEFAULT current_timestamp() ON UPDATE current_timestamp(),
  `img` varchar(250) DEFAULT NULL,
  `info` varchar(250) DEFAULT NULL,
  `isdeleted` tinyint(1) DEFAULT 0,
  `tenant` int(11) DEFAULT 0,
  `branch` int(11) DEFAULT 0,
  PRIMARY KEY (`id`)
) ENGINE=InnoDB DEFAULT CHARSET=utf8mb4 COLLATE=utf8mb4_general_ci;




DROP TABLE attandance;

CREATE TABLE `attandance` (
  `id` int(11) NOT NULL AUTO_INCREMENT,
  `employee` int(11) NOT NULL,
  `fptybe` int(1) NOT NULL,
  `fpdate` date NOT NULL DEFAULT current_timestamp(),
  `time` time NOT NULL DEFAULT current_timestamp(),
  `user` int(1) DEFAULT NULL,
  `crtime` timestamp NOT NULL DEFAULT current_timestamp(),
  `isdeleted` tinyint(1) NOT NULL DEFAULT 0,
  `fromwhere` varchar(10) DEFAULT NULL,
  `tenant` int(11) DEFAULT 0,
  `branch` int(11) DEFAULT 0,
  PRIMARY KEY (`id`),
  KEY `employee` (`employee`),
  CONSTRAINT `attandance_ibfk_1` FOREIGN KEY (`employee`) REFERENCES `employees` (`id`) ON DELETE CASCADE ON UPDATE CASCADE
) ENGINE=InnoDB AUTO_INCREMENT=738 DEFAULT CHARSET=utf8mb4 COLLATE=utf8mb4_general_ci;

INSERT INTO attandance VALUES ("1","118","1","2024-01-24","17:00:00","1","2024-01-24 14:00:23","0","","0","0");
INSERT INTO attandance VALUES ("2","118","1","2024-01-28","18:46:00","1","2024-01-28 15:46:14","0","","0","0");
INSERT INTO attandance VALUES ("3","118","1","2024-01-28","18:47:00","1","2024-01-28 15:47:06","0","","0","0");
INSERT INTO attandance VALUES ("4","121","1","2024-02-01","12:00:00","4","2024-02-07 10:54:36","1","","0","0");
INSERT INTO attandance VALUES ("5","121","2","2024-02-01","17:40:00","4","2024-02-07 10:57:07","0","","0","0");
INSERT INTO attandance VALUES ("6","121","1","2024-02-03","12:05:00","4","2024-02-07 10:59:14","0","","0","0");
INSERT INTO attandance VALUES ("7","121","2","2024-02-05","18:00:00","4","2024-02-07 10:59:19","0","","0","0");
INSERT INTO attandance VALUES ("8","122","1","2024-02-01","12:10:00","8","2024-02-07 10:59:42","0","","0","0");
INSERT INTO attandance VALUES ("9","122","2","2024-02-01","18:00:00","8","2024-02-07 11:00:31","0","","0","0");
INSERT INTO attandance VALUES ("10","121","2","2024-02-03","18:18:00","4","2024-02-07 11:00:45","0","","0","0");
INSERT INTO attandance VALUES ("11","121","1","2024-02-04","12:03:00","4","2024-02-07 11:01:42","0","","0","0");
INSERT INTO attandance VALUES ("12","122","1","2024-02-02","12:10:00","8","2024-02-07 11:02:07","1","","0","0");
INSERT INTO attandance VALUES ("13","122","2","2024-02-02","18:06:00","8","2024-02-07 11:02:35","0","","0","0");
INSERT INTO attandance VALUES ("14","121","2","2024-02-04","18:01:00","4","2024-02-07 11:02:53","0","","0","0");
INSERT INTO attandance VALUES ("15","122","1","2024-02-03","12:14:00","8","2024-02-07 11:04:41","0","","0","0");
INSERT INTO attandance VALUES ("16","122","2","2024-02-03","18:10:00","8","2024-02-07 11:06:21","0","","0","0");
INSERT INTO attandance VALUES ("17","122","1","2024-02-04","12:10:00","8","2024-02-07 11:06:55","0","","0","0");
INSERT INTO attandance VALUES ("18","122","2","2024-02-04","18:00:00","8","2024-02-07 11:07:29","0","","0","0");
INSERT INTO attandance VALUES ("19","122","1","2024-02-05","12:13:00","8","2024-02-07 11:08:24","0","","0","0");
INSERT INTO attandance VALUES ("20","121","1","2024-02-05","12:00:00","4","2024-02-07 11:08:42","0","","0","0");
INSERT INTO attandance VALUES ("21","126","1","2024-02-07","18:00:00","4","2024-02-07 11:09:23","0","","0","0");
INSERT INTO attandance VALUES ("22","122","2","2024-02-05","18:11:00","8","2024-02-07 11:10:19","0","","0","0");
INSERT INTO attandance VALUES ("23","126","1","2024-02-06","12:00:00","4","2024-02-07 11:10:38","0","","0","0");
INSERT INTO attandance VALUES ("24","122","1","2024-02-06","12:08:00","8","2024-02-07 11:11:00","0","","0","0");
INSERT INTO attandance VALUES ("25","121","2","2024-02-06","18:11:00","4","2024-02-07 11:11:12","0","","0","0");
INSERT INTO attandance VALUES ("26","122","2","2024-02-06","18:11:00","8","2024-02-07 11:11:31","0","","0","0");
INSERT INTO attandance VALUES ("27","121","1","2024-02-07","13:00:00","4","2024-02-07 11:11:48","0","","0","0");
INSERT INTO attandance VALUES ("28","122","1","2024-02-07","12:10:00","8","2024-02-07 11:12:06","0","","0","0");
INSERT INTO attandance VALUES ("29","120","1","2024-02-01","13:29:00","4","2024-02-07 11:32:16","0","","0","0");
INSERT INTO attandance VALUES ("30","120","2","2024-02-01","19:55:00","4","2024-02-07 11:33:27","1","","0","0");
INSERT INTO attandance VALUES ("31","120","1","2024-02-03","13:12:00","4","2024-02-07 11:36:18","0","","0","0");
INSERT INTO attandance VALUES ("32","120","2","2024-02-03","21:58:00","4","2024-02-07 11:37:06","0","","0","0");
INSERT INTO attandance VALUES ("33","120","1","2024-02-04","13:09:00","4","2024-02-07 11:38:09","0","","0","0");
INSERT INTO attandance VALUES ("34","120","2","2024-02-04","21:00:00","4","2024-02-07 11:41:13","1","","0","0");
INSERT INTO attandance VALUES ("35","120","1","2024-02-05","12:05:00","4","2024-02-07 11:42:00","1","","0","0");
INSERT INTO attandance VALUES ("36","120","2","2024-02-05","21:47:00","4","2024-02-07 11:42:42","0","","0","0");
INSERT INTO attandance VALUES ("37","120","1","2024-02-06","12:08:00","4","2024-02-07 11:43:56","0","","0","0");
INSERT INTO attandance VALUES ("38","120","2","2024-02-06","21:30:00","4","2024-02-07 11:45:38","0","","0","0");
INSERT INTO attandance VALUES ("39","120","1","2024-02-07","13:11:00","4","2024-02-07 11:46:33","1","","0","0");
INSERT INTO attandance VALUES ("40","119","1","2024-02-01","13:07:00","8","2024-02-07 11:50:41","1","","0","0");
INSERT INTO attandance VALUES ("41","119","2","2024-02-01","23:14:00","8","2024-02-07 11:56:22","0","","0","0");
INSERT INTO attandance VALUES ("42","119","1","2024-02-03","13:00:00","8","2024-02-07 11:57:31","0","","0","0");
INSERT INTO attandance VALUES ("43","119","2","2024-02-03","23:15:00","8","2024-02-07 12:00:38","0","","0","0");
INSERT INTO attandance VALUES ("44","119","1","2024-02-04","11:28:00","8","2024-02-07 12:01:35","0","","0","0");
INSERT INTO attandance VALUES ("45","119","2","2024-02-04","22:00:00","8","2024-02-07 12:02:23","0","","0","0");
INSERT INTO attandance VALUES ("46","126","1","2024-02-05","13:23:00","8","2024-02-07 12:03:07","0","","0","0");
INSERT INTO attandance VALUES ("47","119","2","2024-02-05","02:05:00","8","2024-02-07 12:04:10","0","","0","0");
INSERT INTO attandance VALUES ("48","119","1","2024-02-06","12:51:00","8","2024-02-07 12:04:53","0","","0","0");
INSERT INTO attandance VALUES ("49","119","2","2024-02-06","22:27:00","8","2024-02-07 12:05:27","0","","0","0");
INSERT INTO attandance VALUES ("50","119","1","2024-02-07","12:57:00","8","2024-02-07 12:06:03","0","","0","0");
INSERT INTO attandance VALUES ("51","123","1","2024-02-01","12:10:00","8","2024-02-07 12:06:42","0","","0","0");
INSERT INTO attandance VALUES ("52","123","2","2024-02-01","21:58:00","8","2024-02-07 12:07:50","0","","0","0");
INSERT INTO attandance VALUES ("53","123","1","2024-02-03","12:13:00","8","2024-02-07 12:08:58","0","","0","0");
INSERT INTO attandance VALUES ("54","123","2","2024-02-03","22:03:00","8","2024-02-07 12:09:46","0","","0","0");
INSERT INTO attandance VALUES ("55","123","1","2024-02-04","12:01:00","8","2024-02-07 12:10:41","0","","0","0");
INSERT INTO attandance VALUES ("56","123","2","2024-02-04","22:04:00","8","2024-02-07 12:13:36","0","","0","0");
INSERT INTO attandance VALUES ("57","123","1","2024-02-05","12:07:00","8","2024-02-07 12:14:21","0","","0","0");
INSERT INTO attandance VALUES ("58","123","2","2024-02-05","21:57:00","8","2024-02-07 12:15:16","0","","0","0");
INSERT INTO attandance VALUES ("59","123","1","2024-02-06","12:06:00","8","2024-02-07 12:15:53","0","","0","0");
INSERT INTO attandance VALUES ("60","123","2","2024-02-06","22:01:00","8","2024-02-07 12:16:40","0","","0","0");
INSERT INTO attandance VALUES ("61","118","1","2024-02-08","20:44:00","1","2024-02-08 17:44:36","0","","0","0");
INSERT INTO attandance VALUES ("62","118","2","2024-02-08","20:45:00","1","2024-02-08 17:45:51","0","","0","0");
INSERT INTO attandance VALUES ("63","121","2","2024-02-07","18:00:00","8","2024-02-10 10:07:28","0","","0","0");
INSERT INTO attandance VALUES ("64","128","2","2024-02-22","20:00:00","8","2024-02-10 10:07:30","0","","0","0");
INSERT INTO attandance VALUES ("65","121","1","2024-02-10","12:03:00","8","2024-02-10 10:08:00","0","","0","0");
INSERT INTO attandance VALUES ("66","123","1","2024-02-08","11:59:00","8","2024-02-10 10:09:52","0","","0","0");
INSERT INTO attandance VALUES ("67","123","2","2024-02-08","21:53:00","8","2024-02-10 10:10:58","0","","0","0");
INSERT INTO attandance VALUES ("68","120","1","2024-02-08","14:04:00","8","2024-02-10 10:12:04","0","","0","0");
INSERT INTO attandance VALUES ("69","120","2","2024-02-08","22:10:00","8","2024-02-10 10:12:58","0","","0","0");
INSERT INTO attandance VALUES ("70","119","1","2024-02-08","13:08:00","8","2024-02-10 10:13:41","0","","0","0");
INSERT INTO attandance VALUES ("71","119","2","2024-02-08","21:17:00","8","2024-02-10 10:14:21","0","","0","0");
INSERT INTO attandance VALUES ("72","122","2","2024-02-07","18:00:00","8","2024-02-10 10:15:28","0","","0","0");
INSERT INTO attandance VALUES ("73","122","1","2024-02-08","12:15:00","8","2024-02-10 10:16:15","0","","0","0");
INSERT INTO attandance VALUES ("74","122","2","2024-02-08","18:00:00","8","2024-02-10 10:17:03","0","","0","0");
INSERT INTO attandance VALUES ("75","122","1","2024-02-10","12:20:00","8","2024-02-10 10:17:41","0","","0","0");
INSERT INTO attandance VALUES ("76","119","1","2024-02-10","12:49:00","8","2024-02-10 10:18:51","0","","0","0");
INSERT INTO attandance VALUES ("77","120","1","2024-02-10","13:51:00","8","2024-02-10 10:19:43","0","","0","0");
INSERT INTO attandance VALUES ("78","120","1","2024-02-10","13:51:00","8","2024-02-10 10:19:47","0","","0","0");
INSERT INTO attandance VALUES ("79","123","1","2024-02-10","12:06:00","8","2024-02-10 10:20:33","0","","0","0");
INSERT INTO attandance VALUES ("80","121","2","2024-02-10","18:10:00","4","2024-02-11 09:18:35","0","","0","0");
INSERT INTO attandance VALUES ("81","122","2","2024-02-10","18:10:00","4","2024-02-11 09:19:09","0","","0","0");
INSERT INTO attandance VALUES ("82","123","2","2024-02-10","22:16:00","4","2024-02-11 09:20:46","0","","0","0");
INSERT INTO attandance VALUES ("83","119","2","2024-02-10","22:27:00","4","2024-02-11 09:21:39","0","","0","0");
INSERT INTO attandance VALUES ("84","121","1","2024-02-11","12:05:00","4","2024-02-11 09:31:04","0","","0","0");
INSERT INTO attandance VALUES ("85","122","1","2024-02-11","12:15:00","4","2024-02-11 09:31:36","0","","0","0");
INSERT INTO attandance VALUES ("86","123","1","2024-02-11","12:07:00","4","2024-02-11 09:32:45","0","","0","0");
INSERT INTO attandance VALUES ("87","120","2","2024-02-10","22:00:00","4","2024-02-11 10:41:30","0","","0","0");
INSERT INTO attandance VALUES ("88","121","2","2024-02-11","17:56:00","4","2024-02-12 10:02:34","0","","0","0");
INSERT INTO attandance VALUES ("89","122","2","2024-02-11","17:55:00","4","2024-02-12 10:03:09","0","","0","0");
INSERT INTO attandance VALUES ("90","123","2","2024-02-11","22:04:00","4","2024-02-12 10:05:29","0","","0","0");
INSERT INTO attandance VALUES ("91","119","1","2024-02-11","12:52:00","4","2024-02-12 10:06:55","0","","0","0");
INSERT INTO attandance VALUES ("92","119","2","2024-02-11","21:45:00","4","2024-02-12 10:07:38","0","","0","0");
INSERT INTO attandance VALUES ("93","121","1","2024-02-12","12:05:00","4","2024-02-12 10:08:12","0","","0","0");
INSERT INTO attandance VALUES ("94","122","1","2024-02-12","12:15:00","4","2024-02-12 10:09:11","0","","0","0");
INSERT INTO attandance VALUES ("95","123","1","2024-02-12","12:08:00","4","2024-02-12 10:10:25","0","","0","0");
INSERT INTO attandance VALUES ("96","120","1","2024-02-12","23:19:00","4","2024-02-12 10:11:11","0","","0","0");
INSERT INTO attandance VALUES ("97","119","1","2024-02-12","12:34:00","4","2024-02-12 10:11:56","0","","0","0");
INSERT INTO attandance VALUES ("98","120","1","2024-02-11","14:01:00","4","2024-02-12 10:12:37","0","","0","0");
INSERT INTO attandance VALUES ("99","120","2","2024-02-11","21:35:00","4","2024-02-12 10:15:27","0","","0","0");
INSERT INTO attandance VALUES ("100","122","2","2024-02-12","17:55:00","4","2024-02-14 09:43:41","0","","0","0");
INSERT INTO attandance VALUES ("101","121","2","2024-02-12","17:56:00","4","2024-02-14 09:43:48","0","","0","0");
INSERT INTO attandance VALUES ("102","120","2","2024-02-12","20:58:00","4","2024-02-14 09:47:57","0","","0","0");
INSERT INTO attandance VALUES ("103","123","2","2024-02-12","21:59:00","4","2024-02-14 09:49:51","0","","0","0");
INSERT INTO attandance VALUES ("104","119","2","2024-02-12","23:07:00","4","2024-02-14 09:51:14","0","","0","0");
INSERT INTO attandance VALUES ("105","119","2","2024-02-12","23:07:00","4","2024-02-14 09:51:17","0","","0","0");
INSERT INTO attandance VALUES ("106","121","1","2024-02-13","12:10:00","4","2024-02-14 09:52:08","0","","0","0");
INSERT INTO attandance VALUES ("107","121","2","2024-02-13","18:00:00","4","2024-02-14 09:52:46","0","","0","0");
INSERT INTO attandance VALUES ("108","122","1","2024-02-13","12:05:00","4","2024-02-14 09:53:27","0","","0","0");
INSERT INTO attandance VALUES ("109","122","2","2024-02-13","18:00:00","4","2024-02-14 09:54:11","0","","0","0");
INSERT INTO attandance VALUES ("110","119","1","2024-02-13","13:19:00","4","2024-02-14 09:57:45","0","","0","0");
INSERT INTO attandance VALUES ("111","119","2","2024-02-13","21:49:00","4","2024-02-14 09:58:43","0","","0","0");
INSERT INTO attandance VALUES ("112","120","1","2024-02-13","12:50:00","4","2024-02-14 10:03:54","0","","0","0");
INSERT INTO attandance VALUES ("113","120","2","2024-02-13","21:00:00","4","2024-02-14 10:06:10","0","","0","0");
INSERT INTO attandance VALUES ("114","123","1","2024-02-13","12:13:00","4","2024-02-14 10:10:53","0","","0","0");
INSERT INTO attandance VALUES ("115","123","2","2024-02-13","22:00:00","4","2024-02-14 10:11:43","0","","0","0");
INSERT INTO attandance VALUES ("116","121","1","2024-02-14","12:05:00","4","2024-02-14 10:12:49","0","","0","0");
INSERT INTO attandance VALUES ("117","122","1","2024-02-14","12:00:00","4","2024-02-14 10:13:24","0","","0","0");
INSERT INTO attandance VALUES ("118","120","1","2024-02-14","11:54:00","4","2024-02-14 10:14:09","0","","0","0");
INSERT INTO attandance VALUES ("119","119","1","2024-02-14","13:00:00","4","2024-02-14 10:14:53","0","","0","0");
INSERT INTO attandance VALUES ("120","123","1","2024-02-14","12:05:00","4","2024-02-14 10:15:33","0","","0","0");
INSERT INTO attandance VALUES ("121","128","1","2024-02-03","13:28:00","4","2024-02-14 10:28:58","0","","0","0");
INSERT INTO attandance VALUES ("122","128","2","2024-02-03","13:29:00","4","2024-02-14 10:29:18","0","","0","0");
INSERT INTO attandance VALUES ("123","128","1","2024-02-04","13:29:00","4","2024-02-14 10:29:46","0","","0","0");
INSERT INTO attandance VALUES ("124","128","2","2024-02-04","13:30:00","4","2024-02-14 10:30:24","0","","0","0");
INSERT INTO attandance VALUES ("125","128","1","2024-02-05","13:30:00","4","2024-02-14 10:30:51","0","","0","0");
INSERT INTO attandance VALUES ("126","128","2","2024-02-05","13:31:00","4","2024-02-14 10:31:12","0","","0","0");
INSERT INTO attandance VALUES ("127","128","1","2024-02-06","13:31:00","4","2024-02-14 10:31:32","0","","0","0");
INSERT INTO attandance VALUES ("128","128","2","2024-02-06","13:31:00","4","2024-02-14 10:31:55","0","","0","0");
INSERT INTO attandance VALUES ("129","128","1","2024-02-07","13:32:00","4","2024-02-14 10:32:11","0","","0","0");
INSERT INTO attandance VALUES ("130","128","2","2024-02-07","13:32:00","4","2024-02-14 10:32:30","0","","0","0");
INSERT INTO attandance VALUES ("131","128","1","2024-02-08","13:32:00","4","2024-02-14 10:32:49","0","","0","0");
INSERT INTO attandance VALUES ("132","128","2","2024-02-08","13:33:00","4","2024-02-14 10:33:10","0","","0","0");
INSERT INTO attandance VALUES ("133","128","1","2024-02-09","13:33:00","4","2024-02-14 10:33:38","0","","0","0");
INSERT INTO attandance VALUES ("134","128","2","2024-02-09","13:33:00","4","2024-02-14 10:33:56","0","","0","0");
INSERT INTO attandance VALUES ("135","128","1","2024-02-10","13:34:00","4","2024-02-14 10:34:37","0","","0","0");
INSERT INTO attandance VALUES ("136","128","2","2024-02-10","13:34:00","4","2024-02-14 10:34:58","0","","0","0");
INSERT INTO attandance VALUES ("137","128","1","2024-02-11","13:35:00","4","2024-02-14 10:35:26","0","","0","0");
INSERT INTO attandance VALUES ("138","128","2","2024-02-11","13:35:00","4","2024-02-14 10:35:44","0","","0","0");
INSERT INTO attandance VALUES ("139","128","1","2024-02-12","13:36:00","4","2024-02-14 10:36:12","0","","0","0");
INSERT INTO attandance VALUES ("140","128","2","2024-02-12","13:36:00","4","2024-02-14 10:36:32","0","","0","0");
INSERT INTO attandance VALUES ("141","128","1","2024-02-13","13:36:00","4","2024-02-14 10:36:56","0","","0","0");
INSERT INTO attandance VALUES ("142","128","2","2024-02-13","20:15:00","4","2024-02-14 10:38:19","0","","0","0");
INSERT INTO attandance VALUES ("143","128","1","2024-02-14","12:30:00","4","2024-02-14 10:38:48","0","","0","0");
INSERT INTO attandance VALUES ("144","122","2","2024-02-14","16:00:00","4","2024-02-14 12:21:39","0","","0","0");
INSERT INTO attandance VALUES ("145","121","2","2024-02-14","18:03:00","4","2024-02-15 09:49:06","0","","0","0");
INSERT INTO attandance VALUES ("146","119","2","2024-02-14","18:44:00","4","2024-02-15 09:50:27","0","","0","0");
INSERT INTO attandance VALUES ("147","120","2","2024-02-14","22:15:00","4","2024-02-15 09:51:27","0","","0","0");
INSERT INTO attandance VALUES ("148","128","2","2024-02-14","20:00:00","4","2024-02-15 09:52:10","0","","0","0");
INSERT INTO attandance VALUES ("149","123","2","2024-02-14","21:53:00","4","2024-02-15 09:53:06","0","","0","0");
INSERT INTO attandance VALUES ("150","123","1","2024-02-15","12:03:00","4","2024-02-15 09:53:46","0","","0","0");
INSERT INTO attandance VALUES ("151","128","1","2024-02-15","12:30:00","4","2024-02-15 09:54:19","0","","0","0");
INSERT INTO attandance VALUES ("152","121","1","2024-02-15","12:07:00","4","2024-02-15 09:54:55","0","","0","0");
INSERT INTO attandance VALUES ("153","122","1","2024-02-15","12:05:00","4","2024-02-15 09:55:43","0","","0","0");
INSERT INTO attandance VALUES ("154","120","1","2024-02-15","11:45:00","4","2024-02-15 09:56:23","0","","0","0");
INSERT INTO attandance VALUES ("155","119","1","2024-02-15","12:28:00","4","2024-02-15 09:57:12","0","","0","0");
INSERT INTO attandance VALUES ("156","121","2","2024-02-15","17:45:00","4","2024-02-17 09:52:27","0","","0","0");
INSERT INTO attandance VALUES ("157","122","2","2024-02-15","17:45:00","4","2024-02-17 09:54:21","0","","0","0");
INSERT INTO attandance VALUES ("158","128","2","2024-02-15","19:45:00","4","2024-02-17 10:02:18","0","","0","0");
INSERT INTO attandance VALUES ("159","119","2","2024-02-15","20:50:00","4","2024-02-17 10:02:55","0","","0","0");
INSERT INTO attandance VALUES ("160","120","2","2024-02-15","23:02:00","4","2024-02-17 10:03:26","0","","0","0");
INSERT INTO attandance VALUES ("161","123","2","2024-02-15","10:04:00","4","2024-02-17 10:46:07","0","","0","0");
INSERT INTO attandance VALUES ("162","121","2","2024-02-25","17:53:00","4","2024-02-17 10:46:10","0","","0","0");
INSERT INTO attandance VALUES ("163","121","1","2024-02-17","12:00:00","4","2024-02-17 10:47:27","0","","0","0");
INSERT INTO attandance VALUES ("164","122","1","2024-02-17","12:05:00","4","2024-02-17 10:49:18","0","","0","0");
INSERT INTO attandance VALUES ("165","123","1","2024-02-17","12:10:00","4","2024-02-17 10:52:14","0","","0","0");
INSERT INTO attandance VALUES ("166","120","1","2024-02-17","11:45:00","4","2024-02-17 10:52:19","0","","0","0");
INSERT INTO attandance VALUES ("167","128","1","2024-02-17","12:30:00","4","2024-02-17 10:59:59","0","","0","0");
INSERT INTO attandance VALUES ("168","119","1","2024-02-17","12:21:00","4","2024-02-17 11:01:19","0","","0","0");
INSERT INTO attandance VALUES ("169","121","2","2024-02-17","18:25:00","4","2024-02-18 12:26:49","0","","0","0");
INSERT INTO attandance VALUES ("170","122","2","2024-02-17","18:25:00","4","2024-02-18 12:28:05","0","","0","0");
INSERT INTO attandance VALUES ("171","119","2","2024-02-17","00:57:00","4","2024-02-18 12:28:45","0","","0","0");
INSERT INTO attandance VALUES ("172","120","2","2024-02-17","20:00:00","4","2024-02-18 12:29:33","0","","0","0");
INSERT INTO attandance VALUES ("173","128","2","2024-02-17","19:40:00","4","2024-02-18 12:30:30","0","","0","0");
INSERT INTO attandance VALUES ("174","123","2","2024-02-17","22:03:00","4","2024-02-18 12:31:04","0","","0","0");
INSERT INTO attandance VALUES ("175","121","1","2024-02-18","12:10:00","4","2024-02-18 12:33:35","0","","0","0");
INSERT INTO attandance VALUES ("176","122","1","2024-02-18","12:15:00","4","2024-02-18 12:34:11","0","","0","0");
INSERT INTO attandance VALUES ("177","120","1","2024-02-18","12:02:00","4","2024-02-18 12:36:11","0","","0","0");
INSERT INTO attandance VALUES ("178","128","1","2024-02-18","12:30:00","4","2024-02-18 12:37:01","0","","0","0");
INSERT INTO attandance VALUES ("179","119","1","2024-02-18","12:23:00","4","2024-02-18 12:37:34","0","","0","0");
INSERT INTO attandance VALUES ("180","123","1","2024-02-18","12:17:00","4","2024-02-18 12:38:32","0","","0","0");
INSERT INTO attandance VALUES ("181","121","2","2024-02-18","17:40:00","4","2024-02-19 09:13:55","0","","0","0");
INSERT INTO attandance VALUES ("182","122","2","2024-02-18","17:40:00","4","2024-02-19 09:14:36","0","","0","0");
INSERT INTO attandance VALUES ("183","128","2","2024-02-18","20:00:00","4","2024-02-19 09:15:27","0","","0","0");
INSERT INTO attandance VALUES ("184","123","2","2024-02-18","22:00:00","4","2024-02-19 09:17:07","0","","0","0");
INSERT INTO attandance VALUES ("185","120","2","2024-02-18","19:50:00","4","2024-02-19 09:17:59","0","","0","0");
INSERT INTO attandance VALUES ("186","119","2","2024-02-18","19:53:00","4","2024-02-19 09:19:43","0","","0","0");
INSERT INTO attandance VALUES ("187","121","1","2024-02-19","12:00:00","4","2024-02-19 09:20:29","0","","0","0");
INSERT INTO attandance VALUES ("188","122","1","2024-02-19","12:10:00","4","2024-02-19 09:21:01","0","","0","0");
INSERT INTO attandance VALUES ("189","120","1","2024-02-19","12:55:00","4","2024-02-19 09:25:09","0","","0","0");
INSERT INTO attandance VALUES ("190","128","1","2024-02-19","12:30:00","4","2024-02-19 09:27:01","0","","0","0");
INSERT INTO attandance VALUES ("191","119","1","2024-02-19","08:19:00","4","2024-02-19 09:30:46","0","","0","0");
INSERT INTO attandance VALUES ("192","123","1","2024-02-19","12:11:00","4","2024-02-19 09:31:21","0","","0","0");
INSERT INTO attandance VALUES ("193","121","2","2024-02-19","18:01:00","4","2024-02-20 10:41:25","0","","0","0");
INSERT INTO attandance VALUES ("194","122","2","2024-02-19","18:01:00","4","2024-02-20 10:42:08","0","","0","0");
INSERT INTO attandance VALUES ("195","119","2","2024-02-19","21:20:00","4","2024-02-20 10:42:53","0","","0","0");
INSERT INTO attandance VALUES ("196","123","2","2024-02-19","22:06:00","4","2024-02-20 10:43:31","0","","0","0");
INSERT INTO attandance VALUES ("197","128","2","2024-02-19","20:45:00","4","2024-02-20 10:44:05","0","","0","0");
INSERT INTO attandance VALUES ("198","120","2","2024-02-19","18:30:00","4","2024-02-20 10:46:51","0","","0","0");
INSERT INTO attandance VALUES ("199","121","1","2024-02-20","12:00:00","4","2024-02-20 10:47:29","0","","0","0");
INSERT INTO attandance VALUES ("200","122","1","2024-02-20","12:10:00","4","2024-02-20 10:48:03","0","","0","0");
INSERT INTO attandance VALUES ("201","128","1","2024-02-20","12:30:00","4","2024-02-20 10:48:39","0","","0","0");
INSERT INTO attandance VALUES ("202","120","1","2024-02-20","06:44:00","4","2024-02-20 10:49:56","0","","0","0");
INSERT INTO attandance VALUES ("203","123","1","2024-02-20","00:19:00","4","2024-02-20 10:50:31","0","","0","0");
INSERT INTO attandance VALUES ("204","119","1","2024-02-20","12:49:00","4","2024-02-20 10:50:31","0","","0","0");
INSERT INTO attandance VALUES ("205","121","2","2024-02-20","18:00:00","4","2024-02-21 09:03:00","0","","0","0");
INSERT INTO attandance VALUES ("206","122","2","2024-02-20","18:00:00","4","2024-02-21 09:03:42","0","","0","0");
INSERT INTO attandance VALUES ("207","119","2","2024-02-20","19:15:00","4","2024-02-21 09:04:16","0","","0","0");
INSERT INTO attandance VALUES ("208","120","2","2024-02-20","20:00:00","4","2024-02-21 09:04:56","0","","0","0");
INSERT INTO attandance VALUES ("209","128","2","2024-02-20","19:54:00","4","2024-02-21 09:07:18","0","","0","0");
INSERT INTO attandance VALUES ("210","123","2","2024-02-20","22:01:00","4","2024-02-21 09:09:26","0","","0","0");
INSERT INTO attandance VALUES ("211","121","1","2024-02-21","12:05:00","4","2024-02-21 09:11:01","0","","0","0");
INSERT INTO attandance VALUES ("212","122","1","2024-02-21","12:00:00","4","2024-02-21 09:19:48","0","","0","0");
INSERT INTO attandance VALUES ("213","123","1","2024-02-21","12:27:00","4","2024-02-21 09:20:21","0","","0","0");
INSERT INTO attandance VALUES ("214","119","1","2024-02-21","12:13:00","4","2024-02-21 09:21:14","0","","0","0");
INSERT INTO attandance VALUES ("215","120","1","2024-02-21","11:58:00","4","2024-02-21 09:21:58","0","","0","0");
INSERT INTO attandance VALUES ("216","128","1","2024-02-21","12:30:00","4","2024-02-21 09:22:28","0","","0","0");
INSERT INTO attandance VALUES ("217","121","2","2024-02-21","18:03:00","4","2024-02-22 09:17:26","0","","0","0");
INSERT INTO attandance VALUES ("218","122","2","2024-02-21","18:03:00","4","2024-02-22 09:18:29","0","","0","0");
INSERT INTO attandance VALUES ("219","128","2","2024-02-21","21:00:00","4","2024-02-22 09:19:41","0","","0","0");
INSERT INTO attandance VALUES ("220","123","2","2024-02-21","22:00:00","4","2024-02-22 09:21:40","0","","0","0");
INSERT INTO attandance VALUES ("221","119","2","2024-02-21","01:38:00","4","2024-02-22 09:23:29","0","","0","0");
INSERT INTO attandance VALUES ("222","120","2","2024-02-21","21:00:00","4","2024-02-22 09:24:45","0","","0","0");
INSERT INTO attandance VALUES ("223","121","1","2024-02-22","12:12:00","4","2024-02-22 09:25:53","0","","0","0");
INSERT INTO attandance VALUES ("224","128","1","2024-02-22","12:30:00","4","2024-02-22 09:27:17","0","","0","0");
INSERT INTO attandance VALUES ("225","123","1","2024-02-22","12:19:00","4","2024-02-22 09:28:04","0","","0","0");
INSERT INTO attandance VALUES ("226","120","1","2024-02-22","12:30:00","4","2024-02-22 09:28:52","0","","0","0");
INSERT INTO attandance VALUES ("227","119","1","2024-02-22","12:55:00","4","2024-02-22 09:29:54","0","","0","0");
INSERT INTO attandance VALUES ("228","119","1","2024-02-22","12:55:00","4","2024-02-22 09:29:54","1","","0","0");
INSERT INTO attandance VALUES ("229","121","2","2024-02-22","17:45:00","4","2024-02-24 12:05:28","0","","0","0");
INSERT INTO attandance VALUES ("230","119","2","2024-02-22","22:16:00","4","2024-02-24 12:07:22","0","","0","0");
INSERT INTO attandance VALUES ("231","120","2","2024-02-22","01:15:00","4","2024-02-24 12:09:37","0","","0","0");
INSERT INTO attandance VALUES ("232","123","2","2024-02-22","22:08:00","4","2024-02-24 12:11:15","0","","0","0");
INSERT INTO attandance VALUES ("233","121","1","2024-02-24","12:10:00","4","2024-02-24 12:12:03","0","","0","0");
INSERT INTO attandance VALUES ("234","122","1","2024-02-24","12:06:00","4","2024-02-24 12:14:04","0","","0","0");
INSERT INTO attandance VALUES ("235","128","1","2024-02-24","12:50:00","4","2024-02-24 12:14:48","0","","0","0");
INSERT INTO attandance VALUES ("236","120","1","2024-02-24","08:25:00","4","2024-02-24 12:15:42","0","","0","0");
INSERT INTO attandance VALUES ("237","119","1","2024-02-24","12:53:00","4","2024-02-24 12:16:31","0","","0","0");
INSERT INTO attandance VALUES ("238","123","1","2024-02-24","12:08:00","4","2024-02-24 12:18:47","0","","0","0");
INSERT INTO attandance VALUES ("239","121","2","2024-02-24","18:00:00","4","2024-02-25 09:00:53","0","","0","0");
INSERT INTO attandance VALUES ("240","122","2","2024-02-24","18:00:00","4","2024-02-25 09:01:31","0","","0","0");
INSERT INTO attandance VALUES ("241","120","2","2024-02-24","19:20:00","4","2024-02-25 09:09:57","0","","0","0");
INSERT INTO attandance VALUES ("242","119","2","2024-02-24","18:30:00","4","2024-02-25 09:10:47","0","","0","0");
INSERT INTO attandance VALUES ("243","128","2","2024-02-24","20:00:00","4","2024-02-25 09:11:28","0","","0","0");
INSERT INTO attandance VALUES ("244","123","2","2024-02-24","22:07:00","4","2024-02-25 09:12:10","0","","0","0");
INSERT INTO attandance VALUES ("245","121","1","2024-02-25","12:00:00","4","2024-02-25 09:13:06","0","","0","0");
INSERT INTO attandance VALUES ("246","122","1","2024-02-25","12:10:00","4","2024-02-25 09:13:31","0","","0","0");
INSERT INTO attandance VALUES ("247","119","1","2024-02-25","13:09:00","4","2024-02-25 09:14:19","0","","0","0");
INSERT INTO attandance VALUES ("248","120","1","2024-02-25","12:15:00","4","2024-02-25 09:15:02","0","","0","0");
INSERT INTO attandance VALUES ("249","128","1","2024-02-25","12:30:00","4","2024-02-25 09:15:37","0","","0","0");
INSERT INTO attandance VALUES ("250","123","1","2024-02-25","12:15:00","4","2024-02-25 09:16:02","0","","0","0");
INSERT INTO attandance VALUES ("251","118","1","2024-02-25","15:23:00","1","2024-02-25 12:23:15","0","","0","0");
INSERT INTO attandance VALUES ("252","119","2","2024-02-07","21:17:00","4","2024-02-25 12:31:31","0","","0","0");
INSERT INTO attandance VALUES ("253","119","1","2024-02-01","13:07:00","4","2024-02-25 12:33:45","0","","0","0");
INSERT INTO attandance VALUES ("254","119","1","2024-02-05","13:23:00","4","2024-02-25 12:37:04","0","","0","0");
INSERT INTO attandance VALUES ("255","120","2","2024-02-01","19:55:00","4","2024-02-25 12:43:01","0","","0","0");
INSERT INTO attandance VALUES ("256","120","1","2024-02-05","12:06:00","4","2024-02-25 12:46:06","0","","0","0");
INSERT INTO attandance VALUES ("257","121","1","2024-02-06","12:00:00","4","2024-02-25 12:54:54","0","","0","0");
INSERT INTO attandance VALUES ("258","121","1","2024-02-01","12:00:00","4","2024-02-25 13:06:02","0","","0","0");
INSERT INTO attandance VALUES ("259","124","1","2024-02-25","19:33:00","1","2024-02-25 16:33:36","0","","0","0");
INSERT INTO attandance VALUES ("260","118","1","2024-02-25","19:34:00","1","2024-02-25 16:34:53","0","","0","0");
INSERT INTO attandance VALUES ("261","122","2","2024-02-25","17:53:00","4","2024-02-26 09:33:59","0","","0","0");
INSERT INTO attandance VALUES ("262","119","2","2024-02-25","21:48:00","4","2024-02-26 09:36:49","0","","0","0");
INSERT INTO attandance VALUES ("263","128","2","2024-02-25","20:00:00","4","2024-02-26 09:37:30","0","","0","0");
INSERT INTO attandance VALUES ("264","123","2","2024-02-25","22:00:00","4","2024-02-26 09:41:28","0","","0","0");
INSERT INTO attandance VALUES ("265","121","1","2024-02-26","12:10:00","4","2024-02-26 09:42:10","0","","0","0");
INSERT INTO attandance VALUES ("266","122","1","2024-02-26","12:00:00","4","2024-02-26 09:42:53","0","","0","0");
INSERT INTO attandance VALUES ("267","123","1","2024-02-26","12:14:00","4","2024-02-26 09:43:32","0","","0","0");
INSERT INTO attandance VALUES ("268","128","1","2024-02-26","12:35:00","4","2024-02-26 09:44:02","0","","0","0");
INSERT INTO attandance VALUES ("269","119","1","2024-02-26","13:16:00","4","2024-02-26 09:44:43","0","","0","0");
INSERT INTO attandance VALUES ("270","121","2","2024-02-26","17:15:00","4","2024-02-27 09:07:25","0","","0","0");
INSERT INTO attandance VALUES ("271","122","2","2024-02-26","17:15:00","4","2024-02-27 09:08:22","0","","0","0");
INSERT INTO attandance VALUES ("272","123","2","2024-02-26","21:57:00","4","2024-02-27 09:09:23","0","","0","0");
INSERT INTO attandance VALUES ("273","119","2","2024-02-26","23:32:00","4","2024-02-27 09:10:30","0","","0","0");
INSERT INTO attandance VALUES ("274","128","2","2024-02-26","20:00:00","4","2024-02-27 09:11:20","0","","0","0");
INSERT INTO attandance VALUES ("275","121","1","2024-02-27","12:00:00","4","2024-02-27 09:11:58","0","","0","0");
INSERT INTO attandance VALUES ("276","122","1","2024-02-27","12:10:00","4","2024-02-27 09:12:53","0","","0","0");
INSERT INTO attandance VALUES ("277","128","1","2024-02-27","12:35:00","4","2024-02-27 09:14:53","0","","0","0");
INSERT INTO attandance VALUES ("278","123","1","2024-02-27","12:41:00","4","2024-02-27 09:15:36","0","","0","0");
INSERT INTO attandance VALUES ("279","119","1","2024-02-27","13:23:00","4","2024-02-28 09:40:03","0","","0","0");
INSERT INTO attandance VALUES ("280","121","2","2024-02-27","17:59:00","4","2024-02-28 09:40:47","0","","0","0");
INSERT INTO attandance VALUES ("281","122","2","2024-02-27","17:59:00","4","2024-02-28 09:41:26","0","","0","0");
INSERT INTO attandance VALUES ("282","128","2","2024-02-27","20:01:00","4","2024-02-28 09:42:02","0","","0","0");
INSERT INTO attandance VALUES ("283","123","2","2024-02-27","22:00:00","4","2024-02-28 09:43:12","0","","0","0");
INSERT INTO attandance VALUES ("284","119","2","2024-02-27","21:25:00","4","2024-02-28 09:43:57","0","","0","0");
INSERT INTO attandance VALUES ("285","121","1","2024-02-28","12:05:00","4","2024-02-28 09:45:56","0","","0","0");
INSERT INTO attandance VALUES ("286","122","1","2024-02-28","12:00:00","4","2024-02-28 09:47:09","0","","0","0");
INSERT INTO attandance VALUES ("287","123","1","2024-02-28","12:18:00","4","2024-02-28 09:47:50","0","","0","0");
INSERT INTO attandance VALUES ("288","128","1","2024-02-28","12:34:00","4","2024-02-28 09:48:31","0","","0","0");
INSERT INTO attandance VALUES ("289","119","1","2024-02-28","13:01:00","4","2024-02-28 09:49:07","0","","0","0");
INSERT INTO attandance VALUES ("290","120","1","2024-02-28","13:10:00","4","2024-02-28 09:49:41","0","","0","0");
INSERT INTO attandance VALUES ("291","120","1","2024-02-27","18:00:00","4","2024-02-28 09:57:22","0","","0","0");
INSERT INTO attandance VALUES ("292","120","2","2024-02-27","23:00:00","4","2024-02-28 09:57:56","0","","0","0");
INSERT INTO attandance VALUES ("293","120","2","2024-02-04","18:30:00","4","2024-02-28 12:21:01","0","","0","0");
INSERT INTO attandance VALUES ("294","121","2","2024-02-28","18:00:00","4","2024-02-29 09:45:36","0","","0","0");
INSERT INTO attandance VALUES ("295","122","2","2024-02-28","18:00:00","4","2024-02-29 09:46:25","0","","0","0");
INSERT INTO attandance VALUES ("296","128","2","2024-02-28","20:18:00","4","2024-02-29 09:47:32","0","","0","0");
INSERT INTO attandance VALUES ("297","123","2","2024-02-28","21:58:00","4","2024-02-29 09:48:54","0","","0","0");
INSERT INTO attandance VALUES ("298","119","2","2024-02-28","23:17:00","4","2024-02-29 09:49:57","0","","0","0");
INSERT INTO attandance VALUES ("299","120","2","2024-02-28","22:30:00","4","2024-02-29 09:51:02","0","","0","0");
INSERT INTO attandance VALUES ("300","121","1","2024-02-29","12:00:00","4","2024-02-29 09:52:29","0","","0","0");
INSERT INTO attandance VALUES ("301","122","1","2024-02-29","12:13:00","4","2024-02-29 09:54:00","0","","0","0");
INSERT INTO attandance VALUES ("302","120","1","2024-02-29","08:06:00","4","2024-02-29 10:01:58","0","","0","0");
INSERT INTO attandance VALUES ("303","119","1","2024-02-29","13:13:00","4","2024-02-29 10:04:09","0","","0","0");
INSERT INTO attandance VALUES ("304","123","1","2024-02-29","12:11:00","4","2024-02-29 10:04:55","0","","0","0");
INSERT INTO attandance VALUES ("305","121","2","2024-02-29","18:11:00","4","2024-03-02 10:52:56","0","","0","0");
INSERT INTO attandance VALUES ("306","122","2","2024-02-29","18:11:00","4","2024-03-02 10:53:30","0","","0","0");
INSERT INTO attandance VALUES ("307","123","2","2024-02-29","21:55:00","4","2024-03-02 10:53:59","0","","0","0");
INSERT INTO attandance VALUES ("308","119","2","2024-02-29","22:45:00","4","2024-03-02 10:54:46","0","","0","0");
INSERT INTO attandance VALUES ("309","120","2","2024-02-29","21:38:00","4","2024-03-02 10:55:19","0","","0","0");
INSERT INTO attandance VALUES ("310","121","1","2024-03-02","12:08:00","4","2024-03-02 10:56:27","0","","0","0");
INSERT INTO attandance VALUES ("311","122","1","2024-03-02","12:13:00","4","2024-03-02 10:57:04","0","","0","0");
INSERT INTO attandance VALUES ("312","128","1","2024-03-02","12:32:00","4","2024-03-02 10:57:42","0","","0","0");
INSERT INTO attandance VALUES ("313","120","1","2024-03-02","12:46:00","4","2024-03-02 10:58:36","0","","0","0");
INSERT INTO attandance VALUES ("314","119","1","2024-03-02","13:09:00","4","2024-03-02 10:59:07","0","","0","0");
INSERT INTO attandance VALUES ("315","123","1","2024-03-02","12:20:00","4","2024-03-02 10:59:43","0","","0","0");
INSERT INTO attandance VALUES ("316","118","1","2024-03-02","16:16:00","1","2024-03-02 13:16:36","0","","0","0");
INSERT INTO attandance VALUES ("317","118","1","2024-03-02","16:16:00","1","2024-03-02 13:16:37","1","","0","0");
INSERT INTO attandance VALUES ("318","118","1","2024-03-02","16:16:00","1","2024-03-02 13:16:38","1","","0","0");
INSERT INTO attandance VALUES ("319","118","1","2024-03-02","16:16:00","1","2024-03-02 13:16:40","1","","0","0");
INSERT INTO attandance VALUES ("320","128","1","2024-03-02","12:32:00","1","2024-03-02 13:28:01","1","","0","0");
INSERT INTO attandance VALUES ("321","118","1","2024-03-02","16:28:00","1","2024-03-02 13:28:47","1","","0","0");
INSERT INTO attandance VALUES ("322","121","2","2024-03-02","18:00:00","4","2024-03-03 09:15:24","0","","0","0");
INSERT INTO attandance VALUES ("323","122","2","2024-03-02","18:54:00","4","2024-03-03 09:16:06","0","","0","0");
INSERT INTO attandance VALUES ("324","128","2","2024-03-02","20:12:00","4","2024-03-03 09:16:53","0","","0","0");
INSERT INTO attandance VALUES ("325","120","2","2024-03-02","19:45:00","4","2024-03-03 09:17:32","0","","0","0");
INSERT INTO attandance VALUES ("326","119","2","2024-03-02","20:32:00","4","2024-03-03 09:22:09","0","","0","0");
INSERT INTO attandance VALUES ("327","123","2","2024-03-02","21:55:00","4","2024-03-03 09:23:00","0","","0","0");
INSERT INTO attandance VALUES ("328","121","1","2024-03-03","12:09:00","4","2024-03-03 09:23:33","0","","0","0");
INSERT INTO attandance VALUES ("329","122","1","2024-03-03","12:08:00","4","2024-03-03 09:24:02","0","","0","0");
INSERT INTO attandance VALUES ("330","123","1","2024-03-03","12:14:00","4","2024-03-03 09:26:06","0","","0","0");
INSERT INTO attandance VALUES ("331","128","1","2024-03-03","12:38:00","4","2024-03-03 09:26:47","0","","0","0");
INSERT INTO attandance VALUES ("332","120","1","2024-03-03","13:00:00","4","2024-03-03 09:27:23","0","","0","0");
INSERT INTO attandance VALUES ("333","118","1","2024-03-03","16:08:00","1","2024-03-03 13:08:44","1","","0","0");
INSERT INTO attandance VALUES ("335","118","1","2024-07-11","20:46:00","1","2024-07-11 20:46:16","0","","0","0");
INSERT INTO attandance VALUES ("336","121","1","2024-06-01","11:12:00","22","2024-07-13 08:16:25","0","","0","0");
INSERT INTO attandance VALUES ("337","120","1","2024-07-13","09:30:00","22","2024-07-13 08:32:01","0","","0","0");
INSERT INTO attandance VALUES ("338","135","1","2024-06-01","12:18:00","22","2024-07-13 08:34:31","0","","0","0");
INSERT INTO attandance VALUES ("339","119","1","2024-06-01","12:39:00","22","2024-07-13 08:35:18","0","","0","0");
INSERT INTO attandance VALUES ("340","122","1","2024-06-01","13:16:00","22","2024-07-13 08:37:55","0","","0","0");
INSERT INTO attandance VALUES ("341","121","2","2024-06-01","17:02:00","22","2024-07-13 08:41:12","0","","0","0");
INSERT INTO attandance VALUES ("342","122","2","2024-06-01","19:00:00","22","2024-07-13 08:42:54","0","","0","0");
INSERT INTO attandance VALUES ("343","119","2","2024-06-01","21:30:00","22","2024-07-13 08:44:29","0","","0","0");
INSERT INTO attandance VALUES ("344","135","2","2024-06-01","23:14:00","22","2024-07-13 08:45:38","0","","0","0");
INSERT INTO attandance VALUES ("345","120","2","2024-06-01","00:38:00","22","2024-07-13 08:47:22","0","","0","0");
INSERT INTO attandance VALUES ("346","135","1","2024-06-02","12:19:00","22","2024-07-13 08:48:37","0","","0","0");
INSERT INTO attandance VALUES ("347","119","1","2024-06-02","12:54:00","22","2024-07-13 08:49:42","0","","0","0");
INSERT INTO attandance VALUES ("348","120","1","2024-06-01","13:01:00","22","2024-07-13 08:51:05","0","","0","0");
INSERT INTO attandance VALUES ("349","122","1","2024-06-02","13:10:00","22","2024-07-13 08:52:11","0","","0","0");
INSERT INTO attandance VALUES ("350","122","2","2024-06-02","19:01:00","22","2024-07-13 08:53:18","0","","0","0");
INSERT INTO attandance VALUES ("351","119","2","2024-06-02","20:50:00","22","2024-07-13 08:54:25","0","","0","0");
INSERT INTO attandance VALUES ("352","135","2","2024-06-02","22:36:00","22","2024-07-13 08:56:09","0","","0","0");
INSERT INTO attandance VALUES ("353","120","2","2024-06-02","21:00:00","22","2024-07-13 08:57:19","0","","0","0");
INSERT INTO attandance VALUES ("354","121","1","2024-06-03","11:04:00","22","2024-07-13 08:58:39","0","","0","0");
INSERT INTO attandance VALUES ("355","120","1","2024-06-03","13:00:00","22","2024-07-13 08:59:39","0","","0","0");
INSERT INTO attandance VALUES ("356","119","1","2024-06-03","16:36:00","22","2024-07-13 09:00:48","0","","0","0");
INSERT INTO attandance VALUES ("357","121","2","2024-06-03","17:13:00","22","2024-07-13 09:01:51","0","","0","0");
INSERT INTO attandance VALUES ("358","135","1","2024-06-03","17:20:00","22","2024-07-13 09:03:18","0","","0","0");
INSERT INTO attandance VALUES ("359","135","2","2024-06-03","22:50:00","22","2024-07-13 09:04:48","0","","0","0");
INSERT INTO attandance VALUES ("360","119","2","2024-06-03","23:02:00","22","2024-07-13 09:05:42","0","","0","0");
INSERT INTO attandance VALUES ("361","120","2","2024-06-03","23:15:00","22","2024-07-13 09:07:58","0","","0","0");
INSERT INTO attandance VALUES ("362","121","1","2024-06-04","11:13:00","22","2024-07-13 09:08:53","0","","0","0");
INSERT INTO attandance VALUES ("363","135","1","2024-06-04","12:23:00","22","2024-07-13 09:09:58","0","","0","0");
INSERT INTO attandance VALUES ("364","119","1","2024-06-04","13:06:00","22","2024-07-13 09:44:04","0","","0","0");
INSERT INTO attandance VALUES ("365","122","1","2024-06-04","13:09:00","22","2024-07-13 09:44:39","0","","0","0");
INSERT INTO attandance VALUES ("366","120","1","2024-06-04","14:00:00","22","2024-07-13 09:45:15","0","","0","0");
INSERT INTO attandance VALUES ("367","121","2","2024-06-04","17:14:00","22","2024-07-13 09:46:01","0","","0","0");
INSERT INTO attandance VALUES ("368","122","2","2024-06-04","19:03:00","22","2024-07-13 09:46:44","0","","0","0");
INSERT INTO attandance VALUES ("369","120","2","2024-06-04","22:00:00","22","2024-07-13 09:47:27","0","","0","0");
INSERT INTO attandance VALUES ("370","119","2","2024-06-04","22:00:00","22","2024-07-13 09:48:01","0","","0","0");
INSERT INTO attandance VALUES ("371","135","2","2024-06-04","22:51:00","22","2024-07-13 09:48:35","0","","0","0");
INSERT INTO attandance VALUES ("372","121","1","2024-06-05","11:09:00","22","2024-07-13 10:02:16","0","","0","0");
INSERT INTO attandance VALUES ("373","135","1","2024-06-05","12:29:00","22","2024-07-13 10:03:02","0","","0","0");
INSERT INTO attandance VALUES ("374","119","1","2024-06-05","12:52:00","22","2024-07-13 10:03:47","0","","0","0");
INSERT INTO attandance VALUES ("375","122","1","2024-06-05","13:03:00","22","2024-07-13 10:04:13","0","","0","0");
INSERT INTO attandance VALUES ("376","120","1","2024-06-05","14:17:00","22","2024-07-13 10:04:41","0","","0","0");
INSERT INTO attandance VALUES ("377","121","2","2024-06-05","17:38:00","22","2024-07-13 10:05:12","0","","0","0");
INSERT INTO attandance VALUES ("378","122","2","2024-06-05","19:05:00","22","2024-07-13 10:05:43","0","","0","0");
INSERT INTO attandance VALUES ("379","135","2","2024-06-05","22:02:00","22","2024-07-13 10:06:44","0","","0","0");
INSERT INTO attandance VALUES ("380","119","2","2024-06-05","22:42:00","22","2024-07-13 10:08:09","0","","0","0");
INSERT INTO attandance VALUES ("381","120","2","2024-06-05","22:08:00","22","2024-07-13 10:08:45","0","","0","0");
INSERT INTO attandance VALUES ("382","121","1","2024-06-06","11:10:00","22","2024-07-13 10:09:28","0","","0","0");
INSERT INTO attandance VALUES ("383","120","1","2024-06-06","13:08:00","22","2024-07-13 10:10:10","0","","0","0");
INSERT INTO attandance VALUES ("384","135","1","2024-06-06","12:25:00","22","2024-07-13 10:11:02","0","","0","0");
INSERT INTO attandance VALUES ("385","119","1","2024-06-06","13:30:00","22","2024-07-13 10:11:55","0","","0","0");
INSERT INTO attandance VALUES ("386","122","1","2024-06-06","13:12:00","22","2024-07-13 10:13:06","0","","0","0");
INSERT INTO attandance VALUES ("387","121","2","2024-06-06","17:30:00","22","2024-07-13 10:13:45","0","","0","0");
INSERT INTO attandance VALUES ("388","122","2","2024-06-06","19:25:00","22","2024-07-13 10:14:19","0","","0","0");
INSERT INTO attandance VALUES ("389","119","2","2024-06-06","22:00:00","22","2024-07-13 10:15:04","0","","0","0");
INSERT INTO attandance VALUES ("390","135","2","2024-06-06","23:01:00","22","2024-07-13 10:15:44","0","","0","0");
INSERT INTO attandance VALUES ("391","121","1","2024-06-08","11:14:00","22","2024-07-13 10:16:21","0","","0","0");
INSERT INTO attandance VALUES ("392","120","1","2024-06-08","12:27:00","22","2024-07-13 10:17:06","0","","0","0");
INSERT INTO attandance VALUES ("393","122","1","2024-06-08","13:09:00","22","2024-07-13 10:18:01","0","","0","0");
INSERT INTO attandance VALUES ("394","119","1","2024-06-08","13:42:00","22","2024-07-13 10:18:56","0","","0","0");
INSERT INTO attandance VALUES ("395","135","1","2024-06-08","17:15:00","22","2024-07-13 10:19:54","0","","0","0");
INSERT INTO attandance VALUES ("396","121","2","2024-06-08","17:02:00","22","2024-07-13 10:20:30","0","","0","0");
INSERT INTO attandance VALUES ("397","122","2","2024-06-08","19:01:00","22","2024-07-13 10:21:24","0","","0","0");
INSERT INTO attandance VALUES ("398","135","2","2024-06-08","23:16:00","22","2024-07-13 10:21:56","0","","0","0");
INSERT INTO attandance VALUES ("399","119","2","2024-06-08","21:15:00","22","2024-07-13 10:22:29","0","","0","0");
INSERT INTO attandance VALUES ("400","120","2","2024-06-08","21:15:00","22","2024-07-13 10:23:17","0","","0","0");
INSERT INTO attandance VALUES ("401","121","1","2024-06-09","11:09:00","22","2024-07-13 10:24:20","0","","0","0");
INSERT INTO attandance VALUES ("402","135","1","2024-06-09","12:29:00","22","2024-07-13 10:24:52","0","","0","0");
INSERT INTO attandance VALUES ("403","122","1","2024-07-09","13:07:00","22","2024-07-13 10:25:27","0","","0","0");
INSERT INTO attandance VALUES ("404","119","1","2024-06-09","13:12:00","22","2024-07-13 10:25:58","0","","0","0");
INSERT INTO attandance VALUES ("405","120","1","2024-06-09","13:12:00","22","2024-07-13 10:26:29","0","","0","0");
INSERT INTO attandance VALUES ("406","121","2","2024-06-09","17:21:00","22","2024-07-13 10:27:31","0","","0","0");
INSERT INTO attandance VALUES ("407","122","2","2024-06-09","19:03:00","22","2024-07-13 10:28:10","0","","0","0");
INSERT INTO attandance VALUES ("408","135","2","2024-07-09","22:52:00","22","2024-07-13 10:28:46","0","","0","0");
INSERT INTO attandance VALUES ("409","119","2","2024-06-09","23:55:00","22","2024-07-13 10:29:26","0","","0","0");
INSERT INTO attandance VALUES ("410","120","2","2024-06-09","23:00:00","22","2024-07-13 10:30:05","0","","0","0");
INSERT INTO attandance VALUES ("411","121","1","2024-06-10","11:09:00","22","2024-07-13 11:02:11","0","","0","0");
INSERT INTO attandance VALUES ("412","135","1","2024-06-10","12:28:00","22","2024-07-13 11:03:06","0","","0","0");
INSERT INTO attandance VALUES ("413","119","1","2024-06-10","13:07:00","22","2024-07-13 11:03:48","0","","0","0");
INSERT INTO attandance VALUES ("414","122","1","2024-06-10","13:10:00","22","2024-07-13 11:04:30","0","","0","0");
INSERT INTO attandance VALUES ("415","120","1","2024-06-10","13:52:00","22","2024-07-13 11:22:11","0","","0","0");
INSERT INTO attandance VALUES ("416","121","2","2024-06-10","16:00:00","22","2024-07-13 18:21:11","0","","0","0");
INSERT INTO attandance VALUES ("417","122","2","2024-06-10","19:06:00","22","2024-07-13 18:22:15","0","","0","0");
INSERT INTO attandance VALUES ("418","119","2","2024-06-10","20:09:00","22","2024-07-13 18:22:52","0","","0","0");
INSERT INTO attandance VALUES ("419","135","2","2024-06-10","22:52:00","22","2024-07-13 18:23:45","0","","0","0");
INSERT INTO attandance VALUES ("420","120","2","2024-07-10","21:00:00","22","2024-07-13 18:24:18","0","","0","0");
INSERT INTO attandance VALUES ("421","135","1","2024-06-11","12:27:00","22","2024-07-13 18:24:48","0","","0","0");
INSERT INTO attandance VALUES ("422","120","1","2024-06-11","13:41:00","22","2024-07-13 18:25:35","0","","0","0");
INSERT INTO attandance VALUES ("423","119","1","2024-06-11","14:07:00","22","2024-07-13 18:26:49","0","","0","0");
INSERT INTO attandance VALUES ("424","135","2","2024-06-11","22:00:00","22","2024-07-13 18:28:16","0","","0","0");
INSERT INTO attandance VALUES ("425","119","2","2024-07-11","01:00:00","22","2024-07-13 18:28:51","0","","0","0");
INSERT INTO attandance VALUES ("426","120","2","2024-07-11","21:29:00","22","2024-07-13 18:29:45","0","","0","0");
INSERT INTO attandance VALUES ("427","121","1","2024-06-12","11:07:00","22","2024-07-13 18:31:09","0","","0","0");
INSERT INTO attandance VALUES ("428","120","1","2024-06-12","13:04:00","22","2024-07-13 18:31:52","0","","0","0");
INSERT INTO attandance VALUES ("429","122","1","2024-06-12","13:06:00","22","2024-07-13 18:32:37","0","","0","0");
INSERT INTO attandance VALUES ("430","119","1","2024-06-12","13:39:00","22","2024-07-13 18:33:14","0","","0","0");
INSERT INTO attandance VALUES ("431","135","1","2024-06-12","17:07:00","22","2024-07-13 18:33:52","0","","0","0");
INSERT INTO attandance VALUES ("432","121","2","2024-06-12","17:04:00","22","2024-07-13 18:34:36","0","","0","0");
INSERT INTO attandance VALUES ("433","122","2","2024-06-12","19:00:00","22","2024-07-13 18:35:58","0","","0","0");
INSERT INTO attandance VALUES ("434","135","2","2024-06-12","23:11:00","22","2024-07-13 18:36:48","0","","0","0");
INSERT INTO attandance VALUES ("435","119","2","2024-06-12","00:03:00","22","2024-07-13 18:37:30","0","","0","0");
INSERT INTO attandance VALUES ("436","120","2","2024-06-12","21:17:00","22","2024-07-13 18:38:03","0","","0","0");
INSERT INTO attandance VALUES ("437","121","1","2024-06-13","11:07:00","22","2024-07-13 18:39:09","0","","0","0");
INSERT INTO attandance VALUES ("438","120","1","2024-06-13","12:54:00","22","2024-07-13 18:39:51","0","","0","0");
INSERT INTO attandance VALUES ("439","135","1","2024-06-13","12:29:00","22","2024-07-13 18:41:02","0","","0","0");
INSERT INTO attandance VALUES ("440","122","1","2024-06-13","13:13:00","22","2024-07-13 18:42:20","0","","0","0");
INSERT INTO attandance VALUES ("441","121","2","2024-06-13","17:11:00","22","2024-07-13 18:42:59","0","","0","0");
INSERT INTO attandance VALUES ("442","122","2","2024-06-13","18:59:00","22","2024-07-13 18:44:01","0","","0","0");
INSERT INTO attandance VALUES ("443","135","2","2024-06-13","22:42:00","22","2024-07-13 18:44:32","0","","0","0");
INSERT INTO attandance VALUES ("444","120","2","2024-06-13","21:39:00","22","2024-07-13 18:45:09","0","","0","0");
INSERT INTO attandance VALUES ("445","119","2","2024-06-13","22:00:00","22","2024-07-13 18:45:53","0","","0","0");
INSERT INTO attandance VALUES ("446","119","1","2024-06-15","14:03:00","22","2024-07-13 18:46:37","0","","0","0");
INSERT INTO attandance VALUES ("447","119","1","2024-06-15","17:01:00","22","2024-07-13 18:47:30","0","","0","0");
INSERT INTO attandance VALUES ("448","135","1","2024-06-20","12:17:00","22","2024-07-13 18:48:16","0","","0","0");
INSERT INTO attandance VALUES ("449","119","1","2024-06-20","14:20:00","22","2024-07-13 18:48:49","0","","0","0");
INSERT INTO attandance VALUES ("450","135","2","2024-06-20","22:54:00","22","2024-07-13 18:49:19","0","","0","0");
INSERT INTO attandance VALUES ("451","119","2","2024-06-20","23:00:00","22","2024-07-13 18:49:53","0","","0","0");
INSERT INTO attandance VALUES ("452","121","1","2024-06-22","11:09:00","22","2024-07-14 07:37:01","0","","0","0");
INSERT INTO attandance VALUES ("453","120","1","2024-06-22","12:14:00","22","2024-07-14 07:38:36","0","","0","0");
INSERT INTO attandance VALUES ("454","135","1","2024-06-22","12:20:00","22","2024-07-14 07:44:24","0","","0","0");
INSERT INTO attandance VALUES ("455","122","1","2024-06-22","13:04:00","22","2024-07-14 07:45:00","0","","0","0");
INSERT INTO attandance VALUES ("456","119","1","2024-06-22","13:32:00","22","2024-07-14 07:45:42","0","","0","0");
INSERT INTO attandance VALUES ("457","121","2","2024-06-22","17:03:00","22","2024-07-14 07:46:17","0","","0","0");
INSERT INTO attandance VALUES ("458","122","2","2024-06-22","19:03:00","22","2024-07-14 07:47:00","0","","0","0");
INSERT INTO attandance VALUES ("459","119","2","2024-06-22","21:09:00","22","2024-07-14 07:47:44","0","","0","0");
INSERT INTO attandance VALUES ("460","135","2","2024-06-22","22:47:00","22","2024-07-14 07:48:22","0","","0","0");
INSERT INTO attandance VALUES ("461","120","2","2024-07-22","21:00:00","22","2024-07-14 07:48:55","0","","0","0");
INSERT INTO attandance VALUES ("462","121","1","2024-06-23","11:13:00","22","2024-07-14 07:49:33","0","","0","0");
INSERT INTO attandance VALUES ("463","135","1","2024-07-23","12:25:00","22","2024-07-14 07:50:28","0","","0","0");
INSERT INTO attandance VALUES ("464","120","1","2024-07-23","12:49:00","22","2024-07-14 07:50:28","0","","0","0");
INSERT INTO attandance VALUES ("465","122","1","2024-06-23","13:15:00","22","2024-07-14 07:54:07","0","","0","0");
INSERT INTO attandance VALUES ("466","119","1","2024-06-23","13:43:00","22","2024-07-14 07:55:03","0","","0","0");
INSERT INTO attandance VALUES ("467","122","2","2024-06-23","16:22:00","22","2024-07-14 07:55:43","0","","0","0");
INSERT INTO attandance VALUES ("468","121","2","2024-06-23","16:25:00","22","2024-07-14 07:56:17","0","","0","0");
INSERT INTO attandance VALUES ("469","119","2","2024-06-23","21:00:00","22","2024-07-14 07:56:49","0","","0","0");
INSERT INTO attandance VALUES ("470","135","2","2024-06-23","22:55:00","22","2024-07-14 07:57:30","0","","0","0");
INSERT INTO attandance VALUES ("471","120","2","2024-06-23","20:00:00","22","2024-07-14 07:58:03","0","","0","0");
INSERT INTO attandance VALUES ("472","120","1","2024-06-24","10:15:00","22","2024-07-14 07:58:36","0","","0","0");
INSERT INTO attandance VALUES ("473","121","1","2024-06-24","11:09:00","22","2024-07-14 07:59:06","0","","0","0");
INSERT INTO attandance VALUES ("474","135","1","2024-06-24","12:35:00","22","2024-07-14 08:00:31","0","","0","0");
INSERT INTO attandance VALUES ("475","122","1","2024-06-24","13:13:00","22","2024-07-14 08:01:51","0","","0","0");
INSERT INTO attandance VALUES ("476","119","1","2024-06-24","13:49:00","22","2024-07-14 08:02:59","0","","0","0");
INSERT INTO attandance VALUES ("477","120","2","2024-06-24","21:04:00","22","2024-07-14 08:03:54","0","","0","0");
INSERT INTO attandance VALUES ("478","135","2","2024-06-24","22:52:00","22","2024-07-14 08:05:14","0","","0","0");
INSERT INTO attandance VALUES ("479","121","2","2024-06-24","17:04:00","22","2024-07-14 08:06:00","0","","0","0");
INSERT INTO attandance VALUES ("480","119","2","2024-06-24","21:12:00","22","2024-07-14 08:06:46","0","","0","0");
INSERT INTO attandance VALUES ("481","122","2","2024-06-24","19:01:00","22","2024-07-14 08:07:44","0","","0","0");
INSERT INTO attandance VALUES ("482","121","1","2024-06-25","11:08:00","22","2024-07-14 08:08:37","0","","0","0");
INSERT INTO attandance VALUES ("483","135","1","2024-06-25","12:25:00","22","2024-07-14 08:09:18","0","","0","0");
INSERT INTO attandance VALUES ("484","120","1","2024-07-25","12:15:00","22","2024-07-14 08:10:58","0","","0","0");
INSERT INTO attandance VALUES ("485","119","1","2024-06-25","13:30:00","22","2024-07-14 08:11:32","0","","0","0");
INSERT INTO attandance VALUES ("486","122","1","2024-06-25","13:14:00","22","2024-07-14 08:11:57","0","","0","0");
INSERT INTO attandance VALUES ("487","121","2","2024-06-25","17:00:00","22","2024-07-14 08:12:29","0","","0","0");
INSERT INTO attandance VALUES ("488","122","2","2024-06-25","18:59:00","22","2024-07-14 08:13:10","0","","0","0");
INSERT INTO attandance VALUES ("489","120","2","2024-06-25","22:31:00","22","2024-07-14 08:13:47","0","","0","0");
INSERT INTO attandance VALUES ("490","135","2","2024-06-25","22:00:00","22","2024-07-14 08:14:28","0","","0","0");
INSERT INTO attandance VALUES ("491","119","2","2024-06-25","00:00:00","22","2024-07-14 08:15:37","0","","0","0");
INSERT INTO attandance VALUES ("492","121","1","2024-06-26","10:02:00","22","2024-07-14 08:16:38","0","","0","0");
INSERT INTO attandance VALUES ("493","120","1","2024-06-26","10:08:00","22","2024-07-14 08:17:25","0","","0","0");
INSERT INTO attandance VALUES ("494","135","1","2024-06-26","12:28:00","22","2024-07-14 08:18:17","0","","0","0");
INSERT INTO attandance VALUES ("495","122","1","2024-06-26","13:16:00","22","2024-07-14 08:19:03","0","","0","0");
INSERT INTO attandance VALUES ("496","119","1","2024-06-26","13:42:00","22","2024-07-14 08:19:44","0","","0","0");
INSERT INTO attandance VALUES ("497","121","2","2024-06-26","16:00:00","22","2024-07-14 08:21:38","0","","0","0");
INSERT INTO attandance VALUES ("498","122","2","2024-06-26","19:02:00","22","2024-07-14 08:22:36","0","","0","0");
INSERT INTO attandance VALUES ("499","135","2","2024-06-26","22:14:00","22","2024-07-14 08:30:38","0","","0","0");
INSERT INTO attandance VALUES ("500","119","2","2024-06-26","20:30:00","22","2024-07-14 08:31:09","0","","0","0");
INSERT INTO attandance VALUES ("501","120","2","2024-06-26","20:08:00","22","2024-07-14 08:31:44","0","","0","0");
INSERT INTO attandance VALUES ("502","121","1","2024-06-27","10:08:00","22","2024-07-14 08:32:22","0","","0","0");
INSERT INTO attandance VALUES ("503","120","1","2024-06-27","10:15:00","22","2024-07-14 08:33:14","0","","0","0");
INSERT INTO attandance VALUES ("504","135","1","2024-06-27","12:29:00","22","2024-07-14 08:33:47","0","","0","0");
INSERT INTO attandance VALUES ("505","122","1","2024-06-27","13:06:00","22","2024-07-14 08:34:28","0","","0","0");
INSERT INTO attandance VALUES ("506","119","1","2024-06-27","13:42:00","22","2024-07-14 08:35:39","0","","0","0");
INSERT INTO attandance VALUES ("507","121","2","2024-07-27","16:00:00","22","2024-07-14 08:38:56","0","","0","0");
INSERT INTO attandance VALUES ("508","122","2","2024-07-27","19:01:00","22","2024-07-14 08:39:29","0","","0","0");
INSERT INTO attandance VALUES ("509","120","2","2024-06-27","22:22:00","22","2024-07-14 08:40:14","0","","0","0");
INSERT INTO attandance VALUES ("510","135","2","2024-06-27","22:27:00","22","2024-07-14 08:40:50","0","","0","0");
INSERT INTO attandance VALUES ("511","119","2","2024-06-27","23:00:00","22","2024-07-14 08:41:20","0","","0","0");
INSERT INTO attandance VALUES ("512","121","1","2024-06-29","10:00:00","22","2024-07-14 08:44:23","0","","0","0");
INSERT INTO attandance VALUES ("513","120","1","2024-06-29","00:21:00","22","2024-07-14 08:49:29","0","","0","0");
INSERT INTO attandance VALUES ("514","135","1","2024-06-29","12:25:00","22","2024-07-14 09:19:46","0","","0","0");
INSERT INTO attandance VALUES ("515","122","1","2024-06-29","13:12:00","22","2024-07-14 09:20:16","0","","0","0");
INSERT INTO attandance VALUES ("516","119","1","2024-06-29","13:15:00","22","2024-07-14 09:20:52","0","","0","0");
INSERT INTO attandance VALUES ("517","121","2","2024-06-29","16:00:00","22","2024-07-14 09:21:39","0","","0","0");
INSERT INTO attandance VALUES ("518","122","2","2024-06-29","19:01:00","22","2024-07-14 09:22:17","0","","0","0");
INSERT INTO attandance VALUES ("519","120","2","2024-06-29","21:11:00","22","2024-07-14 09:22:58","0","","0","0");
INSERT INTO attandance VALUES ("520","119","2","2024-06-29","00:00:00","22","2024-07-14 09:23:32","0","","0","0");
INSERT INTO attandance VALUES ("521","135","2","2024-06-29","22:14:00","22","2024-07-14 09:24:05","0","","0","0");
INSERT INTO attandance VALUES ("522","121","1","2024-06-30","10:07:00","22","2024-07-14 09:24:35","0","","0","0");
INSERT INTO attandance VALUES ("523","121","2","2024-06-30","16:00:00","22","2024-07-14 09:25:05","0","","0","0");
INSERT INTO attandance VALUES ("524","135","1","2024-06-30","12:25:00","22","2024-07-14 09:25:30","0","","0","0");
INSERT INTO attandance VALUES ("525","135","2","2024-07-30","22:19:00","22","2024-07-14 09:26:07","0","","0","0");
INSERT INTO attandance VALUES ("526","122","1","2024-06-30","13:08:00","22","2024-07-14 09:26:42","0","","0","0");
INSERT INTO attandance VALUES ("527","122","2","2024-06-30","19:00:00","22","2024-07-14 09:27:13","0","","0","0");
INSERT INTO attandance VALUES ("528","119","1","2024-06-30","13:33:00","22","2024-07-14 09:27:46","0","","0","0");
INSERT INTO attandance VALUES ("529","119","2","2024-06-30","21:26:00","22","2024-07-14 09:28:16","0","","0","0");
INSERT INTO attandance VALUES ("530","120","1","2024-06-30","10:24:00","22","2024-07-14 09:29:18","0","","0","0");
INSERT INTO attandance VALUES ("531","120","2","2024-06-30","00:02:00","22","2024-07-14 09:29:50","0","","0","0");
INSERT INTO attandance VALUES ("532","121","1","2024-07-01","10:07:00","22","2024-07-15 08:03:54","0","","0","0");
INSERT INTO attandance VALUES ("533","121","2","2024-07-01","15:06:00","22","2024-07-15 08:04:31","0","","0","0");
INSERT INTO attandance VALUES ("534","120","1","2024-07-01","10:40:00","22","2024-07-15 08:05:03","0","","0","0");
INSERT INTO attandance VALUES ("535","120","2","2024-07-01","20:05:00","22","2024-07-15 08:05:34","0","","0","0");
INSERT INTO attandance VALUES ("536","135","1","2024-07-01","12:21:00","22","2024-07-15 08:06:04","0","","0","0");
INSERT INTO attandance VALUES ("537","135","2","2024-07-01","22:18:00","22","2024-07-15 08:06:35","0","","0","0");
INSERT INTO attandance VALUES ("538","119","1","2024-07-01","13:12:00","22","2024-07-15 08:07:12","0","","0","0");
INSERT INTO attandance VALUES ("539","119","2","2024-07-01","21:03:00","22","2024-07-15 08:08:25","0","","0","0");
INSERT INTO attandance VALUES ("540","121","1","2024-07-02","10:08:00","22","2024-07-15 08:09:12","0","","0","0");
INSERT INTO attandance VALUES ("541","121","2","2024-07-02","16:01:00","22","2024-07-15 08:09:48","0","","0","0");
INSERT INTO attandance VALUES ("542","135","1","2024-07-02","12:27:00","22","2024-07-15 08:10:32","0","","0","0");
INSERT INTO attandance VALUES ("543","135","2","2024-07-02","22:00:00","22","2024-07-15 08:11:21","0","","0","0");
INSERT INTO attandance VALUES ("544","119","1","2024-07-02","11:44:00","22","2024-07-15 08:12:35","0","","0","0");
INSERT INTO attandance VALUES ("545","119","2","2024-07-02","22:31:00","22","2024-07-15 08:13:18","0","","0","0");
INSERT INTO attandance VALUES ("546","120","1","2024-07-02","12:39:00","22","2024-07-15 08:14:03","0","","0","0");
INSERT INTO attandance VALUES ("547","120","2","2024-07-02","21:14:00","22","2024-07-15 08:14:43","0","","0","0");
INSERT INTO attandance VALUES ("548","120","1","2024-07-03","10:03:00","22","2024-07-15 08:15:27","0","","0","0");
INSERT INTO attandance VALUES ("549","120","2","2024-07-03","01:24:00","22","2024-07-15 08:16:04","0","","0","0");
INSERT INTO attandance VALUES ("550","121","1","2024-07-03","10:05:00","22","2024-07-15 08:16:30","0","","0","0");
INSERT INTO attandance VALUES ("551","121","2","2024-07-15","16:00:00","22","2024-07-15 08:17:46","0","","0","0");
INSERT INTO attandance VALUES ("552","135","1","2024-07-03","12:24:00","22","2024-07-15 08:18:43","0","","0","0");
INSERT INTO attandance VALUES ("553","135","2","2024-07-03","23:02:00","22","2024-07-15 08:19:23","0","","0","0");
INSERT INTO attandance VALUES ("554","119","1","2024-07-03","13:15:00","22","2024-07-15 08:20:02","0","","0","0");
INSERT INTO attandance VALUES ("555","119","2","2024-07-03","00:34:00","22","2024-07-15 08:21:06","0","","0","0");
INSERT INTO attandance VALUES ("556","121","1","2024-07-04","10:16:00","22","2024-07-15 08:21:49","0","","0","0");
INSERT INTO attandance VALUES ("557","121","2","2024-07-04","16:00:00","22","2024-07-15 08:22:31","0","","0","0");
INSERT INTO attandance VALUES ("558","135","1","2024-07-04","12:25:00","22","2024-07-15 08:23:03","0","","0","0");
INSERT INTO attandance VALUES ("559","135","2","2024-07-04","22:00:00","22","2024-07-15 08:23:32","0","","0","0");
INSERT INTO attandance VALUES ("560","120","1","2024-07-04","13:03:00","22","2024-07-15 08:24:33","0","","0","0");
INSERT INTO attandance VALUES ("561","120","2","2024-07-04","20:25:00","22","2024-07-15 08:25:12","0","","0","0");
INSERT INTO attandance VALUES ("562","119","1","2024-07-04","14:05:00","22","2024-07-15 08:25:57","0","","0","0");
INSERT INTO attandance VALUES ("563","119","2","2024-07-04","22:00:00","22","2024-07-15 08:26:47","0","","0","0");
INSERT INTO attandance VALUES ("564","121","1","2024-07-06","10:15:00","22","2024-07-15 08:39:29","0","","0","0");
INSERT INTO attandance VALUES ("565","121","2","2024-07-06","16:14:00","22","2024-07-15 08:40:11","0","","0","0");
INSERT INTO attandance VALUES ("566","119","1","2024-07-06","12:10:00","22","2024-07-15 08:41:07","0","","0","0");
INSERT INTO attandance VALUES ("567","119","2","2024-07-06","22:47:00","22","2024-07-15 08:41:36","0","","0","0");
INSERT INTO attandance VALUES ("568","135","1","2024-07-06","12:26:00","22","2024-07-15 08:42:02","0","","0","0");
INSERT INTO attandance VALUES ("569","135","2","2024-07-06","22:11:00","22","2024-07-15 08:42:35","0","","0","0");
INSERT INTO attandance VALUES ("570","120","1","2024-07-06","13:45:00","22","2024-07-15 08:43:14","0","","0","0");
INSERT INTO attandance VALUES ("571","120","2","2024-07-06","22:00:00","22","2024-07-15 08:43:51","0","","0","0");
INSERT INTO attandance VALUES ("572","120","1","2024-07-07","09:54:00","22","2024-07-15 08:45:31","0","","0","0");
INSERT INTO attandance VALUES ("573","120","2","2024-07-07","23:44:00","22","2024-07-15 08:46:21","0","","0","0");
INSERT INTO attandance VALUES ("574","121","1","2024-07-07","10:00:00","22","2024-07-15 08:46:53","0","","0","0");
INSERT INTO attandance VALUES ("575","121","2","2024-07-07","16:00:00","22","2024-07-15 08:50:18","0","","0","0");
INSERT INTO attandance VALUES ("576","135","1","2024-07-07","12:27:00","22","2024-07-15 08:51:12","1","","0","0");
INSERT INTO attandance VALUES ("577","135","2","2024-07-07","01:30:00","22","2024-07-15 08:53:40","0","","0","0");
INSERT INTO attandance VALUES ("578","119","1","2024-07-07","13:30:00","22","2024-07-15 08:54:31","0","","0","0");
INSERT INTO attandance VALUES ("579","119","2","2024-07-07","01:38:00","22","2024-07-15 08:55:05","0","","0","0");
INSERT INTO attandance VALUES ("580","121","1","2024-07-08","10:05:00","22","2024-07-15 08:55:44","0","","0","0");
INSERT INTO attandance VALUES ("581","121","2","2024-07-08","16:00:00","22","2024-07-15 08:56:26","0","","0","0");
INSERT INTO attandance VALUES ("582","120","1","2024-07-08","10:00:00","22","2024-07-15 08:57:07","0","","0","0");
INSERT INTO attandance VALUES ("583","120","2","2024-07-08","22:20:00","22","2024-07-15 08:57:47","0","","0","0");
INSERT INTO attandance VALUES ("584","119","1","2024-07-08","11:08:00","22","2024-07-15 08:58:44","0","","0","0");
INSERT INTO attandance VALUES ("585","119","2","2024-07-08","21:00:00","22","2024-07-15 08:59:36","0","","0","0");
INSERT INTO attandance VALUES ("586","135","1","2024-07-08","12:28:00","22","2024-07-15 09:00:08","0","","0","0");
INSERT INTO attandance VALUES ("587","135","2","2024-07-08","22:11:00","22","2024-07-15 09:00:39","0","","0","0");
INSERT INTO attandance VALUES ("588","121","1","2024-07-09","10:03:00","22","2024-07-15 09:01:05","0","","0","0");
INSERT INTO attandance VALUES ("589","121","2","2024-07-09","15:58:00","22","2024-07-15 09:01:46","0","","0","0");
INSERT INTO attandance VALUES ("590","135","1","2024-07-09","12:32:00","22","2024-07-15 09:02:20","0","","0","0");
INSERT INTO attandance VALUES ("591","135","2","2024-07-09","22:10:00","22","2024-07-15 09:02:48","0","","0","0");
INSERT INTO attandance VALUES ("592","120","1","2024-07-09","12:49:00","22","2024-07-15 09:03:23","0","","0","0");
INSERT INTO attandance VALUES ("593","120","2","2024-07-09","20:04:00","22","2024-07-15 09:04:04","0","","0","0");
INSERT INTO attandance VALUES ("594","119","1","2024-07-09","13:30:00","22","2024-07-15 09:04:42","0","","0","0");
INSERT INTO attandance VALUES ("595","119","2","2024-07-09","23:37:00","22","2024-07-15 09:05:19","0","","0","0");
INSERT INTO attandance VALUES ("596","121","1","2024-07-10","10:06:00","22","2024-07-15 09:05:44","0","","0","0");
INSERT INTO attandance VALUES ("597","121","2","2024-07-10","16:00:00","22","2024-07-15 09:07:05","0","","0","0");
INSERT INTO attandance VALUES ("598","135","1","2024-07-10","12:30:00","22","2024-07-15 09:07:51","0","","0","0");
INSERT INTO attandance VALUES ("599","135","2","2024-07-10","22:15:00","22","2024-07-15 09:11:19","0","","0","0");
INSERT INTO attandance VALUES ("600","120","1","2024-07-10","12:55:00","22","2024-07-15 09:18:25","0","","0","0");
INSERT INTO attandance VALUES ("601","120","2","2024-07-10","21:30:00","22","2024-07-15 10:52:14","0","","0","0");
INSERT INTO attandance VALUES ("602","119","1","2024-07-10","13:59:00","22","2024-07-15 10:52:49","0","","0","0");
INSERT INTO attandance VALUES ("603","119","2","2024-07-10","21:45:00","22","2024-07-15 10:55:19","0","","0","0");
INSERT INTO attandance VALUES ("604","120","1","2024-07-11","09:30:00","22","2024-07-15 10:56:06","0","","0","0");
INSERT INTO attandance VALUES ("605","120","2","2024-07-11","22:46:00","22","2024-07-15 10:56:52","0","","0","0");
INSERT INTO attandance VALUES ("606","121","1","2024-07-11","09:49:00","22","2024-07-15 10:57:27","0","","0","0");
INSERT INTO attandance VALUES ("607","121","2","2024-07-11","16:00:00","22","2024-07-15 10:57:56","0","","0","0");
INSERT INTO attandance VALUES ("608","135","1","2024-07-11","12:30:00","22","2024-07-15 10:58:29","0","","0","0");
INSERT INTO attandance VALUES ("609","135","2","2024-07-11","22:15:00","22","2024-07-15 10:58:56","0","","0","0");
INSERT INTO attandance VALUES ("610","119","1","2024-07-11","13:23:00","22","2024-07-15 10:59:25","0","","0","0");
INSERT INTO attandance VALUES ("611","119","2","2024-07-11","01:07:00","22","2024-07-15 10:59:59","0","","0","0");
INSERT INTO attandance VALUES ("612","121","1","2024-07-13","10:02:00","22","2024-07-15 11:03:43","0","","0","0");
INSERT INTO attandance VALUES ("613","121","2","2024-07-13","15:57:00","22","2024-07-15 11:04:23","0","","0","0");
INSERT INTO attandance VALUES ("614","135","1","2024-07-13","12:36:00","22","2024-07-15 11:05:02","0","","0","0");
INSERT INTO attandance VALUES ("615","135","2","2024-07-13","22:11:00","22","2024-07-15 11:05:30","0","","0","0");
INSERT INTO attandance VALUES ("616","120","1","2024-07-13","13:36:00","22","2024-07-15 11:06:08","0","","0","0");
INSERT INTO attandance VALUES ("617","120","2","2024-07-13","00:29:00","22","2024-07-15 11:07:00","0","","0","0");
INSERT INTO attandance VALUES ("618","119","1","2024-07-13","14:30:00","22","2024-07-15 11:07:31","0","","0","0");
INSERT INTO attandance VALUES ("619","119","2","2024-07-13","21:30:00","22","2024-07-15 11:08:05","0","","0","0");
INSERT INTO attandance VALUES ("620","121","1","2024-07-14","10:00:00","22","2024-07-15 11:08:37","0","","0","0");
INSERT INTO attandance VALUES ("621","121","2","2024-07-14","15:55:00","22","2024-07-15 11:09:09","0","","0","0");
INSERT INTO attandance VALUES ("622","119","1","2024-07-14","12:06:00","22","2024-07-15 11:09:46","0","","0","0");
INSERT INTO attandance VALUES ("623","119","2","2024-07-14","22:19:00","22","2024-07-15 11:10:31","0","","0","0");
INSERT INTO attandance VALUES ("624","135","1","2024-07-14","12:34:00","22","2024-07-15 11:11:14","0","","0","0");
INSERT INTO attandance VALUES ("625","135","2","2024-07-14","22:17:00","22","2024-07-15 11:11:48","0","","0","0");
INSERT INTO attandance VALUES ("626","120","1","2024-07-14","12:36:00","22","2024-07-15 11:12:27","0","","0","0");
INSERT INTO attandance VALUES ("627","120","2","2024-07-14","21:30:00","22","2024-07-15 11:13:44","0","","0","0");
INSERT INTO attandance VALUES ("628","121","1","2024-07-15","10:01:00","22","2024-07-15 11:14:23","0","","0","0");
INSERT INTO attandance VALUES ("629","119","1","2024-07-15","12:18:00","22","2024-07-15 11:14:53","0","","0","0");
INSERT INTO attandance VALUES ("630","135","1","2024-07-15","13:57:00","22","2024-07-15 11:15:47","0","","0","0");
INSERT INTO attandance VALUES ("631","121","2","2024-07-15","15:55:00","22","2024-07-16 08:00:23","0","","0","0");
INSERT INTO attandance VALUES ("632","135","2","2024-07-15","22:17:00","22","2024-07-16 08:01:00","0","","0","0");
INSERT INTO attandance VALUES ("633","119","2","2024-07-15","22:15:00","22","2024-07-16 08:02:54","0","","0","0");
INSERT INTO attandance VALUES ("634","121","1","2024-07-16","10:05:00","22","2024-07-16 08:03:30","0","","0","0");
INSERT INTO attandance VALUES ("635","121","2","2024-07-16","15:30:00","22","2024-07-17 08:07:04","0","","0","0");
INSERT INTO attandance VALUES ("636","135","1","2024-07-16","12:26:00","22","2024-07-17 08:08:09","0","","0","0");
INSERT INTO attandance VALUES ("637","135","2","2024-07-16","22:14:00","22","2024-07-17 08:08:48","0","","0","0");
INSERT INTO attandance VALUES ("638","119","1","2024-07-16","12:47:00","22","2024-07-17 08:10:04","0","","0","0");
INSERT INTO attandance VALUES ("639","119","2","2024-07-16","01:00:00","22","2024-07-17 08:10:50","0","","0","0");
INSERT INTO attandance VALUES ("640","121","1","2024-07-17","10:01:00","22","2024-07-17 08:11:30","0","","0","0");
INSERT INTO attandance VALUES ("641","121","2","2024-07-17","16:00:00","22","2024-07-18 07:58:44","0","","0","0");
INSERT INTO attandance VALUES ("642","135","1","2024-07-17","12:46:00","22","2024-07-18 07:59:32","0","","0","0");
INSERT INTO attandance VALUES ("643","135","2","2024-07-17","22:15:00","22","2024-07-18 08:00:09","0","","0","0");
INSERT INTO attandance VALUES ("644","119","1","2024-07-17","13:10:00","22","2024-07-18 08:31:51","0","","0","0");
INSERT INTO attandance VALUES ("645","119","2","2024-07-17","23:30:00","22","2024-07-18 08:32:31","0","","0","0");
INSERT INTO attandance VALUES ("646","120","1","2024-07-17","13:43:00","22","2024-07-18 08:33:26","0","","0","0");
INSERT INTO attandance VALUES ("647","120","2","2024-07-17","21:30:00","22","2024-07-18 08:33:59","0","","0","0");
INSERT INTO attandance VALUES ("648","121","1","2024-07-18","10:02:00","22","2024-07-18 08:34:31","0","","0","0");
INSERT INTO attandance VALUES ("649","135","1","2024-07-18","12:30:00","22","2024-07-18 11:49:04","0","","0","0");
INSERT INTO attandance VALUES ("650","120","1","2024-07-18","13:40:00","22","2024-07-21 07:43:20","0","","0","0");
INSERT INTO attandance VALUES ("651","120","1","2024-07-18","13:48:00","22","2024-07-21 07:44:17","0","","0","0");
INSERT INTO attandance VALUES ("652","121","2","2024-07-18","16:17:00","22","2024-07-21 07:45:08","0","","0","0");
INSERT INTO attandance VALUES ("653","135","2","2024-07-18","22:13:00","22","2024-07-21 07:46:24","0","","0","0");
INSERT INTO attandance VALUES ("654","119","2","2024-07-18","00:42:00","22","2024-07-21 07:47:17","0","","0","0");
INSERT INTO attandance VALUES ("655","120","2","2024-07-18","21:00:00","22","2024-07-21 07:48:06","0","","0","0");
INSERT INTO attandance VALUES ("656","135","1","2024-07-20","12:37:00","22","2024-07-21 07:48:52","0","","0","0");
INSERT INTO attandance VALUES ("657","120","1","2024-07-20","12:30:00","22","2024-07-21 07:49:45","0","","0","0");
INSERT INTO attandance VALUES ("658","119","1","2024-07-20","13:15:00","22","2024-07-21 07:50:38","0","","0","0");
INSERT INTO attandance VALUES ("659","135","2","2024-07-20","21:58:00","22","2024-07-21 07:51:22","0","","0","0");
INSERT INTO attandance VALUES ("660","119","2","2024-07-20","21:51:00","22","2024-07-21 07:52:13","0","","0","0");
INSERT INTO attandance VALUES ("661","120","2","2024-07-20","21:05:00","22","2024-07-21 07:53:02","0","","0","0");
INSERT INTO attandance VALUES ("662","121","1","2024-07-21","10:05:00","22","2024-07-21 07:53:40","0","","0","0");
INSERT INTO attandance VALUES ("663","118","1","2024-07-21","16:18:00","1","2024-07-21 16:18:50","0","","0","0");
INSERT INTO attandance VALUES ("664","118","1","2024-07-21","16:20:00","0","2024-07-21 16:20:38","0","","0","0");
INSERT INTO attandance VALUES ("665","118","1","2024-07-21","16:20:00","0","2024-07-21 16:20:42","0","","0","0");
INSERT INTO attandance VALUES ("666","121","2","2024-07-21","16:28:00","22","2024-07-22 07:53:10","0","","0","0");
INSERT INTO attandance VALUES ("667","135","1","2024-07-21","12:34:00","22","2024-07-22 07:53:49","0","","0","0");
INSERT INTO attandance VALUES ("668","135","2","2024-07-21","22:15:00","22","2024-07-22 07:54:25","0","","0","0");
INSERT INTO attandance VALUES ("669","120","1","2024-07-21","13:04:00","22","2024-07-22 08:19:10","0","","0","0");
INSERT INTO attandance VALUES ("670","120","2","2024-07-21","22:12:00","22","2024-07-22 08:19:53","0","","0","0");
INSERT INTO attandance VALUES ("671","119","1","2024-07-21","13:12:00","22","2024-07-22 08:20:41","0","","0","0");
INSERT INTO attandance VALUES ("672","119","2","2024-07-21","23:08:00","22","2024-07-22 08:21:28","0","","0","0");
INSERT INTO attandance VALUES ("673","121","1","2024-07-22","10:07:00","22","2024-07-22 08:22:05","0","","0","0");
INSERT INTO attandance VALUES ("674","118","1","2024-07-22","11:11:00","22","2024-07-22 08:22:36","0","","0","0");
INSERT INTO attandance VALUES ("675","118","1","2024-07-22","18:08:00","25","2024-07-22 18:08:34","0","","0","0");
INSERT INTO attandance VALUES ("676","118","1","2024-07-22","18:11:00","0","2024-07-22 18:11:24","0","","0","0");
INSERT INTO attandance VALUES ("677","135","1","2024-07-22","12:30:00","22","2024-07-23 08:02:45","0","","0","0");
INSERT INTO attandance VALUES ("678","120","1","2024-07-22","13:30:00","22","2024-07-23 08:03:24","0","","0","0");
INSERT INTO attandance VALUES ("679","119","1","2024-07-22","12:30:00","22","2024-07-23 08:04:00","0","","0","0");
INSERT INTO attandance VALUES ("680","121","2","2024-07-22","16:07:00","22","2024-07-23 08:04:32","0","","0","0");
INSERT INTO attandance VALUES ("681","119","2","2024-07-22","21:24:00","22","2024-07-23 08:05:32","0","","0","0");
INSERT INTO attandance VALUES ("682","120","2","2024-07-22","21:25:00","22","2024-07-23 08:06:11","0","","0","0");
INSERT INTO attandance VALUES ("683","135","2","2024-07-22","22:00:00","22","2024-07-23 08:06:59","0","","0","0");
INSERT INTO attandance VALUES ("684","121","1","2024-07-23","10:09:00","22","2024-07-23 08:07:34","0","","0","0");
INSERT INTO attandance VALUES ("685","121","2","2024-07-23","16:05:00","22","2024-07-24 08:15:50","0","","0","0");
INSERT INTO attandance VALUES ("686","135","1","2024-07-23","12:41:00","22","2024-07-24 08:16:36","0","","0","0");
INSERT INTO attandance VALUES ("687","135","2","2024-07-23","22:00:00","22","2024-07-24 08:17:34","0","","0","0");
INSERT INTO attandance VALUES ("688","120","1","2024-07-23","12:47:00","22","2024-07-24 08:18:22","0","","0","0");
INSERT INTO attandance VALUES ("689","120","2","2024-07-23","22:30:00","22","2024-07-24 08:19:20","0","","0","0");
INSERT INTO attandance VALUES ("690","119","1","2024-07-23","14:11:00","22","2024-07-24 08:25:28","0","","0","0");
INSERT INTO attandance VALUES ("691","119","2","2024-07-23","20:27:00","22","2024-07-24 08:26:47","0","","0","0");
INSERT INTO attandance VALUES ("692","121","1","2024-07-24","10:03:00","22","2024-07-24 08:28:20","0","","0","0");
INSERT INTO attandance VALUES ("693","121","2","2024-07-24","17:07:00","22","2024-07-25 08:28:38","0","","0","0");
INSERT INTO attandance VALUES ("694","135","1","2024-07-24","12:37:00","22","2024-07-25 08:29:15","0","","0","0");
INSERT INTO attandance VALUES ("695","135","2","2024-07-24","22:17:00","22","2024-07-25 08:30:34","0","","0","0");
INSERT INTO attandance VALUES ("696","119","1","2024-07-24","13:00:00","22","2024-07-25 08:31:38","0","","0","0");
INSERT INTO attandance VALUES ("697","119","2","2024-07-24","22:41:00","22","2024-07-25 08:33:21","0","","0","0");
INSERT INTO attandance VALUES ("698","120","1","2024-07-24","13:12:00","22","2024-07-25 08:34:44","0","","0","0");
INSERT INTO attandance VALUES ("699","120","2","2024-07-24","22:37:00","22","2024-07-25 08:35:26","0","","0","0");
INSERT INTO attandance VALUES ("700","121","1","2024-07-25","10:07:00","22","2024-07-25 08:36:04","0","","0","0");
INSERT INTO attandance VALUES ("701","118","1","2024-07-25","21:23:00","1","2024-07-25 21:23:30","0","","0","0");
INSERT INTO attandance VALUES ("702","121","2","2024-07-25","16:25:00","22","2024-07-27 08:26:21","0","","0","0");
INSERT INTO attandance VALUES ("703","135","1","2024-07-25","12:27:00","22","2024-07-27 08:27:14","0","","0","0");
INSERT INTO attandance VALUES ("704","135","2","2024-07-25","22:07:00","22","2024-07-27 08:28:32","0","","0","0");
INSERT INTO attandance VALUES ("705","119","1","2024-07-25","14:09:00","22","2024-07-27 09:02:39","0","","0","0");
INSERT INTO attandance VALUES ("706","119","2","2024-07-25","22:30:00","22","2024-07-27 09:03:44","0","","0","0");
INSERT INTO attandance VALUES ("707","120","1","2024-07-25","12:40:00","22","2024-07-27 09:04:28","0","","0","0");
INSERT INTO attandance VALUES ("708","120","2","2024-07-25","23:52:00","22","2024-07-27 09:05:16","0","","0","0");
INSERT INTO attandance VALUES ("709","121","1","2024-07-27","10:16:00","22","2024-07-27 09:06:14","0","","0","0");
INSERT INTO attandance VALUES ("710","121","2","2024-07-27","16:13:00","22","2024-07-28 07:49:08","0","","0","0");
INSERT INTO attandance VALUES ("711","135","1","2024-07-27","12:21:00","22","2024-07-28 07:49:57","0","","0","0");
INSERT INTO attandance VALUES ("712","135","2","2024-07-27","22:16:00","22","2024-07-28 07:50:49","0","","0","0");
INSERT INTO attandance VALUES ("713","119","1","2024-07-27","14:06:00","22","2024-07-28 07:51:31","0","","0","0");
INSERT INTO attandance VALUES ("714","119","2","2024-07-27","20:00:00","22","2024-07-28 07:52:13","0","","0","0");
INSERT INTO attandance VALUES ("715","120","1","2024-07-27","14:15:00","22","2024-07-28 07:52:59","0","","0","0");
INSERT INTO attandance VALUES ("716","120","2","2024-07-27","00:08:00","22","2024-07-28 07:53:36","0","","0","0");
INSERT INTO attandance VALUES ("717","121","1","2024-07-28","10:12:00","22","2024-07-28 07:54:07","0","","0","0");
INSERT INTO attandance VALUES ("718","121","2","2024-07-28","16:24:00","22","2024-07-29 08:41:41","0","","0","0");
INSERT INTO attandance VALUES ("719","135","1","2024-07-28","12:20:00","22","2024-07-29 08:42:57","0","","0","0");
INSERT INTO attandance VALUES ("720","135","2","2024-07-28","22:19:00","22","2024-07-29 08:47:11","0","","0","0");
INSERT INTO attandance VALUES ("721","120","1","2024-07-28","12:18:00","22","2024-07-29 08:48:12","0","","0","0");
INSERT INTO attandance VALUES ("722","120","2","2024-07-28","21:00:00","22","2024-07-29 08:49:05","0","","0","0");
INSERT INTO attandance VALUES ("723","121","1","2024-07-29","10:09:00","22","2024-07-30 08:18:35","0","","0","0");
INSERT INTO attandance VALUES ("724","121","2","2024-07-29","16:18:00","22","2024-07-30 08:19:08","0","","0","0");
INSERT INTO attandance VALUES ("725","135","1","2024-07-29","12:31:00","22","2024-07-30 08:19:43","0","","0","0");
INSERT INTO attandance VALUES ("726","135","2","2024-07-29","22:16:00","22","2024-07-30 08:20:16","0","","0","0");
INSERT INTO attandance VALUES ("727","120","1","2024-07-29","13:10:00","22","2024-07-30 08:20:54","0","","0","0");
INSERT INTO attandance VALUES ("728","120","2","2024-07-29","21:07:00","22","2024-07-30 08:21:30","0","","0","0");
INSERT INTO attandance VALUES ("729","119","1","2024-07-29","13:26:00","22","2024-07-30 08:22:09","0","","0","0");
INSERT INTO attandance VALUES ("730","119","2","2024-07-29","21:32:00","22","2024-07-30 08:23:48","0","","0","0");
INSERT INTO attandance VALUES ("731","121","1","2024-07-30","10:07:00","22","2024-07-30 08:24:24","0","","0","0");
INSERT INTO attandance VALUES ("732","130","1","2024-07-31","04:34:00","1","2024-07-31 05:34:52","0","","0","0");
INSERT INTO attandance VALUES ("733","135","1","2024-07-15","13:57:00","1","2024-07-31 14:23:00","0","","0","0");
INSERT INTO attandance VALUES ("734","135","1","2024-07-30","12:30:00","1","2024-07-31 14:24:18","0","","0","0");
INSERT INTO attandance VALUES ("735","135","2","2024-07-07","23:58:00","1","2024-07-31 14:25:37","0","","0","0");
INSERT INTO attandance VALUES ("736","121","2","2024-07-03","16:00:00","1","2024-07-31 14:37:55","0","","0","0");
INSERT INTO attandance VALUES ("737","121","1","2024-07-30","16:06:00","1","2024-07-31 14:38:18","0","","0","0");



DROP TABLE attdocs;

CREATE TABLE `attdocs` (
  `id` int(11) NOT NULL AUTO_INCREMENT,
  `empid` int(11) NOT NULL,
  `crtime` timestamp NOT NULL DEFAULT current_timestamp(),
  `mdtime` timestamp NOT NULL DEFAULT current_timestamp() ON UPDATE current_timestamp(),
  `fromdate` date DEFAULT NULL,
  `todate` date NOT NULL,
  `alldays` double NOT NULL,
  `workdays` double NOT NULL,
  `exphours` double NOT NULL,
  `accualhours` double NOT NULL,
  `attdays` int(11) NOT NULL,
  `absdays` int(11) NOT NULL,
  `holidays` int(11) NOT NULL,
  `earlyminits` double NOT NULL,
  `info` varchar(250) DEFAULT NULL,
  `isdeleted` tinyint(1) DEFAULT 0,
  `tenant` int(11) DEFAULT 0,
  `branch` int(11) DEFAULT 0,
  PRIMARY KEY (`id`)
) ENGINE=InnoDB AUTO_INCREMENT=66 DEFAULT CHARSET=utf8mb4 COLLATE=utf8mb4_general_ci;

INSERT INTO attdocs VALUES ("54","118","2024-07-31 18:47:10","2024-07-31 18:47:10","2024-07-01","2024-07-30","30","26","208","19","4","4","4","0"," احتساب الرواتب من يوم2024-07-01 الي يوم2024-07-30","0","0","0");
INSERT INTO attdocs VALUES ("55","119","2024-07-31 18:47:10","2024-07-31 18:47:10","2024-07-01","2024-07-30","30","26","208","176.31","22","22","4","0"," احتساب الرواتب من يوم2024-07-01 الي يوم2024-07-30","0","0","0");
INSERT INTO attdocs VALUES ("56","120","2024-07-31 18:47:10","2024-07-31 18:47:10","2024-07-01","2024-07-30","30","26","208","188.51","22","22","4","0"," احتساب الرواتب من يوم2024-07-01 الي يوم2024-07-30","0","0","0");
INSERT INTO attdocs VALUES ("57","121","2024-07-31 18:47:10","2024-07-31 18:47:10","2024-07-01","2024-07-30","30","26","156","138.88","23","23","4","0"," احتساب الرواتب من يوم2024-07-01 الي يوم2024-07-30","0","0","0");
INSERT INTO attdocs VALUES ("58","122","2024-07-31 18:47:11","2024-07-31 18:47:11","2024-07-01","2024-07-30","30","26","208","8","2","2","4","0"," احتساب الرواتب من يوم2024-07-01 الي يوم2024-07-30","0","0","0");
INSERT INTO attdocs VALUES ("59","123","2024-07-31 18:47:11","2024-07-31 18:47:11","2024-07-01","2024-07-30","30","26","208","0","0","0","4","0"," احتساب الرواتب من يوم2024-07-01 الي يوم2024-07-30","0","0","0");
INSERT INTO attdocs VALUES ("60","124","2024-07-31 18:47:11","2024-07-31 18:47:11","2024-07-01","2024-07-30","30","26","208","0","0","0","4","0"," احتساب الرواتب من يوم2024-07-01 الي يوم2024-07-30","0","0","0");
INSERT INTO attdocs VALUES ("61","125","2024-07-31 18:47:11","2024-07-31 18:47:11","2024-07-01","2024-07-30","30","26","208","0","0","0","4","0"," احتساب الرواتب من يوم2024-07-01 الي يوم2024-07-30","0","0","0");
INSERT INTO attdocs VALUES ("62","126","2024-07-31 18:47:11","2024-07-31 18:47:11","2024-07-01","2024-07-30","30","26","208","0","0","0","4","0"," احتساب الرواتب من يوم2024-07-01 الي يوم2024-07-30","0","0","0");
INSERT INTO attdocs VALUES ("63","129","2024-07-31 18:47:12","2024-07-31 18:47:12","2024-07-01","2024-07-30","30","26","208","0","0","0","4","0"," احتساب الرواتب من يوم2024-07-01 الي يوم2024-07-30","0","0","0");
INSERT INTO attdocs VALUES ("64","130","2024-07-31 18:47:12","2024-07-31 18:47:12","2024-07-01","2024-07-30","30","26","208","0","0","0","4","0"," احتساب الرواتب من يوم2024-07-01 الي يوم2024-07-30","0","0","0");
INSERT INTO attdocs VALUES ("65","135","2024-07-31 18:47:12","2024-07-31 18:47:12","2024-07-01","2024-07-30","30","26","260","234.31","24","24","4","0"," احتساب الرواتب من يوم2024-07-01 الي يوم2024-07-30","0","0","0");



DROP TABLE attlog;

CREATE TABLE `attlog` (
  `id` int(11) NOT NULL AUTO_INCREMENT,
  `employee` int(1) NOT NULL,
  `day` date NOT NULL,
  `starttime` time DEFAULT NULL,
  `endtime` time DEFAULT NULL,
  `fpin` time DEFAULT NULL,
  `fpout` time DEFAULT NULL,
  `defhours` double DEFAULT NULL,
  `curhours` double DEFAULT NULL,
  `dueforhour` double DEFAULT NULL,
  `realdue` double DEFAULT NULL,
  `statue` int(1) NOT NULL,
  `crtime` timestamp NOT NULL DEFAULT current_timestamp(),
  `mdtime` timestamp NOT NULL DEFAULT current_timestamp() ON UPDATE current_timestamp(),
  `info` int(11) DEFAULT NULL,
  `attdoc` int(1) DEFAULT NULL,
  `isdeleted` tinyint(1) DEFAULT 0,
  `tenant` int(11) DEFAULT 0,
  `branch` int(11) DEFAULT 0,
  PRIMARY KEY (`id`)
) ENGINE=InnoDB AUTO_INCREMENT=1948 DEFAULT CHARSET=utf8mb4 COLLATE=utf8mb4_general_ci;

INSERT INTO attlog VALUES ("1588","118","2024-07-01","12:00:00","20:00:00","00:00:00","00:00:00","8","0","20.83","0","1","2024-07-31 18:47:10","2024-07-31 18:47:10","","54","0","0","0");
INSERT INTO attlog VALUES ("1589","118","2024-07-02","12:00:00","20:00:00","00:00:00","00:00:00","8","0","20.83","0","1","2024-07-31 18:47:10","2024-07-31 18:47:10","","54","0","0","0");
INSERT INTO attlog VALUES ("1590","118","2024-07-03","12:00:00","20:00:00","00:00:00","00:00:00","8","0","20.83","0","1","2024-07-31 18:47:10","2024-07-31 18:47:10","","54","0","0","0");
INSERT INTO attlog VALUES ("1591","118","2024-07-04","12:00:00","20:00:00","00:00:00","00:00:00","8","0","20.83","0","1","2024-07-31 18:47:10","2024-07-31 18:47:10","","54","0","0","0");
INSERT INTO attlog VALUES ("1592","118","2024-07-05","12:00:00","20:00:00","00:00:00","00:00:00","8","0","20.83","0","0","2024-07-31 18:47:10","2024-07-31 18:47:10","","54","0","0","0");
INSERT INTO attlog VALUES ("1593","118","2024-07-06","12:00:00","20:00:00","00:00:00","00:00:00","8","0","20.83","0","1","2024-07-31 18:47:10","2024-07-31 18:47:10","","54","0","0","0");
INSERT INTO attlog VALUES ("1594","118","2024-07-07","12:00:00","20:00:00","00:00:00","00:00:00","8","0","20.83","0","1","2024-07-31 18:47:10","2024-07-31 18:47:10","","54","0","0","0");
INSERT INTO attlog VALUES ("1595","118","2024-07-08","12:00:00","20:00:00","00:00:00","00:00:00","8","0","20.83","0","1","2024-07-31 18:47:10","2024-07-31 18:47:10","","54","0","0","0");
INSERT INTO attlog VALUES ("1596","118","2024-07-09","12:00:00","20:00:00","00:00:00","00:00:00","8","0","20.83","0","1","2024-07-31 18:47:10","2024-07-31 18:47:10","","54","0","0","0");
INSERT INTO attlog VALUES ("1597","118","2024-07-10","12:00:00","20:00:00","00:00:00","00:00:00","8","0","20.83","0","1","2024-07-31 18:47:10","2024-07-31 18:47:10","","54","0","0","0");
INSERT INTO attlog VALUES ("1598","118","2024-07-11","12:00:00","20:00:00","00:00:00","20:46:00","8","4","20.83","83","2","2024-07-31 18:47:10","2024-07-31 18:47:10","","54","0","0","0");
INSERT INTO attlog VALUES ("1599","118","2024-07-12","12:00:00","20:00:00","00:00:00","00:00:00","8","0","20.83","0","0","2024-07-31 18:47:10","2024-07-31 18:47:10","","54","0","0","0");
INSERT INTO attlog VALUES ("1600","118","2024-07-13","12:00:00","20:00:00","00:00:00","00:00:00","8","0","20.83","0","1","2024-07-31 18:47:10","2024-07-31 18:47:10","","54","0","0","0");
INSERT INTO attlog VALUES ("1601","118","2024-07-14","12:00:00","20:00:00","00:00:00","00:00:00","8","0","20.83","0","1","2024-07-31 18:47:10","2024-07-31 18:47:10","","54","0","0","0");
INSERT INTO attlog VALUES ("1602","118","2024-07-15","12:00:00","20:00:00","00:00:00","00:00:00","8","0","20.83","0","1","2024-07-31 18:47:10","2024-07-31 18:47:10","","54","0","0","0");
INSERT INTO attlog VALUES ("1603","118","2024-07-16","12:00:00","20:00:00","00:00:00","00:00:00","8","0","20.83","0","1","2024-07-31 18:47:10","2024-07-31 18:47:10","","54","0","0","0");
INSERT INTO attlog VALUES ("1604","118","2024-07-17","12:00:00","20:00:00","00:00:00","00:00:00","8","0","20.83","0","1","2024-07-31 18:47:10","2024-07-31 18:47:10","","54","0","0","0");
INSERT INTO attlog VALUES ("1605","118","2024-07-18","12:00:00","20:00:00","00:00:00","00:00:00","8","0","20.83","0","1","2024-07-31 18:47:10","2024-07-31 18:47:10","","54","0","0","0");
INSERT INTO attlog VALUES ("1606","118","2024-07-19","12:00:00","20:00:00","00:00:00","00:00:00","8","0","20.83","0","0","2024-07-31 18:47:10","2024-07-31 18:47:10","","54","0","0","0");
INSERT INTO attlog VALUES ("1607","118","2024-07-20","12:00:00","20:00:00","00:00:00","00:00:00","8","0","20.83","0","1","2024-07-31 18:47:10","2024-07-31 18:47:10","","54","0","0","0");
INSERT INTO attlog VALUES ("1608","118","2024-07-21","12:00:00","20:00:00","00:00:00","16:20:00","8","4","20.83","83","2","2024-07-31 18:47:10","2024-07-31 18:47:10","","54","0","0","0");
INSERT INTO attlog VALUES ("1609","118","2024-07-22","12:00:00","20:00:00","11:11:00","18:11:00","8","7","20.83","145","2","2024-07-31 18:47:10","2024-07-31 18:47:10","","54","0","0","0");
INSERT INTO attlog VALUES ("1610","118","2024-07-23","12:00:00","20:00:00","00:00:00","00:00:00","8","0","20.83","0","1","2024-07-31 18:47:10","2024-07-31 18:47:10","","54","0","0","0");
INSERT INTO attlog VALUES ("1611","118","2024-07-24","12:00:00","20:00:00","00:00:00","00:00:00","8","0","20.83","0","1","2024-07-31 18:47:10","2024-07-31 18:47:10","","54","0","0","0");
INSERT INTO attlog VALUES ("1612","118","2024-07-25","12:00:00","20:00:00","00:00:00","21:23:00","8","4","20.83","83","2","2024-07-31 18:47:10","2024-07-31 18:47:10","","54","0","0","0");
INSERT INTO attlog VALUES ("1613","118","2024-07-26","12:00:00","20:00:00","00:00:00","00:00:00","8","0","20.83","0","0","2024-07-31 18:47:10","2024-07-31 18:47:10","","54","0","0","0");
INSERT INTO attlog VALUES ("1614","118","2024-07-27","12:00:00","20:00:00","00:00:00","00:00:00","8","0","20.83","0","1","2024-07-31 18:47:10","2024-07-31 18:47:10","","54","0","0","0");
INSERT INTO attlog VALUES ("1615","118","2024-07-28","12:00:00","20:00:00","00:00:00","00:00:00","8","0","20.83","0","1","2024-07-31 18:47:10","2024-07-31 18:47:10","","54","0","0","0");
INSERT INTO attlog VALUES ("1616","118","2024-07-29","12:00:00","20:00:00","00:00:00","00:00:00","8","0","20.83","0","1","2024-07-31 18:47:10","2024-07-31 18:47:10","","54","0","0","0");
INSERT INTO attlog VALUES ("1617","118","2024-07-30","12:00:00","20:00:00","00:00:00","00:00:00","8","0","20.83","0","1","2024-07-31 18:47:10","2024-07-31 18:47:10","","54","0","0","0");
INSERT INTO attlog VALUES ("1618","119","2024-07-01","12:00:00","20:00:00","13:12:00","21:03:00","8","7.85","14.58","114","2","2024-07-31 18:47:10","2024-07-31 18:47:10","","55","0","0","0");
INSERT INTO attlog VALUES ("1619","119","2024-07-02","12:00:00","20:00:00","11:44:00","22:31:00","8","10.78","14.58","157","2","2024-07-31 18:47:10","2024-07-31 18:47:10","","55","0","0","0");
INSERT INTO attlog VALUES ("1620","119","2024-07-03","12:00:00","20:00:00","13:15:00","00:00:00","8","4","14.58","58","2","2024-07-31 18:47:10","2024-07-31 18:47:10","","55","0","0","0");
INSERT INTO attlog VALUES ("1621","119","2024-07-04","12:00:00","20:00:00","14:05:00","22:00:00","8","7.92","14.58","115","2","2024-07-31 18:47:10","2024-07-31 18:47:10","","55","0","0","0");
INSERT INTO attlog VALUES ("1622","119","2024-07-05","12:00:00","20:00:00","00:00:00","00:00:00","8","0","14.58","0","0","2024-07-31 18:47:10","2024-07-31 18:47:10","","55","0","0","0");
INSERT INTO attlog VALUES ("1623","119","2024-07-06","12:00:00","20:00:00","12:10:00","22:47:00","8","10.62","14.58","154","2","2024-07-31 18:47:10","2024-07-31 18:47:10","","55","0","0","0");
INSERT INTO attlog VALUES ("1624","119","2024-07-07","12:00:00","20:00:00","13:30:00","00:00:00","8","4","14.58","58","2","2024-07-31 18:47:10","2024-07-31 18:47:10","","55","0","0","0");
INSERT INTO attlog VALUES ("1625","119","2024-07-08","12:00:00","20:00:00","11:08:00","21:00:00","8","9.87","14.58","143","2","2024-07-31 18:47:10","2024-07-31 18:47:10","","55","0","0","0");
INSERT INTO attlog VALUES ("1626","119","2024-07-09","12:00:00","20:00:00","13:30:00","23:37:00","8","10.12","14.58","147","2","2024-07-31 18:47:10","2024-07-31 18:47:10","","55","0","0","0");
INSERT INTO attlog VALUES ("1627","119","2024-07-10","12:00:00","20:00:00","13:59:00","21:45:00","8","7.77","14.58","113","2","2024-07-31 18:47:10","2024-07-31 18:47:10","","55","0","0","0");
INSERT INTO attlog VALUES ("1628","119","2024-07-11","12:00:00","20:00:00","13:23:00","00:00:00","8","4","14.58","58","2","2024-07-31 18:47:10","2024-07-31 18:47:10","","55","0","0","0");
INSERT INTO attlog VALUES ("1629","119","2024-07-12","12:00:00","20:00:00","00:00:00","00:00:00","8","0","14.58","0","0","2024-07-31 18:47:10","2024-07-31 18:47:10","","55","0","0","0");
INSERT INTO attlog VALUES ("1630","119","2024-07-13","12:00:00","20:00:00","14:30:00","21:30:00","8","7","14.58","102","2","2024-07-31 18:47:10","2024-07-31 18:47:10","","55","0","0","0");
INSERT INTO attlog VALUES ("1631","119","2024-07-14","12:00:00","20:00:00","12:06:00","22:19:00","8","10.22","14.58","149","2","2024-07-31 18:47:10","2024-07-31 18:47:10","","55","0","0","0");
INSERT INTO attlog VALUES ("1632","119","2024-07-15","12:00:00","20:00:00","12:18:00","22:15:00","8","9.95","14.58","145","2","2024-07-31 18:47:10","2024-07-31 18:47:10","","55","0","0","0");
INSERT INTO attlog VALUES ("1633","119","2024-07-16","12:00:00","20:00:00","12:47:00","00:00:00","8","4","14.58","58","2","2024-07-31 18:47:10","2024-07-31 18:47:10","","55","0","0","0");
INSERT INTO attlog VALUES ("1634","119","2024-07-17","12:00:00","20:00:00","13:10:00","23:30:00","8","10.33","14.58","150","2","2024-07-31 18:47:10","2024-07-31 18:47:10","","55","0","0","0");
INSERT INTO attlog VALUES ("1635","119","2024-07-18","12:00:00","20:00:00","00:00:00","00:00:00","8","0","14.58","0","1","2024-07-31 18:47:10","2024-07-31 18:47:10","","55","0","0","0");
INSERT INTO attlog VALUES ("1636","119","2024-07-19","12:00:00","20:00:00","00:00:00","00:00:00","8","0","14.58","0","0","2024-07-31 18:47:10","2024-07-31 18:47:10","","55","0","0","0");
INSERT INTO attlog VALUES ("1637","119","2024-07-20","12:00:00","20:00:00","13:15:00","21:51:00","8","8.6","14.58","125","2","2024-07-31 18:47:10","2024-07-31 18:47:10","","55","0","0","0");
INSERT INTO attlog VALUES ("1638","119","2024-07-21","12:00:00","20:00:00","13:12:00","23:08:00","8","9.93","14.58","144","2","2024-07-31 18:47:10","2024-07-31 18:47:10","","55","0","0","0");
INSERT INTO attlog VALUES ("1639","119","2024-07-22","12:00:00","20:00:00","12:30:00","21:24:00","8","8.9","14.58","129","2","2024-07-31 18:47:10","2024-07-31 18:47:10","","55","0","0","0");
INSERT INTO attlog VALUES ("1640","119","2024-07-23","12:00:00","20:00:00","14:11:00","20:27:00","8","6.27","14.58","91","2","2024-07-31 18:47:10","2024-07-31 18:47:10","","55","0","0","0");
INSERT INTO attlog VALUES ("1641","119","2024-07-24","12:00:00","20:00:00","13:00:00","22:41:00","8","9.68","14.58","141","2","2024-07-31 18:47:10","2024-07-31 18:47:10","","55","0","0","0");
INSERT INTO attlog VALUES ("1642","119","2024-07-25","12:00:00","20:00:00","14:09:00","22:30:00","8","8.35","14.58","121","2","2024-07-31 18:47:10","2024-07-31 18:47:10","","55","0","0","0");
INSERT INTO attlog VALUES ("1643","119","2024-07-26","12:00:00","20:00:00","00:00:00","00:00:00","8","0","14.58","0","0","2024-07-31 18:47:10","2024-07-31 18:47:10","","55","0","0","0");
INSERT INTO attlog VALUES ("1644","119","2024-07-27","12:00:00","20:00:00","14:06:00","20:00:00","8","5.9","14.58","86","2","2024-07-31 18:47:10","2024-07-31 18:47:10","","55","0","0","0");
INSERT INTO attlog VALUES ("1645","119","2024-07-28","12:00:00","20:00:00","00:00:00","00:00:00","8","0","14.58","0","1","2024-07-31 18:47:10","2024-07-31 18:47:10","","55","0","0","0");
INSERT INTO attlog VALUES ("1646","119","2024-07-29","12:00:00","20:00:00","13:26:00","21:32:00","8","8.1","14.58","118","2","2024-07-31 18:47:10","2024-07-31 18:47:10","","55","0","0","0");
INSERT INTO attlog VALUES ("1647","119","2024-07-30","12:00:00","20:00:00","00:00:00","00:00:00","8","0","14.58","0","1","2024-07-31 18:47:10","2024-07-31 18:47:10","","55","0","0","0");
INSERT INTO attlog VALUES ("1648","120","2024-07-01","12:00:00","20:00:00","10:40:00","20:05:00","8","9.42","8.33","78","2","2024-07-31 18:47:10","2024-07-31 18:47:10","","56","0","0","0");
INSERT INTO attlog VALUES ("1649","120","2024-07-02","12:00:00","20:00:00","12:39:00","21:14:00","8","8.58","8.33","71","2","2024-07-31 18:47:10","2024-07-31 18:47:10","","56","0","0","0");
INSERT INTO attlog VALUES ("1650","120","2024-07-03","12:00:00","20:00:00","10:03:00","00:00:00","8","4","8.33","33","2","2024-07-31 18:47:10","2024-07-31 18:47:10","","56","0","0","0");
INSERT INTO attlog VALUES ("1651","120","2024-07-04","12:00:00","20:00:00","13:03:00","20:25:00","8","7.37","8.33","61","2","2024-07-31 18:47:10","2024-07-31 18:47:10","","56","0","0","0");
INSERT INTO attlog VALUES ("1652","120","2024-07-05","12:00:00","20:00:00","00:00:00","00:00:00","8","0","8.33","0","0","2024-07-31 18:47:10","2024-07-31 18:47:10","","56","0","0","0");
INSERT INTO attlog VALUES ("1653","120","2024-07-06","12:00:00","20:00:00","13:45:00","22:00:00","8","8.25","8.33","68","2","2024-07-31 18:47:10","2024-07-31 18:47:10","","56","0","0","0");
INSERT INTO attlog VALUES ("1654","120","2024-07-07","12:00:00","20:00:00","09:54:00","23:44:00","8","13.83","8.33","115","2","2024-07-31 18:47:10","2024-07-31 18:47:10","","56","0","0","0");
INSERT INTO attlog VALUES ("1655","120","2024-07-08","12:00:00","20:00:00","10:00:00","22:20:00","8","12.33","8.33","102","2","2024-07-31 18:47:10","2024-07-31 18:47:10","","56","0","0","0");
INSERT INTO attlog VALUES ("1656","120","2024-07-09","12:00:00","20:00:00","12:49:00","20:04:00","8","7.25","8.33","60","2","2024-07-31 18:47:10","2024-07-31 18:47:10","","56","0","0","0");
INSERT INTO attlog VALUES ("1657","120","2024-07-10","12:00:00","20:00:00","12:55:00","21:30:00","8","8.58","8.33","71","2","2024-07-31 18:47:10","2024-07-31 18:47:10","","56","0","0","0");
INSERT INTO attlog VALUES ("1658","120","2024-07-11","12:00:00","20:00:00","09:30:00","22:46:00","8","13.27","8.33","110","2","2024-07-31 18:47:10","2024-07-31 18:47:10","","56","0","0","0");
INSERT INTO attlog VALUES ("1659","120","2024-07-12","12:00:00","20:00:00","00:00:00","00:00:00","8","0","8.33","0","0","2024-07-31 18:47:10","2024-07-31 18:47:10","","56","0","0","0");
INSERT INTO attlog VALUES ("1660","120","2024-07-13","12:00:00","20:00:00","09:30:00","00:00:00","8","4","8.33","33","2","2024-07-31 18:47:10","2024-07-31 18:47:10","","56","0","0","0");
INSERT INTO attlog VALUES ("1661","120","2024-07-14","12:00:00","20:00:00","12:36:00","21:30:00","8","8.9","8.33","74","2","2024-07-31 18:47:10","2024-07-31 18:47:10","","56","0","0","0");
INSERT INTO attlog VALUES ("1662","120","2024-07-15","12:00:00","20:00:00","00:00:00","00:00:00","8","0","8.33","0","1","2024-07-31 18:47:10","2024-07-31 18:47:10","","56","0","0","0");
INSERT INTO attlog VALUES ("1663","120","2024-07-16","12:00:00","20:00:00","00:00:00","00:00:00","8","0","8.33","0","1","2024-07-31 18:47:10","2024-07-31 18:47:10","","56","0","0","0");
INSERT INTO attlog VALUES ("1664","120","2024-07-17","12:00:00","20:00:00","13:43:00","21:30:00","8","7.78","8.33","64","2","2024-07-31 18:47:10","2024-07-31 18:47:10","","56","0","0","0");
INSERT INTO attlog VALUES ("1665","120","2024-07-18","12:00:00","20:00:00","13:40:00","21:00:00","8","7.33","8.33","61","2","2024-07-31 18:47:10","2024-07-31 18:47:10","","56","0","0","0");
INSERT INTO attlog VALUES ("1666","120","2024-07-19","12:00:00","20:00:00","00:00:00","00:00:00","8","0","8.33","0","0","2024-07-31 18:47:10","2024-07-31 18:47:10","","56","0","0","0");
INSERT INTO attlog VALUES ("1667","120","2024-07-20","12:00:00","20:00:00","12:30:00","21:05:00","8","8.58","8.33","71","2","2024-07-31 18:47:10","2024-07-31 18:47:10","","56","0","0","0");
INSERT INTO attlog VALUES ("1668","120","2024-07-21","12:00:00","20:00:00","13:04:00","22:12:00","8","9.13","8.33","76","2","2024-07-31 18:47:10","2024-07-31 18:47:10","","56","0","0","0");
INSERT INTO attlog VALUES ("1669","120","2024-07-22","12:00:00","20:00:00","13:30:00","21:25:00","8","7.92","8.33","65","2","2024-07-31 18:47:10","2024-07-31 18:47:10","","56","0","0","0");
INSERT INTO attlog VALUES ("1670","120","2024-07-23","12:00:00","20:00:00","12:47:00","22:30:00","8","9.72","8.33","80","2","2024-07-31 18:47:10","2024-07-31 18:47:10","","56","0","0","0");
INSERT INTO attlog VALUES ("1671","120","2024-07-24","12:00:00","20:00:00","13:12:00","22:37:00","8","9.42","8.33","78","2","2024-07-31 18:47:10","2024-07-31 18:47:10","","56","0","0","0");
INSERT INTO attlog VALUES ("1672","120","2024-07-25","12:00:00","20:00:00","12:15:00","23:52:00","8","11.62","8.33","96","2","2024-07-31 18:47:10","2024-07-31 18:47:10","","56","0","0","0");
INSERT INTO attlog VALUES ("1673","120","2024-07-26","12:00:00","20:00:00","00:00:00","00:00:00","8","0","8.33","0","0","2024-07-31 18:47:10","2024-07-31 18:47:10","","56","0","0","0");
INSERT INTO attlog VALUES ("1674","120","2024-07-27","12:00:00","20:00:00","14:15:00","00:00:00","8","4","8.33","33","2","2024-07-31 18:47:10","2024-07-31 18:47:10","","56","0","0","0");
INSERT INTO attlog VALUES ("1675","120","2024-07-28","12:00:00","20:00:00","12:18:00","21:00:00","8","8.7","8.33","72","2","2024-07-31 18:47:10","2024-07-31 18:47:10","","56","0","0","0");
INSERT INTO attlog VALUES ("1676","120","2024-07-29","12:00:00","20:00:00","13:10:00","21:07:00","8","7.95","8.33","66","2","2024-07-31 18:47:10","2024-07-31 18:47:10","","56","0","0","0");
INSERT INTO attlog VALUES ("1677","120","2024-07-30","12:00:00","20:00:00","00:00:00","00:00:00","8","0","8.33","0","1","2024-07-31 18:47:10","2024-07-31 18:47:10","","56","0","0","0");
INSERT INTO attlog VALUES ("1678","121","2024-07-01","10:00:00","16:00:00","10:07:00","15:06:00","6","4.98","13.89","69","2","2024-07-31 18:47:10","2024-07-31 18:47:10","","57","0","0","0");
INSERT INTO attlog VALUES ("1679","121","2024-07-02","10:00:00","16:00:00","10:08:00","16:01:00","6","5.88","13.89","81","2","2024-07-31 18:47:10","2024-07-31 18:47:10","","57","0","0","0");
INSERT INTO attlog VALUES ("1680","121","2024-07-03","10:00:00","16:00:00","10:05:00","16:00:00","6","5.92","13.89","82","2","2024-07-31 18:47:10","2024-07-31 18:47:10","","57","0","0","0");
INSERT INTO attlog VALUES ("1681","121","2024-07-04","10:00:00","16:00:00","10:16:00","16:00:00","6","5.73","13.89","79","2","2024-07-31 18:47:10","2024-07-31 18:47:10","","57","0","0","0");
INSERT INTO attlog VALUES ("1682","121","2024-07-05","10:00:00","16:00:00","00:00:00","00:00:00","6","0","13.89","0","0","2024-07-31 18:47:10","2024-07-31 18:47:10","","57","0","0","0");
INSERT INTO attlog VALUES ("1683","121","2024-07-06","10:00:00","16:00:00","10:15:00","16:14:00","6","5.98","13.89","83","2","2024-07-31 18:47:10","2024-07-31 18:47:10","","57","0","0","0");
INSERT INTO attlog VALUES ("1684","121","2024-07-07","10:00:00","16:00:00","10:00:00","16:00:00","6","6","13.89","83","2","2024-07-31 18:47:10","2024-07-31 18:47:10","","57","0","0","0");
INSERT INTO attlog VALUES ("1685","121","2024-07-08","10:00:00","16:00:00","10:05:00","16:00:00","6","5.92","13.89","82","2","2024-07-31 18:47:10","2024-07-31 18:47:10","","57","0","0","0");
INSERT INTO attlog VALUES ("1686","121","2024-07-09","10:00:00","16:00:00","10:03:00","15:58:00","6","5.92","13.89","82","2","2024-07-31 18:47:10","2024-07-31 18:47:10","","57","0","0","0");
INSERT INTO attlog VALUES ("1687","121","2024-07-10","10:00:00","16:00:00","10:06:00","16:00:00","6","5.9","13.89","81","2","2024-07-31 18:47:10","2024-07-31 18:47:10","","57","0","0","0");
INSERT INTO attlog VALUES ("1688","121","2024-07-11","10:00:00","16:00:00","09:49:00","16:00:00","6","6.18","13.89","85","2","2024-07-31 18:47:10","2024-07-31 18:47:10","","57","0","0","0");
INSERT INTO attlog VALUES ("1689","121","2024-07-12","10:00:00","16:00:00","00:00:00","00:00:00","6","0","13.89","0","0","2024-07-31 18:47:10","2024-07-31 18:47:10","","57","0","0","0");
INSERT INTO attlog VALUES ("1690","121","2024-07-13","10:00:00","16:00:00","10:02:00","15:57:00","6","5.92","13.89","82","2","2024-07-31 18:47:10","2024-07-31 18:47:10","","57","0","0","0");
INSERT INTO attlog VALUES ("1691","121","2024-07-14","10:00:00","16:00:00","10:00:00","15:55:00","6","5.92","13.89","82","2","2024-07-31 18:47:10","2024-07-31 18:47:10","","57","0","0","0");
INSERT INTO attlog VALUES ("1692","121","2024-07-15","10:00:00","16:00:00","10:01:00","16:00:00","6","5.98","13.89","83","2","2024-07-31 18:47:10","2024-07-31 18:47:10","","57","0","0","0");
INSERT INTO attlog VALUES ("1693","121","2024-07-16","10:00:00","16:00:00","10:05:00","15:30:00","6","5.42","13.89","75","2","2024-07-31 18:47:10","2024-07-31 18:47:10","","57","0","0","0");
INSERT INTO attlog VALUES ("1694","121","2024-07-17","10:00:00","16:00:00","10:01:00","16:00:00","6","5.98","13.89","83","2","2024-07-31 18:47:10","2024-07-31 18:47:10","","57","0","0","0");
INSERT INTO attlog VALUES ("1695","121","2024-07-18","10:00:00","16:00:00","10:02:00","16:17:00","6","6.25","13.89","86","2","2024-07-31 18:47:10","2024-07-31 18:47:10","","57","0","0","0");
INSERT INTO attlog VALUES ("1696","121","2024-07-19","10:00:00","16:00:00","00:00:00","00:00:00","6","0","13.89","0","0","2024-07-31 18:47:10","2024-07-31 18:47:10","","57","0","0","0");
INSERT INTO attlog VALUES ("1697","121","2024-07-20","10:00:00","16:00:00","00:00:00","00:00:00","6","0","13.89","0","1","2024-07-31 18:47:10","2024-07-31 18:47:10","","57","0","0","0");
INSERT INTO attlog VALUES ("1698","121","2024-07-21","10:00:00","16:00:00","10:05:00","16:28:00","6","6.38","13.89","88","2","2024-07-31 18:47:10","2024-07-31 18:47:10","","57","0","0","0");
INSERT INTO attlog VALUES ("1699","121","2024-07-22","10:00:00","16:00:00","10:07:00","16:07:00","6","6","13.89","83","2","2024-07-31 18:47:10","2024-07-31 18:47:10","","57","0","0","0");
INSERT INTO attlog VALUES ("1700","121","2024-07-23","10:00:00","16:00:00","10:09:00","16:05:00","6","5.93","13.89","82","2","2024-07-31 18:47:10","2024-07-31 18:47:10","","57","0","0","0");
INSERT INTO attlog VALUES ("1701","121","2024-07-24","10:00:00","16:00:00","10:03:00","17:07:00","6","7.07","13.89","98","2","2024-07-31 18:47:10","2024-07-31 18:47:10","","57","0","0","0");
INSERT INTO attlog VALUES ("1702","121","2024-07-25","10:00:00","16:00:00","10:07:00","16:25:00","6","6.3","13.89","87","2","2024-07-31 18:47:10","2024-07-31 18:47:10","","57","0","0","0");
INSERT INTO attlog VALUES ("1703","121","2024-07-26","10:00:00","16:00:00","00:00:00","00:00:00","6","0","13.89","0","0","2024-07-31 18:47:10","2024-07-31 18:47:10","","57","0","0","0");
INSERT INTO attlog VALUES ("1704","121","2024-07-27","10:00:00","16:00:00","10:16:00","16:13:00","6","5.95","13.89","82","2","2024-07-31 18:47:10","2024-07-31 18:47:10","","57","0","0","0");
INSERT INTO attlog VALUES ("1705","121","2024-07-28","10:00:00","16:00:00","10:12:00","16:24:00","6","6.2","13.89","86","2","2024-07-31 18:47:10","2024-07-31 18:47:10","","57","0","0","0");
INSERT INTO attlog VALUES ("1706","121","2024-07-29","10:00:00","16:00:00","10:09:00","16:18:00","6","6.15","13.89","85","2","2024-07-31 18:47:10","2024-07-31 18:47:10","","57","0","0","0");
INSERT INTO attlog VALUES ("1707","121","2024-07-30","10:00:00","16:00:00","10:07:00","16:06:00","6","5.98","13.89","83","2","2024-07-31 18:47:10","2024-07-31 18:47:10","","57","0","0","0");
INSERT INTO attlog VALUES ("1708","122","2024-07-01","12:00:00","20:00:00","00:00:00","00:00:00","8","0","8.33","0","1","2024-07-31 18:47:10","2024-07-31 18:47:11","","58","0","0","0");
INSERT INTO attlog VALUES ("1709","122","2024-07-02","12:00:00","20:00:00","00:00:00","00:00:00","8","0","8.33","0","1","2024-07-31 18:47:10","2024-07-31 18:47:11","","58","0","0","0");
INSERT INTO attlog VALUES ("1710","122","2024-07-03","12:00:00","20:00:00","00:00:00","00:00:00","8","0","8.33","0","1","2024-07-31 18:47:10","2024-07-31 18:47:11","","58","0","0","0");
INSERT INTO attlog VALUES ("1711","122","2024-07-04","12:00:00","20:00:00","00:00:00","00:00:00","8","0","8.33","0","1","2024-07-31 18:47:10","2024-07-31 18:47:11","","58","0","0","0");
INSERT INTO attlog VALUES ("1712","122","2024-07-05","12:00:00","20:00:00","00:00:00","00:00:00","8","0","8.33","0","0","2024-07-31 18:47:10","2024-07-31 18:47:11","","58","0","0","0");
INSERT INTO attlog VALUES ("1713","122","2024-07-06","12:00:00","20:00:00","00:00:00","00:00:00","8","0","8.33","0","1","2024-07-31 18:47:10","2024-07-31 18:47:11","","58","0","0","0");
INSERT INTO attlog VALUES ("1714","122","2024-07-07","12:00:00","20:00:00","00:00:00","00:00:00","8","0","8.33","0","1","2024-07-31 18:47:10","2024-07-31 18:47:11","","58","0","0","0");
INSERT INTO attlog VALUES ("1715","122","2024-07-08","12:00:00","20:00:00","00:00:00","00:00:00","8","0","8.33","0","1","2024-07-31 18:47:10","2024-07-31 18:47:11","","58","0","0","0");
INSERT INTO attlog VALUES ("1716","122","2024-07-09","12:00:00","20:00:00","13:07:00","00:00:00","8","4","8.33","33","2","2024-07-31 18:47:10","2024-07-31 18:47:11","","58","0","0","0");
INSERT INTO attlog VALUES ("1717","122","2024-07-10","12:00:00","20:00:00","00:00:00","00:00:00","8","0","8.33","0","1","2024-07-31 18:47:10","2024-07-31 18:47:11","","58","0","0","0");
INSERT INTO attlog VALUES ("1718","122","2024-07-11","12:00:00","20:00:00","00:00:00","00:00:00","8","0","8.33","0","1","2024-07-31 18:47:10","2024-07-31 18:47:11","","58","0","0","0");
INSERT INTO attlog VALUES ("1719","122","2024-07-12","12:00:00","20:00:00","00:00:00","00:00:00","8","0","8.33","0","0","2024-07-31 18:47:10","2024-07-31 18:47:11","","58","0","0","0");
INSERT INTO attlog VALUES ("1720","122","2024-07-13","12:00:00","20:00:00","00:00:00","00:00:00","8","0","8.33","0","1","2024-07-31 18:47:10","2024-07-31 18:47:11","","58","0","0","0");
INSERT INTO attlog VALUES ("1721","122","2024-07-14","12:00:00","20:00:00","00:00:00","00:00:00","8","0","8.33","0","1","2024-07-31 18:47:11","2024-07-31 18:47:11","","58","0","0","0");
INSERT INTO attlog VALUES ("1722","122","2024-07-15","12:00:00","20:00:00","00:00:00","00:00:00","8","0","8.33","0","1","2024-07-31 18:47:11","2024-07-31 18:47:11","","58","0","0","0");
INSERT INTO attlog VALUES ("1723","122","2024-07-16","12:00:00","20:00:00","00:00:00","00:00:00","8","0","8.33","0","1","2024-07-31 18:47:11","2024-07-31 18:47:11","","58","0","0","0");
INSERT INTO attlog VALUES ("1724","122","2024-07-17","12:00:00","20:00:00","00:00:00","00:00:00","8","0","8.33","0","1","2024-07-31 18:47:11","2024-07-31 18:47:11","","58","0","0","0");
INSERT INTO attlog VALUES ("1725","122","2024-07-18","12:00:00","20:00:00","00:00:00","00:00:00","8","0","8.33","0","1","2024-07-31 18:47:11","2024-07-31 18:47:11","","58","0","0","0");
INSERT INTO attlog VALUES ("1726","122","2024-07-19","12:00:00","20:00:00","00:00:00","00:00:00","8","0","8.33","0","0","2024-07-31 18:47:11","2024-07-31 18:47:11","","58","0","0","0");
INSERT INTO attlog VALUES ("1727","122","2024-07-20","12:00:00","20:00:00","00:00:00","00:00:00","8","0","8.33","0","1","2024-07-31 18:47:11","2024-07-31 18:47:11","","58","0","0","0");
INSERT INTO attlog VALUES ("1728","122","2024-07-21","12:00:00","20:00:00","00:00:00","00:00:00","8","0","8.33","0","1","2024-07-31 18:47:11","2024-07-31 18:47:11","","58","0","0","0");
INSERT INTO attlog VALUES ("1729","122","2024-07-22","12:00:00","20:00:00","00:00:00","00:00:00","8","0","8.33","0","1","2024-07-31 18:47:11","2024-07-31 18:47:11","","58","0","0","0");
INSERT INTO attlog VALUES ("1730","122","2024-07-23","12:00:00","20:00:00","00:00:00","00:00:00","8","0","8.33","0","1","2024-07-31 18:47:11","2024-07-31 18:47:11","","58","0","0","0");
INSERT INTO attlog VALUES ("1731","122","2024-07-24","12:00:00","20:00:00","00:00:00","00:00:00","8","0","8.33","0","1","2024-07-31 18:47:11","2024-07-31 18:47:11","","58","0","0","0");
INSERT INTO attlog VALUES ("1732","122","2024-07-25","12:00:00","20:00:00","00:00:00","00:00:00","8","0","8.33","0","1","2024-07-31 18:47:11","2024-07-31 18:47:11","","58","0","0","0");
INSERT INTO attlog VALUES ("1733","122","2024-07-26","12:00:00","20:00:00","00:00:00","00:00:00","8","0","8.33","0","0","2024-07-31 18:47:11","2024-07-31 18:47:11","","58","0","0","0");
INSERT INTO attlog VALUES ("1734","122","2024-07-27","12:00:00","20:00:00","00:00:00","19:01:00","8","4","8.33","33","2","2024-07-31 18:47:11","2024-07-31 18:47:11","","58","0","0","0");
INSERT INTO attlog VALUES ("1735","122","2024-07-28","12:00:00","20:00:00","00:00:00","00:00:00","8","0","8.33","0","1","2024-07-31 18:47:11","2024-07-31 18:47:11","","58","0","0","0");
INSERT INTO attlog VALUES ("1736","122","2024-07-29","12:00:00","20:00:00","00:00:00","00:00:00","8","0","8.33","0","1","2024-07-31 18:47:11","2024-07-31 18:47:11","","58","0","0","0");
INSERT INTO attlog VALUES ("1737","122","2024-07-30","12:00:00","20:00:00","00:00:00","00:00:00","8","0","8.33","0","1","2024-07-31 18:47:11","2024-07-31 18:47:11","","58","0","0","0");
INSERT INTO attlog VALUES ("1738","123","2024-07-01","12:00:00","20:00:00","00:00:00","00:00:00","8","0","8.33","0","1","2024-07-31 18:47:11","2024-07-31 18:47:11","","59","0","0","0");
INSERT INTO attlog VALUES ("1739","123","2024-07-02","12:00:00","20:00:00","00:00:00","00:00:00","8","0","8.33","0","1","2024-07-31 18:47:11","2024-07-31 18:47:11","","59","0","0","0");
INSERT INTO attlog VALUES ("1740","123","2024-07-03","12:00:00","20:00:00","00:00:00","00:00:00","8","0","8.33","0","1","2024-07-31 18:47:11","2024-07-31 18:47:11","","59","0","0","0");
INSERT INTO attlog VALUES ("1741","123","2024-07-04","12:00:00","20:00:00","00:00:00","00:00:00","8","0","8.33","0","1","2024-07-31 18:47:11","2024-07-31 18:47:11","","59","0","0","0");
INSERT INTO attlog VALUES ("1742","123","2024-07-05","12:00:00","20:00:00","00:00:00","00:00:00","8","0","8.33","0","0","2024-07-31 18:47:11","2024-07-31 18:47:11","","59","0","0","0");
INSERT INTO attlog VALUES ("1743","123","2024-07-06","12:00:00","20:00:00","00:00:00","00:00:00","8","0","8.33","0","1","2024-07-31 18:47:11","2024-07-31 18:47:11","","59","0","0","0");
INSERT INTO attlog VALUES ("1744","123","2024-07-07","12:00:00","20:00:00","00:00:00","00:00:00","8","0","8.33","0","1","2024-07-31 18:47:11","2024-07-31 18:47:11","","59","0","0","0");
INSERT INTO attlog VALUES ("1745","123","2024-07-08","12:00:00","20:00:00","00:00:00","00:00:00","8","0","8.33","0","1","2024-07-31 18:47:11","2024-07-31 18:47:11","","59","0","0","0");
INSERT INTO attlog VALUES ("1746","123","2024-07-09","12:00:00","20:00:00","00:00:00","00:00:00","8","0","8.33","0","1","2024-07-31 18:47:11","2024-07-31 18:47:11","","59","0","0","0");
INSERT INTO attlog VALUES ("1747","123","2024-07-10","12:00:00","20:00:00","00:00:00","00:00:00","8","0","8.33","0","1","2024-07-31 18:47:11","2024-07-31 18:47:11","","59","0","0","0");
INSERT INTO attlog VALUES ("1748","123","2024-07-11","12:00:00","20:00:00","00:00:00","00:00:00","8","0","8.33","0","1","2024-07-31 18:47:11","2024-07-31 18:47:11","","59","0","0","0");
INSERT INTO attlog VALUES ("1749","123","2024-07-12","12:00:00","20:00:00","00:00:00","00:00:00","8","0","8.33","0","0","2024-07-31 18:47:11","2024-07-31 18:47:11","","59","0","0","0");
INSERT INTO attlog VALUES ("1750","123","2024-07-13","12:00:00","20:00:00","00:00:00","00:00:00","8","0","8.33","0","1","2024-07-31 18:47:11","2024-07-31 18:47:11","","59","0","0","0");
INSERT INTO attlog VALUES ("1751","123","2024-07-14","12:00:00","20:00:00","00:00:00","00:00:00","8","0","8.33","0","1","2024-07-31 18:47:11","2024-07-31 18:47:11","","59","0","0","0");
INSERT INTO attlog VALUES ("1752","123","2024-07-15","12:00:00","20:00:00","00:00:00","00:00:00","8","0","8.33","0","1","2024-07-31 18:47:11","2024-07-31 18:47:11","","59","0","0","0");
INSERT INTO attlog VALUES ("1753","123","2024-07-16","12:00:00","20:00:00","00:00:00","00:00:00","8","0","8.33","0","1","2024-07-31 18:47:11","2024-07-31 18:47:11","","59","0","0","0");
INSERT INTO attlog VALUES ("1754","123","2024-07-17","12:00:00","20:00:00","00:00:00","00:00:00","8","0","8.33","0","1","2024-07-31 18:47:11","2024-07-31 18:47:11","","59","0","0","0");
INSERT INTO attlog VALUES ("1755","123","2024-07-18","12:00:00","20:00:00","00:00:00","00:00:00","8","0","8.33","0","1","2024-07-31 18:47:11","2024-07-31 18:47:11","","59","0","0","0");
INSERT INTO attlog VALUES ("1756","123","2024-07-19","12:00:00","20:00:00","00:00:00","00:00:00","8","0","8.33","0","0","2024-07-31 18:47:11","2024-07-31 18:47:11","","59","0","0","0");
INSERT INTO attlog VALUES ("1757","123","2024-07-20","12:00:00","20:00:00","00:00:00","00:00:00","8","0","8.33","0","1","2024-07-31 18:47:11","2024-07-31 18:47:11","","59","0","0","0");
INSERT INTO attlog VALUES ("1758","123","2024-07-21","12:00:00","20:00:00","00:00:00","00:00:00","8","0","8.33","0","1","2024-07-31 18:47:11","2024-07-31 18:47:11","","59","0","0","0");
INSERT INTO attlog VALUES ("1759","123","2024-07-22","12:00:00","20:00:00","00:00:00","00:00:00","8","0","8.33","0","1","2024-07-31 18:47:11","2024-07-31 18:47:11","","59","0","0","0");
INSERT INTO attlog VALUES ("1760","123","2024-07-23","12:00:00","20:00:00","00:00:00","00:00:00","8","0","8.33","0","1","2024-07-31 18:47:11","2024-07-31 18:47:11","","59","0","0","0");
INSERT INTO attlog VALUES ("1761","123","2024-07-24","12:00:00","20:00:00","00:00:00","00:00:00","8","0","8.33","0","1","2024-07-31 18:47:11","2024-07-31 18:47:11","","59","0","0","0");
INSERT INTO attlog VALUES ("1762","123","2024-07-25","12:00:00","20:00:00","00:00:00","00:00:00","8","0","8.33","0","1","2024-07-31 18:47:11","2024-07-31 18:47:11","","59","0","0","0");
INSERT INTO attlog VALUES ("1763","123","2024-07-26","12:00:00","20:00:00","00:00:00","00:00:00","8","0","8.33","0","0","2024-07-31 18:47:11","2024-07-31 18:47:11","","59","0","0","0");
INSERT INTO attlog VALUES ("1764","123","2024-07-27","12:00:00","20:00:00","00:00:00","00:00:00","8","0","8.33","0","1","2024-07-31 18:47:11","2024-07-31 18:47:11","","59","0","0","0");
INSERT INTO attlog VALUES ("1765","123","2024-07-28","12:00:00","20:00:00","00:00:00","00:00:00","8","0","8.33","0","1","2024-07-31 18:47:11","2024-07-31 18:47:11","","59","0","0","0");
INSERT INTO attlog VALUES ("1766","123","2024-07-29","12:00:00","20:00:00","00:00:00","00:00:00","8","0","8.33","0","1","2024-07-31 18:47:11","2024-07-31 18:47:11","","59","0","0","0");
INSERT INTO attlog VALUES ("1767","123","2024-07-30","12:00:00","20:00:00","00:00:00","00:00:00","8","0","8.33","0","1","2024-07-31 18:47:11","2024-07-31 18:47:11","","59","0","0","0");
INSERT INTO attlog VALUES ("1768","124","2024-07-01","12:00:00","20:00:00","00:00:00","00:00:00","8","0","8.33","0","1","2024-07-31 18:47:11","2024-07-31 18:47:11","","60","0","0","0");
INSERT INTO attlog VALUES ("1769","124","2024-07-02","12:00:00","20:00:00","00:00:00","00:00:00","8","0","8.33","0","1","2024-07-31 18:47:11","2024-07-31 18:47:11","","60","0","0","0");
INSERT INTO attlog VALUES ("1770","124","2024-07-03","12:00:00","20:00:00","00:00:00","00:00:00","8","0","8.33","0","1","2024-07-31 18:47:11","2024-07-31 18:47:11","","60","0","0","0");
INSERT INTO attlog VALUES ("1771","124","2024-07-04","12:00:00","20:00:00","00:00:00","00:00:00","8","0","8.33","0","1","2024-07-31 18:47:11","2024-07-31 18:47:11","","60","0","0","0");
INSERT INTO attlog VALUES ("1772","124","2024-07-05","12:00:00","20:00:00","00:00:00","00:00:00","8","0","8.33","0","0","2024-07-31 18:47:11","2024-07-31 18:47:11","","60","0","0","0");
INSERT INTO attlog VALUES ("1773","124","2024-07-06","12:00:00","20:00:00","00:00:00","00:00:00","8","0","8.33","0","1","2024-07-31 18:47:11","2024-07-31 18:47:11","","60","0","0","0");
INSERT INTO attlog VALUES ("1774","124","2024-07-07","12:00:00","20:00:00","00:00:00","00:00:00","8","0","8.33","0","1","2024-07-31 18:47:11","2024-07-31 18:47:11","","60","0","0","0");
INSERT INTO attlog VALUES ("1775","124","2024-07-08","12:00:00","20:00:00","00:00:00","00:00:00","8","0","8.33","0","1","2024-07-31 18:47:11","2024-07-31 18:47:11","","60","0","0","0");
INSERT INTO attlog VALUES ("1776","124","2024-07-09","12:00:00","20:00:00","00:00:00","00:00:00","8","0","8.33","0","1","2024-07-31 18:47:11","2024-07-31 18:47:11","","60","0","0","0");
INSERT INTO attlog VALUES ("1777","124","2024-07-10","12:00:00","20:00:00","00:00:00","00:00:00","8","0","8.33","0","1","2024-07-31 18:47:11","2024-07-31 18:47:11","","60","0","0","0");
INSERT INTO attlog VALUES ("1778","124","2024-07-11","12:00:00","20:00:00","00:00:00","00:00:00","8","0","8.33","0","1","2024-07-31 18:47:11","2024-07-31 18:47:11","","60","0","0","0");
INSERT INTO attlog VALUES ("1779","124","2024-07-12","12:00:00","20:00:00","00:00:00","00:00:00","8","0","8.33","0","0","2024-07-31 18:47:11","2024-07-31 18:47:11","","60","0","0","0");
INSERT INTO attlog VALUES ("1780","124","2024-07-13","12:00:00","20:00:00","00:00:00","00:00:00","8","0","8.33","0","1","2024-07-31 18:47:11","2024-07-31 18:47:11","","60","0","0","0");
INSERT INTO attlog VALUES ("1781","124","2024-07-14","12:00:00","20:00:00","00:00:00","00:00:00","8","0","8.33","0","1","2024-07-31 18:47:11","2024-07-31 18:47:11","","60","0","0","0");
INSERT INTO attlog VALUES ("1782","124","2024-07-15","12:00:00","20:00:00","00:00:00","00:00:00","8","0","8.33","0","1","2024-07-31 18:47:11","2024-07-31 18:47:11","","60","0","0","0");
INSERT INTO attlog VALUES ("1783","124","2024-07-16","12:00:00","20:00:00","00:00:00","00:00:00","8","0","8.33","0","1","2024-07-31 18:47:11","2024-07-31 18:47:11","","60","0","0","0");
INSERT INTO attlog VALUES ("1784","124","2024-07-17","12:00:00","20:00:00","00:00:00","00:00:00","8","0","8.33","0","1","2024-07-31 18:47:11","2024-07-31 18:47:11","","60","0","0","0");
INSERT INTO attlog VALUES ("1785","124","2024-07-18","12:00:00","20:00:00","00:00:00","00:00:00","8","0","8.33","0","1","2024-07-31 18:47:11","2024-07-31 18:47:11","","60","0","0","0");
INSERT INTO attlog VALUES ("1786","124","2024-07-19","12:00:00","20:00:00","00:00:00","00:00:00","8","0","8.33","0","0","2024-07-31 18:47:11","2024-07-31 18:47:11","","60","0","0","0");
INSERT INTO attlog VALUES ("1787","124","2024-07-20","12:00:00","20:00:00","00:00:00","00:00:00","8","0","8.33","0","1","2024-07-31 18:47:11","2024-07-31 18:47:11","","60","0","0","0");
INSERT INTO attlog VALUES ("1788","124","2024-07-21","12:00:00","20:00:00","00:00:00","00:00:00","8","0","8.33","0","1","2024-07-31 18:47:11","2024-07-31 18:47:11","","60","0","0","0");
INSERT INTO attlog VALUES ("1789","124","2024-07-22","12:00:00","20:00:00","00:00:00","00:00:00","8","0","8.33","0","1","2024-07-31 18:47:11","2024-07-31 18:47:11","","60","0","0","0");
INSERT INTO attlog VALUES ("1790","124","2024-07-23","12:00:00","20:00:00","00:00:00","00:00:00","8","0","8.33","0","1","2024-07-31 18:47:11","2024-07-31 18:47:11","","60","0","0","0");
INSERT INTO attlog VALUES ("1791","124","2024-07-24","12:00:00","20:00:00","00:00:00","00:00:00","8","0","8.33","0","1","2024-07-31 18:47:11","2024-07-31 18:47:11","","60","0","0","0");
INSERT INTO attlog VALUES ("1792","124","2024-07-25","12:00:00","20:00:00","00:00:00","00:00:00","8","0","8.33","0","1","2024-07-31 18:47:11","2024-07-31 18:47:11","","60","0","0","0");
INSERT INTO attlog VALUES ("1793","124","2024-07-26","12:00:00","20:00:00","00:00:00","00:00:00","8","0","8.33","0","0","2024-07-31 18:47:11","2024-07-31 18:47:11","","60","0","0","0");
INSERT INTO attlog VALUES ("1794","124","2024-07-27","12:00:00","20:00:00","00:00:00","00:00:00","8","0","8.33","0","1","2024-07-31 18:47:11","2024-07-31 18:47:11","","60","0","0","0");
INSERT INTO attlog VALUES ("1795","124","2024-07-28","12:00:00","20:00:00","00:00:00","00:00:00","8","0","8.33","0","1","2024-07-31 18:47:11","2024-07-31 18:47:11","","60","0","0","0");
INSERT INTO attlog VALUES ("1796","124","2024-07-29","12:00:00","20:00:00","00:00:00","00:00:00","8","0","8.33","0","1","2024-07-31 18:47:11","2024-07-31 18:47:11","","60","0","0","0");
INSERT INTO attlog VALUES ("1797","124","2024-07-30","12:00:00","20:00:00","00:00:00","00:00:00","8","0","8.33","0","1","2024-07-31 18:47:11","2024-07-31 18:47:11","","60","0","0","0");
INSERT INTO attlog VALUES ("1798","125","2024-07-01","12:00:00","20:00:00","00:00:00","00:00:00","8","0","8.33","0","1","2024-07-31 18:47:11","2024-07-31 18:47:11","","61","0","0","0");
INSERT INTO attlog VALUES ("1799","125","2024-07-02","12:00:00","20:00:00","00:00:00","00:00:00","8","0","8.33","0","1","2024-07-31 18:47:11","2024-07-31 18:47:11","","61","0","0","0");
INSERT INTO attlog VALUES ("1800","125","2024-07-03","12:00:00","20:00:00","00:00:00","00:00:00","8","0","8.33","0","1","2024-07-31 18:47:11","2024-07-31 18:47:11","","61","0","0","0");
INSERT INTO attlog VALUES ("1801","125","2024-07-04","12:00:00","20:00:00","00:00:00","00:00:00","8","0","8.33","0","1","2024-07-31 18:47:11","2024-07-31 18:47:11","","61","0","0","0");
INSERT INTO attlog VALUES ("1802","125","2024-07-05","12:00:00","20:00:00","00:00:00","00:00:00","8","0","8.33","0","0","2024-07-31 18:47:11","2024-07-31 18:47:11","","61","0","0","0");
INSERT INTO attlog VALUES ("1803","125","2024-07-06","12:00:00","20:00:00","00:00:00","00:00:00","8","0","8.33","0","1","2024-07-31 18:47:11","2024-07-31 18:47:11","","61","0","0","0");
INSERT INTO attlog VALUES ("1804","125","2024-07-07","12:00:00","20:00:00","00:00:00","00:00:00","8","0","8.33","0","1","2024-07-31 18:47:11","2024-07-31 18:47:11","","61","0","0","0");
INSERT INTO attlog VALUES ("1805","125","2024-07-08","12:00:00","20:00:00","00:00:00","00:00:00","8","0","8.33","0","1","2024-07-31 18:47:11","2024-07-31 18:47:11","","61","0","0","0");
INSERT INTO attlog VALUES ("1806","125","2024-07-09","12:00:00","20:00:00","00:00:00","00:00:00","8","0","8.33","0","1","2024-07-31 18:47:11","2024-07-31 18:47:11","","61","0","0","0");
INSERT INTO attlog VALUES ("1807","125","2024-07-10","12:00:00","20:00:00","00:00:00","00:00:00","8","0","8.33","0","1","2024-07-31 18:47:11","2024-07-31 18:47:11","","61","0","0","0");
INSERT INTO attlog VALUES ("1808","125","2024-07-11","12:00:00","20:00:00","00:00:00","00:00:00","8","0","8.33","0","1","2024-07-31 18:47:11","2024-07-31 18:47:11","","61","0","0","0");
INSERT INTO attlog VALUES ("1809","125","2024-07-12","12:00:00","20:00:00","00:00:00","00:00:00","8","0","8.33","0","0","2024-07-31 18:47:11","2024-07-31 18:47:11","","61","0","0","0");
INSERT INTO attlog VALUES ("1810","125","2024-07-13","12:00:00","20:00:00","00:00:00","00:00:00","8","0","8.33","0","1","2024-07-31 18:47:11","2024-07-31 18:47:11","","61","0","0","0");
INSERT INTO attlog VALUES ("1811","125","2024-07-14","12:00:00","20:00:00","00:00:00","00:00:00","8","0","8.33","0","1","2024-07-31 18:47:11","2024-07-31 18:47:11","","61","0","0","0");
INSERT INTO attlog VALUES ("1812","125","2024-07-15","12:00:00","20:00:00","00:00:00","00:00:00","8","0","8.33","0","1","2024-07-31 18:47:11","2024-07-31 18:47:11","","61","0","0","0");
INSERT INTO attlog VALUES ("1813","125","2024-07-16","12:00:00","20:00:00","00:00:00","00:00:00","8","0","8.33","0","1","2024-07-31 18:47:11","2024-07-31 18:47:11","","61","0","0","0");
INSERT INTO attlog VALUES ("1814","125","2024-07-17","12:00:00","20:00:00","00:00:00","00:00:00","8","0","8.33","0","1","2024-07-31 18:47:11","2024-07-31 18:47:11","","61","0","0","0");
INSERT INTO attlog VALUES ("1815","125","2024-07-18","12:00:00","20:00:00","00:00:00","00:00:00","8","0","8.33","0","1","2024-07-31 18:47:11","2024-07-31 18:47:11","","61","0","0","0");
INSERT INTO attlog VALUES ("1816","125","2024-07-19","12:00:00","20:00:00","00:00:00","00:00:00","8","0","8.33","0","0","2024-07-31 18:47:11","2024-07-31 18:47:11","","61","0","0","0");
INSERT INTO attlog VALUES ("1817","125","2024-07-20","12:00:00","20:00:00","00:00:00","00:00:00","8","0","8.33","0","1","2024-07-31 18:47:11","2024-07-31 18:47:11","","61","0","0","0");
INSERT INTO attlog VALUES ("1818","125","2024-07-21","12:00:00","20:00:00","00:00:00","00:00:00","8","0","8.33","0","1","2024-07-31 18:47:11","2024-07-31 18:47:11","","61","0","0","0");
INSERT INTO attlog VALUES ("1819","125","2024-07-22","12:00:00","20:00:00","00:00:00","00:00:00","8","0","8.33","0","1","2024-07-31 18:47:11","2024-07-31 18:47:11","","61","0","0","0");
INSERT INTO attlog VALUES ("1820","125","2024-07-23","12:00:00","20:00:00","00:00:00","00:00:00","8","0","8.33","0","1","2024-07-31 18:47:11","2024-07-31 18:47:11","","61","0","0","0");
INSERT INTO attlog VALUES ("1821","125","2024-07-24","12:00:00","20:00:00","00:00:00","00:00:00","8","0","8.33","0","1","2024-07-31 18:47:11","2024-07-31 18:47:11","","61","0","0","0");
INSERT INTO attlog VALUES ("1822","125","2024-07-25","12:00:00","20:00:00","00:00:00","00:00:00","8","0","8.33","0","1","2024-07-31 18:47:11","2024-07-31 18:47:11","","61","0","0","0");
INSERT INTO attlog VALUES ("1823","125","2024-07-26","12:00:00","20:00:00","00:00:00","00:00:00","8","0","8.33","0","0","2024-07-31 18:47:11","2024-07-31 18:47:11","","61","0","0","0");
INSERT INTO attlog VALUES ("1824","125","2024-07-27","12:00:00","20:00:00","00:00:00","00:00:00","8","0","8.33","0","1","2024-07-31 18:47:11","2024-07-31 18:47:11","","61","0","0","0");
INSERT INTO attlog VALUES ("1825","125","2024-07-28","12:00:00","20:00:00","00:00:00","00:00:00","8","0","8.33","0","1","2024-07-31 18:47:11","2024-07-31 18:47:11","","61","0","0","0");
INSERT INTO attlog VALUES ("1826","125","2024-07-29","12:00:00","20:00:00","00:00:00","00:00:00","8","0","8.33","0","1","2024-07-31 18:47:11","2024-07-31 18:47:11","","61","0","0","0");
INSERT INTO attlog VALUES ("1827","125","2024-07-30","12:00:00","20:00:00","00:00:00","00:00:00","8","0","8.33","0","1","2024-07-31 18:47:11","2024-07-31 18:47:11","","61","0","0","0");
INSERT INTO attlog VALUES ("1828","126","2024-07-01","12:00:00","20:00:00","00:00:00","00:00:00","8","0","208.33","0","1","2024-07-31 18:47:11","2024-07-31 18:47:11","","62","0","0","0");
INSERT INTO attlog VALUES ("1829","126","2024-07-02","12:00:00","20:00:00","00:00:00","00:00:00","8","0","208.33","0","1","2024-07-31 18:47:11","2024-07-31 18:47:11","","62","0","0","0");
INSERT INTO attlog VALUES ("1830","126","2024-07-03","12:00:00","20:00:00","00:00:00","00:00:00","8","0","208.33","0","1","2024-07-31 18:47:11","2024-07-31 18:47:11","","62","0","0","0");
INSERT INTO attlog VALUES ("1831","126","2024-07-04","12:00:00","20:00:00","00:00:00","00:00:00","8","0","208.33","0","1","2024-07-31 18:47:11","2024-07-31 18:47:11","","62","0","0","0");
INSERT INTO attlog VALUES ("1832","126","2024-07-05","12:00:00","20:00:00","00:00:00","00:00:00","8","0","208.33","0","0","2024-07-31 18:47:11","2024-07-31 18:47:11","","62","0","0","0");
INSERT INTO attlog VALUES ("1833","126","2024-07-06","12:00:00","20:00:00","00:00:00","00:00:00","8","0","208.33","0","1","2024-07-31 18:47:11","2024-07-31 18:47:11","","62","0","0","0");
INSERT INTO attlog VALUES ("1834","126","2024-07-07","12:00:00","20:00:00","00:00:00","00:00:00","8","0","208.33","0","1","2024-07-31 18:47:11","2024-07-31 18:47:11","","62","0","0","0");
INSERT INTO attlog VALUES ("1835","126","2024-07-08","12:00:00","20:00:00","00:00:00","00:00:00","8","0","208.33","0","1","2024-07-31 18:47:11","2024-07-31 18:47:11","","62","0","0","0");
INSERT INTO attlog VALUES ("1836","126","2024-07-09","12:00:00","20:00:00","00:00:00","00:00:00","8","0","208.33","0","1","2024-07-31 18:47:11","2024-07-31 18:47:11","","62","0","0","0");
INSERT INTO attlog VALUES ("1837","126","2024-07-10","12:00:00","20:00:00","00:00:00","00:00:00","8","0","208.33","0","1","2024-07-31 18:47:11","2024-07-31 18:47:11","","62","0","0","0");
INSERT INTO attlog VALUES ("1838","126","2024-07-11","12:00:00","20:00:00","00:00:00","00:00:00","8","0","208.33","0","1","2024-07-31 18:47:11","2024-07-31 18:47:11","","62","0","0","0");
INSERT INTO attlog VALUES ("1839","126","2024-07-12","12:00:00","20:00:00","00:00:00","00:00:00","8","0","208.33","0","0","2024-07-31 18:47:11","2024-07-31 18:47:11","","62","0","0","0");
INSERT INTO attlog VALUES ("1840","126","2024-07-13","12:00:00","20:00:00","00:00:00","00:00:00","8","0","208.33","0","1","2024-07-31 18:47:11","2024-07-31 18:47:11","","62","0","0","0");
INSERT INTO attlog VALUES ("1841","126","2024-07-14","12:00:00","20:00:00","00:00:00","00:00:00","8","0","208.33","0","1","2024-07-31 18:47:11","2024-07-31 18:47:11","","62","0","0","0");
INSERT INTO attlog VALUES ("1842","126","2024-07-15","12:00:00","20:00:00","00:00:00","00:00:00","8","0","208.33","0","1","2024-07-31 18:47:11","2024-07-31 18:47:11","","62","0","0","0");
INSERT INTO attlog VALUES ("1843","126","2024-07-16","12:00:00","20:00:00","00:00:00","00:00:00","8","0","208.33","0","1","2024-07-31 18:47:11","2024-07-31 18:47:11","","62","0","0","0");
INSERT INTO attlog VALUES ("1844","126","2024-07-17","12:00:00","20:00:00","00:00:00","00:00:00","8","0","208.33","0","1","2024-07-31 18:47:11","2024-07-31 18:47:11","","62","0","0","0");
INSERT INTO attlog VALUES ("1845","126","2024-07-18","12:00:00","20:00:00","00:00:00","00:00:00","8","0","208.33","0","1","2024-07-31 18:47:11","2024-07-31 18:47:11","","62","0","0","0");
INSERT INTO attlog VALUES ("1846","126","2024-07-19","12:00:00","20:00:00","00:00:00","00:00:00","8","0","208.33","0","0","2024-07-31 18:47:11","2024-07-31 18:47:11","","62","0","0","0");
INSERT INTO attlog VALUES ("1847","126","2024-07-20","12:00:00","20:00:00","00:00:00","00:00:00","8","0","208.33","0","1","2024-07-31 18:47:11","2024-07-31 18:47:11","","62","0","0","0");
INSERT INTO attlog VALUES ("1848","126","2024-07-21","12:00:00","20:00:00","00:00:00","00:00:00","8","0","208.33","0","1","2024-07-31 18:47:11","2024-07-31 18:47:11","","62","0","0","0");
INSERT INTO attlog VALUES ("1849","126","2024-07-22","12:00:00","20:00:00","00:00:00","00:00:00","8","0","208.33","0","1","2024-07-31 18:47:11","2024-07-31 18:47:11","","62","0","0","0");
INSERT INTO attlog VALUES ("1850","126","2024-07-23","12:00:00","20:00:00","00:00:00","00:00:00","8","0","208.33","0","1","2024-07-31 18:47:11","2024-07-31 18:47:11","","62","0","0","0");
INSERT INTO attlog VALUES ("1851","126","2024-07-24","12:00:00","20:00:00","00:00:00","00:00:00","8","0","208.33","0","1","2024-07-31 18:47:11","2024-07-31 18:47:11","","62","0","0","0");
INSERT INTO attlog VALUES ("1852","126","2024-07-25","12:00:00","20:00:00","00:00:00","00:00:00","8","0","208.33","0","1","2024-07-31 18:47:11","2024-07-31 18:47:11","","62","0","0","0");
INSERT INTO attlog VALUES ("1853","126","2024-07-26","12:00:00","20:00:00","00:00:00","00:00:00","8","0","208.33","0","0","2024-07-31 18:47:11","2024-07-31 18:47:11","","62","0","0","0");
INSERT INTO attlog VALUES ("1854","126","2024-07-27","12:00:00","20:00:00","00:00:00","00:00:00","8","0","208.33","0","1","2024-07-31 18:47:11","2024-07-31 18:47:11","","62","0","0","0");
INSERT INTO attlog VALUES ("1855","126","2024-07-28","12:00:00","20:00:00","00:00:00","00:00:00","8","0","208.33","0","1","2024-07-31 18:47:11","2024-07-31 18:47:11","","62","0","0","0");
INSERT INTO attlog VALUES ("1856","126","2024-07-29","12:00:00","20:00:00","00:00:00","00:00:00","8","0","208.33","0","1","2024-07-31 18:47:11","2024-07-31 18:47:11","","62","0","0","0");
INSERT INTO attlog VALUES ("1857","126","2024-07-30","12:00:00","20:00:00","00:00:00","00:00:00","8","0","208.33","0","1","2024-07-31 18:47:11","2024-07-31 18:47:11","","62","0","0","0");
INSERT INTO attlog VALUES ("1858","129","2024-07-01","12:00:00","20:00:00","00:00:00","00:00:00","8","0","20.83","0","1","2024-07-31 18:47:11","2024-07-31 18:47:12","","63","0","0","0");
INSERT INTO attlog VALUES ("1859","129","2024-07-02","12:00:00","20:00:00","00:00:00","00:00:00","8","0","20.83","0","1","2024-07-31 18:47:11","2024-07-31 18:47:12","","63","0","0","0");
INSERT INTO attlog VALUES ("1860","129","2024-07-03","12:00:00","20:00:00","00:00:00","00:00:00","8","0","20.83","0","1","2024-07-31 18:47:11","2024-07-31 18:47:12","","63","0","0","0");
INSERT INTO attlog VALUES ("1861","129","2024-07-04","12:00:00","20:00:00","00:00:00","00:00:00","8","0","20.83","0","1","2024-07-31 18:47:11","2024-07-31 18:47:12","","63","0","0","0");
INSERT INTO attlog VALUES ("1862","129","2024-07-05","12:00:00","20:00:00","00:00:00","00:00:00","8","0","20.83","0","0","2024-07-31 18:47:11","2024-07-31 18:47:12","","63","0","0","0");
INSERT INTO attlog VALUES ("1863","129","2024-07-06","12:00:00","20:00:00","00:00:00","00:00:00","8","0","20.83","0","1","2024-07-31 18:47:11","2024-07-31 18:47:12","","63","0","0","0");
INSERT INTO attlog VALUES ("1864","129","2024-07-07","12:00:00","20:00:00","00:00:00","00:00:00","8","0","20.83","0","1","2024-07-31 18:47:11","2024-07-31 18:47:12","","63","0","0","0");
INSERT INTO attlog VALUES ("1865","129","2024-07-08","12:00:00","20:00:00","00:00:00","00:00:00","8","0","20.83","0","1","2024-07-31 18:47:11","2024-07-31 18:47:12","","63","0","0","0");
INSERT INTO attlog VALUES ("1866","129","2024-07-09","12:00:00","20:00:00","00:00:00","00:00:00","8","0","20.83","0","1","2024-07-31 18:47:11","2024-07-31 18:47:12","","63","0","0","0");
INSERT INTO attlog VALUES ("1867","129","2024-07-10","12:00:00","20:00:00","00:00:00","00:00:00","8","0","20.83","0","1","2024-07-31 18:47:12","2024-07-31 18:47:12","","63","0","0","0");
INSERT INTO attlog VALUES ("1868","129","2024-07-11","12:00:00","20:00:00","00:00:00","00:00:00","8","0","20.83","0","1","2024-07-31 18:47:12","2024-07-31 18:47:12","","63","0","0","0");
INSERT INTO attlog VALUES ("1869","129","2024-07-12","12:00:00","20:00:00","00:00:00","00:00:00","8","0","20.83","0","0","2024-07-31 18:47:12","2024-07-31 18:47:12","","63","0","0","0");
INSERT INTO attlog VALUES ("1870","129","2024-07-13","12:00:00","20:00:00","00:00:00","00:00:00","8","0","20.83","0","1","2024-07-31 18:47:12","2024-07-31 18:47:12","","63","0","0","0");
INSERT INTO attlog VALUES ("1871","129","2024-07-14","12:00:00","20:00:00","00:00:00","00:00:00","8","0","20.83","0","1","2024-07-31 18:47:12","2024-07-31 18:47:12","","63","0","0","0");
INSERT INTO attlog VALUES ("1872","129","2024-07-15","12:00:00","20:00:00","00:00:00","00:00:00","8","0","20.83","0","1","2024-07-31 18:47:12","2024-07-31 18:47:12","","63","0","0","0");
INSERT INTO attlog VALUES ("1873","129","2024-07-16","12:00:00","20:00:00","00:00:00","00:00:00","8","0","20.83","0","1","2024-07-31 18:47:12","2024-07-31 18:47:12","","63","0","0","0");
INSERT INTO attlog VALUES ("1874","129","2024-07-17","12:00:00","20:00:00","00:00:00","00:00:00","8","0","20.83","0","1","2024-07-31 18:47:12","2024-07-31 18:47:12","","63","0","0","0");
INSERT INTO attlog VALUES ("1875","129","2024-07-18","12:00:00","20:00:00","00:00:00","00:00:00","8","0","20.83","0","1","2024-07-31 18:47:12","2024-07-31 18:47:12","","63","0","0","0");
INSERT INTO attlog VALUES ("1876","129","2024-07-19","12:00:00","20:00:00","00:00:00","00:00:00","8","0","20.83","0","0","2024-07-31 18:47:12","2024-07-31 18:47:12","","63","0","0","0");
INSERT INTO attlog VALUES ("1877","129","2024-07-20","12:00:00","20:00:00","00:00:00","00:00:00","8","0","20.83","0","1","2024-07-31 18:47:12","2024-07-31 18:47:12","","63","0","0","0");
INSERT INTO attlog VALUES ("1878","129","2024-07-21","12:00:00","20:00:00","00:00:00","00:00:00","8","0","20.83","0","1","2024-07-31 18:47:12","2024-07-31 18:47:12","","63","0","0","0");
INSERT INTO attlog VALUES ("1879","129","2024-07-22","12:00:00","20:00:00","00:00:00","00:00:00","8","0","20.83","0","1","2024-07-31 18:47:12","2024-07-31 18:47:12","","63","0","0","0");
INSERT INTO attlog VALUES ("1880","129","2024-07-23","12:00:00","20:00:00","00:00:00","00:00:00","8","0","20.83","0","1","2024-07-31 18:47:12","2024-07-31 18:47:12","","63","0","0","0");
INSERT INTO attlog VALUES ("1881","129","2024-07-24","12:00:00","20:00:00","00:00:00","00:00:00","8","0","20.83","0","1","2024-07-31 18:47:12","2024-07-31 18:47:12","","63","0","0","0");
INSERT INTO attlog VALUES ("1882","129","2024-07-25","12:00:00","20:00:00","00:00:00","00:00:00","8","0","20.83","0","1","2024-07-31 18:47:12","2024-07-31 18:47:12","","63","0","0","0");
INSERT INTO attlog VALUES ("1883","129","2024-07-26","12:00:00","20:00:00","00:00:00","00:00:00","8","0","20.83","0","0","2024-07-31 18:47:12","2024-07-31 18:47:12","","63","0","0","0");
INSERT INTO attlog VALUES ("1884","129","2024-07-27","12:00:00","20:00:00","00:00:00","00:00:00","8","0","20.83","0","1","2024-07-31 18:47:12","2024-07-31 18:47:12","","63","0","0","0");
INSERT INTO attlog VALUES ("1885","129","2024-07-28","12:00:00","20:00:00","00:00:00","00:00:00","8","0","20.83","0","1","2024-07-31 18:47:12","2024-07-31 18:47:12","","63","0","0","0");
INSERT INTO attlog VALUES ("1886","129","2024-07-29","12:00:00","20:00:00","00:00:00","00:00:00","8","0","20.83","0","1","2024-07-31 18:47:12","2024-07-31 18:47:12","","63","0","0","0");
INSERT INTO attlog VALUES ("1887","129","2024-07-30","12:00:00","20:00:00","00:00:00","00:00:00","8","0","20.83","0","1","2024-07-31 18:47:12","2024-07-31 18:47:12","","63","0","0","0");
INSERT INTO attlog VALUES ("1888","130","2024-07-01","12:00:00","20:00:00","00:00:00","00:00:00","8","0","0","0","1","2024-07-31 18:47:12","2024-07-31 18:47:12","","64","0","0","0");
INSERT INTO attlog VALUES ("1889","130","2024-07-02","12:00:00","20:00:00","00:00:00","00:00:00","8","0","0","0","1","2024-07-31 18:47:12","2024-07-31 18:47:12","","64","0","0","0");
INSERT INTO attlog VALUES ("1890","130","2024-07-03","12:00:00","20:00:00","00:00:00","00:00:00","8","0","0","0","1","2024-07-31 18:47:12","2024-07-31 18:47:12","","64","0","0","0");
INSERT INTO attlog VALUES ("1891","130","2024-07-04","12:00:00","20:00:00","00:00:00","00:00:00","8","0","0","0","1","2024-07-31 18:47:12","2024-07-31 18:47:12","","64","0","0","0");
INSERT INTO attlog VALUES ("1892","130","2024-07-05","12:00:00","20:00:00","00:00:00","00:00:00","8","0","0","0","0","2024-07-31 18:47:12","2024-07-31 18:47:12","","64","0","0","0");
INSERT INTO attlog VALUES ("1893","130","2024-07-06","12:00:00","20:00:00","00:00:00","00:00:00","8","0","0","0","1","2024-07-31 18:47:12","2024-07-31 18:47:12","","64","0","0","0");
INSERT INTO attlog VALUES ("1894","130","2024-07-07","12:00:00","20:00:00","00:00:00","00:00:00","8","0","0","0","1","2024-07-31 18:47:12","2024-07-31 18:47:12","","64","0","0","0");
INSERT INTO attlog VALUES ("1895","130","2024-07-08","12:00:00","20:00:00","00:00:00","00:00:00","8","0","0","0","1","2024-07-31 18:47:12","2024-07-31 18:47:12","","64","0","0","0");
INSERT INTO attlog VALUES ("1896","130","2024-07-09","12:00:00","20:00:00","00:00:00","00:00:00","8","0","0","0","1","2024-07-31 18:47:12","2024-07-31 18:47:12","","64","0","0","0");
INSERT INTO attlog VALUES ("1897","130","2024-07-10","12:00:00","20:00:00","00:00:00","00:00:00","8","0","0","0","1","2024-07-31 18:47:12","2024-07-31 18:47:12","","64","0","0","0");
INSERT INTO attlog VALUES ("1898","130","2024-07-11","12:00:00","20:00:00","00:00:00","00:00:00","8","0","0","0","1","2024-07-31 18:47:12","2024-07-31 18:47:12","","64","0","0","0");
INSERT INTO attlog VALUES ("1899","130","2024-07-12","12:00:00","20:00:00","00:00:00","00:00:00","8","0","0","0","0","2024-07-31 18:47:12","2024-07-31 18:47:12","","64","0","0","0");
INSERT INTO attlog VALUES ("1900","130","2024-07-13","12:00:00","20:00:00","00:00:00","00:00:00","8","0","0","0","1","2024-07-31 18:47:12","2024-07-31 18:47:12","","64","0","0","0");
INSERT INTO attlog VALUES ("1901","130","2024-07-14","12:00:00","20:00:00","00:00:00","00:00:00","8","0","0","0","1","2024-07-31 18:47:12","2024-07-31 18:47:12","","64","0","0","0");
INSERT INTO attlog VALUES ("1902","130","2024-07-15","12:00:00","20:00:00","00:00:00","00:00:00","8","0","0","0","1","2024-07-31 18:47:12","2024-07-31 18:47:12","","64","0","0","0");
INSERT INTO attlog VALUES ("1903","130","2024-07-16","12:00:00","20:00:00","00:00:00","00:00:00","8","0","0","0","1","2024-07-31 18:47:12","2024-07-31 18:47:12","","64","0","0","0");
INSERT INTO attlog VALUES ("1904","130","2024-07-17","12:00:00","20:00:00","00:00:00","00:00:00","8","0","0","0","1","2024-07-31 18:47:12","2024-07-31 18:47:12","","64","0","0","0");
INSERT INTO attlog VALUES ("1905","130","2024-07-18","12:00:00","20:00:00","00:00:00","00:00:00","8","0","0","0","1","2024-07-31 18:47:12","2024-07-31 18:47:12","","64","0","0","0");
INSERT INTO attlog VALUES ("1906","130","2024-07-19","12:00:00","20:00:00","00:00:00","00:00:00","8","0","0","0","0","2024-07-31 18:47:12","2024-07-31 18:47:12","","64","0","0","0");
INSERT INTO attlog VALUES ("1907","130","2024-07-20","12:00:00","20:00:00","00:00:00","00:00:00","8","0","0","0","1","2024-07-31 18:47:12","2024-07-31 18:47:12","","64","0","0","0");
INSERT INTO attlog VALUES ("1908","130","2024-07-21","12:00:00","20:00:00","00:00:00","00:00:00","8","0","0","0","1","2024-07-31 18:47:12","2024-07-31 18:47:12","","64","0","0","0");
INSERT INTO attlog VALUES ("1909","130","2024-07-22","12:00:00","20:00:00","00:00:00","00:00:00","8","0","0","0","1","2024-07-31 18:47:12","2024-07-31 18:47:12","","64","0","0","0");
INSERT INTO attlog VALUES ("1910","130","2024-07-23","12:00:00","20:00:00","00:00:00","00:00:00","8","0","0","0","1","2024-07-31 18:47:12","2024-07-31 18:47:12","","64","0","0","0");
INSERT INTO attlog VALUES ("1911","130","2024-07-24","12:00:00","20:00:00","00:00:00","00:00:00","8","0","0","0","1","2024-07-31 18:47:12","2024-07-31 18:47:12","","64","0","0","0");
INSERT INTO attlog VALUES ("1912","130","2024-07-25","12:00:00","20:00:00","00:00:00","00:00:00","8","0","0","0","1","2024-07-31 18:47:12","2024-07-31 18:47:12","","64","0","0","0");
INSERT INTO attlog VALUES ("1913","130","2024-07-26","12:00:00","20:00:00","00:00:00","00:00:00","8","0","0","0","0","2024-07-31 18:47:12","2024-07-31 18:47:12","","64","0","0","0");
INSERT INTO attlog VALUES ("1914","130","2024-07-27","12:00:00","20:00:00","00:00:00","00:00:00","8","0","0","0","1","2024-07-31 18:47:12","2024-07-31 18:47:12","","64","0","0","0");
INSERT INTO attlog VALUES ("1915","130","2024-07-28","12:00:00","20:00:00","00:00:00","00:00:00","8","0","0","0","1","2024-07-31 18:47:12","2024-07-31 18:47:12","","64","0","0","0");
INSERT INTO attlog VALUES ("1916","130","2024-07-29","12:00:00","20:00:00","00:00:00","00:00:00","8","0","0","0","1","2024-07-31 18:47:12","2024-07-31 18:47:12","","64","0","0","0");
INSERT INTO attlog VALUES ("1917","130","2024-07-30","12:00:00","20:00:00","00:00:00","00:00:00","8","0","0","0","1","2024-07-31 18:47:12","2024-07-31 18:47:12","","64","0","0","0");
INSERT INTO attlog VALUES ("1918","135","2024-07-01","12:00:00","22:00:00","12:21:00","22:18:00","10","9.95","10","99","2","2024-07-31 18:47:12","2024-07-31 18:47:12","","65","0","0","0");
INSERT INTO attlog VALUES ("1919","135","2024-07-02","12:00:00","22:00:00","12:27:00","22:00:00","10","9.55","10","95","2","2024-07-31 18:47:12","2024-07-31 18:47:12","","65","0","0","0");
INSERT INTO attlog VALUES ("1920","135","2024-07-03","12:00:00","22:00:00","12:24:00","23:02:00","10","10.63","10","106","2","2024-07-31 18:47:12","2024-07-31 18:47:12","","65","0","0","0");
INSERT INTO attlog VALUES ("1921","135","2024-07-04","12:00:00","22:00:00","12:25:00","22:00:00","10","9.58","10","95","2","2024-07-31 18:47:12","2024-07-31 18:47:12","","65","0","0","0");
INSERT INTO attlog VALUES ("1922","135","2024-07-05","12:00:00","22:00:00","00:00:00","00:00:00","10","0","10","0","0","2024-07-31 18:47:12","2024-07-31 18:47:12","","65","0","0","0");
INSERT INTO attlog VALUES ("1923","135","2024-07-06","12:00:00","22:00:00","12:26:00","22:11:00","10","9.75","10","97","2","2024-07-31 18:47:12","2024-07-31 18:47:12","","65","0","0","0");
INSERT INTO attlog VALUES ("1924","135","2024-07-07","12:00:00","22:00:00","12:27:00","23:58:00","10","11.52","10","115","2","2024-07-31 18:47:12","2024-07-31 18:47:12","","65","0","0","0");
INSERT INTO attlog VALUES ("1925","135","2024-07-08","12:00:00","22:00:00","12:28:00","22:11:00","10","9.72","10","97","2","2024-07-31 18:47:12","2024-07-31 18:47:12","","65","0","0","0");
INSERT INTO attlog VALUES ("1926","135","2024-07-09","12:00:00","22:00:00","12:32:00","22:52:00","10","10.33","10","103","2","2024-07-31 18:47:12","2024-07-31 18:47:12","","65","0","0","0");
INSERT INTO attlog VALUES ("1927","135","2024-07-10","12:00:00","22:00:00","12:30:00","22:15:00","10","9.75","10","97","2","2024-07-31 18:47:12","2024-07-31 18:47:12","","65","0","0","0");
INSERT INTO attlog VALUES ("1928","135","2024-07-11","12:00:00","22:00:00","12:30:00","22:15:00","10","9.75","10","97","2","2024-07-31 18:47:12","2024-07-31 18:47:12","","65","0","0","0");
INSERT INTO attlog VALUES ("1929","135","2024-07-12","12:00:00","22:00:00","00:00:00","00:00:00","10","0","10","0","0","2024-07-31 18:47:12","2024-07-31 18:47:12","","65","0","0","0");
INSERT INTO attlog VALUES ("1930","135","2024-07-13","12:00:00","22:00:00","12:36:00","22:11:00","10","9.58","10","95","2","2024-07-31 18:47:12","2024-07-31 18:47:12","","65","0","0","0");
INSERT INTO attlog VALUES ("1931","135","2024-07-14","12:00:00","22:00:00","12:34:00","22:17:00","10","9.72","10","97","2","2024-07-31 18:47:12","2024-07-31 18:47:12","","65","0","0","0");
INSERT INTO attlog VALUES ("1932","135","2024-07-15","12:00:00","22:00:00","13:57:00","22:17:00","10","8.33","10","83","2","2024-07-31 18:47:12","2024-07-31 18:47:12","","65","0","0","0");
INSERT INTO attlog VALUES ("1933","135","2024-07-16","12:00:00","22:00:00","12:26:00","22:14:00","10","9.8","10","98","2","2024-07-31 18:47:12","2024-07-31 18:47:12","","65","0","0","0");
INSERT INTO attlog VALUES ("1934","135","2024-07-17","12:00:00","22:00:00","12:46:00","22:15:00","10","9.48","10","94","2","2024-07-31 18:47:12","2024-07-31 18:47:12","","65","0","0","0");
INSERT INTO attlog VALUES ("1935","135","2024-07-18","12:00:00","22:00:00","12:30:00","22:13:00","10","9.72","10","97","2","2024-07-31 18:47:12","2024-07-31 18:47:12","","65","0","0","0");
INSERT INTO attlog VALUES ("1936","135","2024-07-19","12:00:00","22:00:00","00:00:00","00:00:00","10","0","10","0","0","2024-07-31 18:47:12","2024-07-31 18:47:12","","65","0","0","0");
INSERT INTO attlog VALUES ("1937","135","2024-07-20","12:00:00","22:00:00","12:37:00","21:58:00","10","9.35","10","93","2","2024-07-31 18:47:12","2024-07-31 18:47:12","","65","0","0","0");
INSERT INTO attlog VALUES ("1938","135","2024-07-21","12:00:00","22:00:00","12:34:00","22:15:00","10","9.68","10","96","2","2024-07-31 18:47:12","2024-07-31 18:47:12","","65","0","0","0");
INSERT INTO attlog VALUES ("1939","135","2024-07-22","12:00:00","22:00:00","12:30:00","22:00:00","10","9.5","10","95","2","2024-07-31 18:47:12","2024-07-31 18:47:12","","65","0","0","0");
INSERT INTO attlog VALUES ("1940","135","2024-07-23","12:00:00","22:00:00","12:25:00","22:00:00","10","9.58","10","95","2","2024-07-31 18:47:12","2024-07-31 18:47:12","","65","0","0","0");
INSERT INTO attlog VALUES ("1941","135","2024-07-24","12:00:00","22:00:00","12:37:00","22:17:00","10","9.67","10","96","2","2024-07-31 18:47:12","2024-07-31 18:47:12","","65","0","0","0");
INSERT INTO attlog VALUES ("1942","135","2024-07-25","12:00:00","22:00:00","12:27:00","22:07:00","10","9.67","10","96","2","2024-07-31 18:47:12","2024-07-31 18:47:12","","65","0","0","0");
INSERT INTO attlog VALUES ("1943","135","2024-07-26","12:00:00","22:00:00","00:00:00","00:00:00","10","0","10","0","0","2024-07-31 18:47:12","2024-07-31 18:47:12","","65","0","0","0");
INSERT INTO attlog VALUES ("1944","135","2024-07-27","12:00:00","22:00:00","12:21:00","22:16:00","10","9.92","10","99","2","2024-07-31 18:47:12","2024-07-31 18:47:12","","65","0","0","0");
INSERT INTO attlog VALUES ("1945","135","2024-07-28","12:00:00","22:00:00","12:20:00","22:19:00","10","9.98","10","99","2","2024-07-31 18:47:12","2024-07-31 18:47:12","","65","0","0","0");
INSERT INTO attlog VALUES ("1946","135","2024-07-29","12:00:00","22:00:00","12:31:00","22:16:00","10","9.75","10","97","2","2024-07-31 18:47:12","2024-07-31 18:47:12","","65","0","0","0");
INSERT INTO attlog VALUES ("1947","135","2024-07-30","12:00:00","22:00:00","12:30:00","22:19:00","10","9.82","10","98","2","2024-07-31 18:47:12","2024-07-31 18:47:12","","65","0","0","0");



DROP TABLE barcodes;

CREATE TABLE `barcodes` (
  `id` int(11) NOT NULL,
  `item_id` int(11) NOT NULL,
  `barcode` varchar(25) NOT NULL,
  `isdeleted` tinyint(1) DEFAULT 0,
  `tenant` int(11) DEFAULT 0,
  `branch` int(11) DEFAULT 0,
  PRIMARY KEY (`id`),
  UNIQUE KEY `barcode` (`barcode`)
) ENGINE=InnoDB DEFAULT CHARSET=utf8mb4 COLLATE=utf8mb4_general_ci;




DROP TABLE calls;

CREATE TABLE `calls` (
  `id` int(11) NOT NULL AUTO_INCREMENT,
  `subject` varchar(100) NOT NULL,
  `call_type` int(1) NOT NULL DEFAULT 1,
  `call_date` date NOT NULL DEFAULT current_timestamp(),
  `call_time` time NOT NULL DEFAULT current_timestamp(),
  `duration` varchar(100) DEFAULT NULL,
  `client_id` int(11) NOT NULL DEFAULT 1,
  `emp_comment` varchar(250) DEFAULT NULL,
  `content` text DEFAULT NULL,
  `next_date` date NOT NULL DEFAULT current_timestamp(),
  `next_time` time NOT NULL DEFAULT current_timestamp(),
  `mod_comment` varchar(250) DEFAULT NULL,
  `mod_rate` int(1) NOT NULL DEFAULT 5,
  `user_id` int(11) NOT NULL DEFAULT 1,
  `crtime` timestamp NOT NULL DEFAULT current_timestamp(),
  `mdtime` timestamp NOT NULL DEFAULT current_timestamp() ON UPDATE current_timestamp(),
  `isdeleted` tinyint(1) DEFAULT 0,
  `tenant` int(11) DEFAULT 0,
  `branch` int(11) DEFAULT 0,
  PRIMARY KEY (`id`)
) ENGINE=InnoDB DEFAULT CHARSET=utf8mb4 COLLATE=utf8mb4_general_ci;




DROP TABLE cases;

CREATE TABLE `cases` (
  `id` int(1) NOT NULL AUTO_INCREMENT,
  `cname` varchar(50) NOT NULL,
  `info` varchar(100) DEFAULT NULL,
  `crtime` timestamp NOT NULL DEFAULT current_timestamp(),
  `isdeleted` tinyint(1) DEFAULT 0,
  `tenant` int(11) DEFAULT 0,
  `branch` int(11) DEFAULT 0,
  PRIMARY KEY (`id`)
) ENGINE=InnoDB DEFAULT CHARSET=utf8mb4 COLLATE=utf8mb4_general_ci;




DROP TABLE chances;

CREATE TABLE `chances` (
  `id` int(1) NOT NULL AUTO_INCREMENT,
  `client` varchar(50) DEFAULT NULL,
  `cname` varchar(50) NOT NULL,
  `phone` varchar(20) DEFAULT NULL,
  `cdate` date DEFAULT NULL,
  `important` int(1) DEFAULT NULL,
  `expected` double NOT NULL DEFAULT 0,
  `tybe` int(1) NOT NULL DEFAULT 1,
  `crtime` timestamp NOT NULL DEFAULT current_timestamp(),
  `mdtime` timestamp NOT NULL DEFAULT current_timestamp() ON UPDATE current_timestamp(),
  `isdeleted` tinyint(1) DEFAULT 0,
  `tenant` int(11) DEFAULT 0,
  `branch` int(11) DEFAULT 0,
  PRIMARY KEY (`id`)
) ENGINE=InnoDB DEFAULT CHARSET=utf8mb4 COLLATE=utf8mb4_general_ci;




DROP TABLE chances_tybes;

CREATE TABLE `chances_tybes` (
  `id` int(1) NOT NULL AUTO_INCREMENT,
  `cname` varchar(50) NOT NULL,
  `info` varchar(50) DEFAULT NULL,
  `crtime` timestamp NOT NULL DEFAULT current_timestamp() ON UPDATE current_timestamp(),
  `isdeleted` tinyint(1) DEFAULT 0,
  `tenant` int(11) DEFAULT 0,
  `branch` int(11) DEFAULT 0,
  PRIMARY KEY (`id`),
  UNIQUE KEY `cname` (`cname`)
) ENGINE=InnoDB AUTO_INCREMENT=6 DEFAULT CHARSET=utf8mb4 COLLATE=utf8mb4_general_ci;

INSERT INTO chances_tybes VALUES ("1","جديد","","2023-11-28 03:20:13","0","0","0");
INSERT INTO chances_tybes VALUES ("2","تم الاتفاق","","2023-11-28 03:27:21","0","0","0");
INSERT INTO chances_tybes VALUES ("3","دفع عربون","","2023-11-28 03:27:21","0","0","0");
INSERT INTO chances_tybes VALUES ("4","صفقه تامه","","2023-11-28 03:27:42","0","0","0");



DROP TABLE cities;

CREATE TABLE `cities` (
  `id` int(1) NOT NULL AUTO_INCREMENT,
  `cname` varchar(150) NOT NULL,
  `info` varchar(150) DEFAULT NULL,
  `crtime` timestamp NOT NULL DEFAULT current_timestamp(),
  `mdtime` timestamp NOT NULL DEFAULT current_timestamp() ON UPDATE current_timestamp(),
  `user` int(1) NOT NULL DEFAULT 1,
  `isdeleted` tinyint(1) DEFAULT 0,
  `tenant` int(11) DEFAULT 0,
  `branch` int(11) DEFAULT 0,
  PRIMARY KEY (`id`),
  UNIQUE KEY `cname` (`cname`)
) ENGINE=InnoDB DEFAULT CHARSET=utf8mb4 COLLATE=utf8mb4_general_ci;




DROP TABLE clients;

CREATE TABLE `clients` (
  `id` int(1) NOT NULL AUTO_INCREMENT,
  `name` varchar(100) NOT NULL,
  `phone` varchar(20) DEFAULT NULL,
  `phone2` varchar(150) DEFAULT NULL,
  `address` varchar(250) DEFAULT NULL,
  `address2` varchar(150) DEFAULT NULL,
  `address3` varchar(150) DEFAULT NULL,
  `city` int(11) DEFAULT NULL,
  `height` double DEFAULT NULL,
  `weight` double DEFAULT NULL,
  `dateofbirth` date DEFAULT NULL,
  `ref` varchar(20) DEFAULT NULL,
  `diseses` varchar(200) DEFAULT NULL,
  `info` varchar(200) DEFAULT NULL,
  `crtime` timestamp NOT NULL DEFAULT current_timestamp(),
  `mdtime` timestamp NOT NULL DEFAULT current_timestamp() ON UPDATE current_timestamp(),
  `imgs` varchar(250) DEFAULT NULL,
  `jop` varchar(50) DEFAULT NULL,
  `gender` int(1) DEFAULT NULL,
  `drugs` varchar(250) DEFAULT NULL,
  `seriousdes` varchar(250) DEFAULT NULL,
  `familydes` varchar(250) DEFAULT NULL,
  `allergy` varchar(250) DEFAULT NULL,
  `temp` varchar(9) DEFAULT NULL,
  `pressure` varchar(9) DEFAULT NULL,
  `diabetes` varchar(9) DEFAULT NULL,
  `brate` varchar(9) DEFAULT NULL,
  `isdeleted` tinyint(1) DEFAULT 0,
  `tenant` int(11) DEFAULT 0,
  `branch` int(11) DEFAULT 0,
  PRIMARY KEY (`id`),
  UNIQUE KEY `name` (`name`)
) ENGINE=InnoDB AUTO_INCREMENT=8 DEFAULT CHARSET=utf8mb4 COLLATE=utf8mb4_general_ci;




DROP TABLE cost_centers;

CREATE TABLE `cost_centers` (
  `id` int(11) NOT NULL AUTO_INCREMENT,
  `cname` varchar(100) NOT NULL,
  `info` varchar(200) DEFAULT NULL,
  `crtime` timestamp NOT NULL DEFAULT current_timestamp() ON UPDATE current_timestamp(),
  `mdtime` timestamp NOT NULL DEFAULT current_timestamp() ON UPDATE current_timestamp(),
  `isdeleted` tinyint(1) DEFAULT 0,
  `tenant` int(11) DEFAULT 0,
  `branch` int(11) DEFAULT 0,
  PRIMARY KEY (`id`),
  UNIQUE KEY `cname` (`cname`)
) ENGINE=InnoDB AUTO_INCREMENT=2 DEFAULT CHARSET=utf8mb4 COLLATE=utf8mb4_general_ci;

INSERT INTO cost_centers VALUES ("1","المركز الافتراضي","","2024-01-19 03:17:02","2024-01-19 03:17:02","0","0","0");



DROP TABLE criminals;

CREATE TABLE `criminals` (
  `id` int(11) NOT NULL AUTO_INCREMENT,
  `cname` varchar(200) NOT NULL,
  `nickname` varchar(200) NOT NULL,
  `dateofbirth` date DEFAULT NULL,
  `jop` varchar(200) NOT NULL,
  `station` varchar(111) DEFAULT NULL,
  `mname` varchar(200) NOT NULL,
  `crmaddress` varchar(200) NOT NULL,
  `idcardnum` varchar(200) NOT NULL,
  `scar` int(11) NOT NULL,
  `otherdetails` varchar(200) NOT NULL,
  `prtnrs` varchar(200) NOT NULL,
  `crmstyle` int(11) DEFAULT NULL,
  `dngrs` int(11) DEFAULT NULL,
  `fesh` int(11) DEFAULT NULL,
  `karta` int(11) DEFAULT NULL,
  `entry` int(11) DEFAULT NULL,
  `crtime` timestamp NOT NULL DEFAULT current_timestamp(),
  `mdtime` timestamp NULL DEFAULT current_timestamp(),
  `isdeleted` tinyint(1) DEFAULT 0,
  `tenant` int(11) DEFAULT 0,
  `branch` int(11) DEFAULT 0,
  PRIMARY KEY (`id`)
) ENGINE=InnoDB DEFAULT CHARSET=utf8mb4 COLLATE=utf8mb4_general_ci;




DROP TABLE crm_style;

CREATE TABLE `crm_style` (
  `id` int(11) NOT NULL,
  `cname` varchar(200) NOT NULL,
  `info` varchar(200) DEFAULT NULL,
  `crtime` timestamp NOT NULL DEFAULT current_timestamp(),
  `mdtime` timestamp NULL DEFAULT current_timestamp(),
  `isdeleted` tinyint(1) DEFAULT 0,
  `tenant` int(11) DEFAULT 0,
  `branch` int(11) DEFAULT 0
) ENGINE=InnoDB DEFAULT CHARSET=utf8mb4 COLLATE=utf8mb4_general_ci;




DROP TABLE ctp;

CREATE TABLE `ctp` (
  `id` int(1) NOT NULL AUTO_INCREMENT,
  `cname` varchar(50) NOT NULL,
  `type` varchar(100) DEFAULT NULL,
  `number` varchar(100) DEFAULT NULL,
  `info` varchar(100) DEFAULT NULL,
  `crtime` timestamp NOT NULL DEFAULT current_timestamp(),
  `isdeleted` tinyint(1) DEFAULT 0,
  `tenant` int(11) DEFAULT 0,
  `branch` int(11) DEFAULT 0,
  PRIMARY KEY (`id`)
) ENGINE=InnoDB DEFAULT CHARSET=utf8mb4 COLLATE=utf8mb4_general_ci;




DROP TABLE cvs;

CREATE TABLE `cvs` (
  `id` int(1) NOT NULL AUTO_INCREMENT,
  `userid` int(1) NOT NULL,
  `crtime` timestamp NOT NULL DEFAULT current_timestamp(),
  `mdtime` timestamp NOT NULL DEFAULT current_timestamp() ON UPDATE current_timestamp(),
  `name` varchar(50) NOT NULL,
  `degree` varchar(50) DEFAULT NULL,
  `address` varchar(100) DEFAULT NULL,
  `birthdate` date DEFAULT NULL,
  `phone` varchar(20) DEFAULT NULL,
  `email` varchar(50) NOT NULL,
  `skills` text DEFAULT NULL,
  `exp1` varchar(250) DEFAULT NULL,
  `exp2` varchar(250) DEFAULT NULL,
  `exp3` varchar(250) DEFAULT NULL,
  `lastsalary` double NOT NULL,
  `expsalary` double NOT NULL,
  `referances` text DEFAULT NULL,
  `isdeleted` tinyint(1) DEFAULT 0,
  `tenant` int(11) DEFAULT 0,
  `branch` int(11) DEFAULT 0,
  PRIMARY KEY (`id`,`email`),
  UNIQUE KEY `email` (`email`)
) ENGINE=InnoDB DEFAULT CHARSET=utf8mb4 COLLATE=utf8mb4_general_ci;




DROP TABLE departments;

CREATE TABLE `departments` (
  `id` int(1) NOT NULL AUTO_INCREMENT,
  `name` varchar(50) NOT NULL,
  `info` varchar(250) DEFAULT NULL,
  `crtime` timestamp NOT NULL DEFAULT current_timestamp() ON UPDATE current_timestamp(),
  `isdeleted` tinyint(1) DEFAULT 0,
  `tenant` int(11) DEFAULT 0,
  `branch` int(11) DEFAULT 0,
  PRIMARY KEY (`id`)
) ENGINE=InnoDB AUTO_INCREMENT=8 DEFAULT CHARSET=utf8mb4 COLLATE=utf8mb4_general_ci;

INSERT INTO departments VALUES ("5","عام","","2024-07-19 02:08:07","","0","0");
INSERT INTO departments VALUES ("6","الدعم الفني","","2024-07-31 02:29:04","0","0","0");
INSERT INTO departments VALUES ("7","المبيعات","","2024-07-31 02:29:15","0","0","0");



DROP TABLE drugs;

CREATE TABLE `drugs` (
  `id` int(11) NOT NULL AUTO_INCREMENT,
  `name` varchar(40) NOT NULL,
  `purpose` varchar(200) DEFAULT NULL,
  `effectivematerial` varchar(200) DEFAULT NULL,
  `sideeffects` text DEFAULT NULL,
  `info` varchar(250) DEFAULT NULL,
  `crtime` timestamp NOT NULL DEFAULT current_timestamp(),
  `mdtime` timestamp NOT NULL DEFAULT current_timestamp() ON UPDATE current_timestamp(),
  `user` int(11) NOT NULL DEFAULT 1,
  `isdeleted` tinyint(1) DEFAULT 0,
  `tenant` int(11) DEFAULT 0,
  `branch` int(11) DEFAULT 0,
  PRIMARY KEY (`id`)
) ENGINE=InnoDB AUTO_INCREMENT=2 DEFAULT CHARSET=utf8mb4 COLLATE=utf8mb4_general_ci;




DROP TABLE emp_allowences;

CREATE TABLE `emp_allowences` (
  `id` int(11) NOT NULL AUTO_INCREMENT,
  `empid` int(1) NOT NULL,
  `allowid` int(1) NOT NULL,
  `value` double NOT NULL,
  `info` int(1) DEFAULT NULL,
  `crtime` timestamp NOT NULL DEFAULT current_timestamp(),
  `mdtime` timestamp NOT NULL DEFAULT current_timestamp() ON UPDATE current_timestamp(),
  `isdeleted` tinyint(1) DEFAULT 0,
  `tenant` int(11) DEFAULT 0,
  `branch` int(11) DEFAULT 0,
  PRIMARY KEY (`id`)
) ENGINE=InnoDB DEFAULT CHARSET=utf8mb4 COLLATE=utf8mb4_general_ci;




DROP TABLE emplog;

CREATE TABLE `emplog` (
  `id` int(1) NOT NULL AUTO_INCREMENT,
  `employee` int(1) NOT NULL,
  `date` date NOT NULL,
  `chkin` time DEFAULT NULL,
  `chkout` time DEFAULT NULL,
  `addin` time DEFAULT NULL,
  `addout` time DEFAULT NULL,
  `latecost` double DEFAULT NULL,
  `earlcost` double DEFAULT NULL,
  `absent` int(11) DEFAULT NULL,
  `holiday` int(11) DEFAULT NULL,
  `deducation` double DEFAULT NULL,
  `additional` double DEFAULT NULL,
  `user` int(11) NOT NULL,
  `crtime` timestamp NOT NULL DEFAULT current_timestamp(),
  `mdtime` timestamp NOT NULL DEFAULT current_timestamp() ON UPDATE current_timestamp(),
  `isdeleted` tinyint(1) DEFAULT 0,
  `tenant` int(11) DEFAULT 0,
  `branch` int(11) DEFAULT 0,
  PRIMARY KEY (`id`)
) ENGINE=InnoDB DEFAULT CHARSET=utf8mb4 COLLATE=utf8mb4_general_ci;




DROP TABLE employees;

CREATE TABLE `employees` (
  `id` int(11) NOT NULL AUTO_INCREMENT,
  `basma_id` int(11) DEFAULT NULL,
  `basma_name` varchar(50) DEFAULT NULL,
  `name` varchar(100) NOT NULL,
  `info` varchar(250) DEFAULT NULL,
  `crtime` timestamp NOT NULL DEFAULT current_timestamp(),
  `imgs` varchar(250) DEFAULT NULL,
  `email` varchar(50) DEFAULT NULL,
  `number` varchar(13) DEFAULT NULL,
  `active` int(1) NOT NULL DEFAULT 1,
  `dateofbirth` date DEFAULT NULL,
  `gender` varchar(10) DEFAULT NULL,
  `country` int(1) DEFAULT NULL,
  `address` varchar(250) DEFAULT NULL,
  `address2` varchar(250) DEFAULT NULL,
  `town` int(1) DEFAULT NULL,
  `jop` int(1) DEFAULT NULL,
  `department` int(1) DEFAULT NULL,
  `joptybe` int(1) DEFAULT NULL,
  `joplevel` int(1) DEFAULT NULL,
  `dateofhire` date DEFAULT NULL,
  `dateofend` date DEFAULT NULL,
  `shift` int(1) DEFAULT NULL,
  `vacancy` int(1) DEFAULT NULL,
  `holiday` int(1) DEFAULT NULL,
  `salary` decimal(11,2) DEFAULT NULL,
  `password` varchar(250) DEFAULT NULL,
  `education` varchar(100) DEFAULT NULL,
  `skills` varchar(200) DEFAULT NULL,
  `isdeleted` tinyint(1) DEFAULT 0,
  `tenant` int(11) DEFAULT 0,
  `branch` int(11) DEFAULT 0,
  PRIMARY KEY (`id`)
) ENGINE=InnoDB AUTO_INCREMENT=136 DEFAULT CHARSET=utf8mb4 COLLATE=utf8mb4_general_ci;

INSERT INTO employees VALUES ("118","1","hadi","عبدالهادي العدوي المنير","","2023-11-07 18:41:48","expenses-126086.jpg","abdelhadeeladawy@gmail.com","01005366038","0","1988-12-08","0","","","","1","4","5","1","0","2019-11-07","2030-12-08","15","","","5000.00","0100","","","0","0","0");
INSERT INTO employees VALUES ("119","2","mostafa","مصطفي حماده","","2024-01-16 13:01:46","","","01557931232","0","2002-04-13","0","","","سمنود","1","4","5","0","0","2023-01-01","0000-00-00","15","","","3500.00","0100","","","0","0","0");
INSERT INTO employees VALUES ("120","3","mahmoud","محمود الرمادي","","2024-01-16 13:05:05","","","01288615890","0","1998-06-09","0","","","المحلة ","2","4","5","1","0","2023-07-01","0000-00-00","15","","","2000.00","0100","","","0","0","0");
INSERT INTO employees VALUES ("121","4","donia","دنيا سامى","","2024-01-16 13:11:15","","","01229516374","0","1994-07-24","1","","","سمنود","1","4","5","0","0","2023-11-25","0000-00-00","12","","","2500.00","0100","","","0","0","0");
INSERT INTO employees VALUES ("122","5","maiada","ميادة الشرقاوي","","2024-01-16 13:18:42","","","01021578506","0","1999-03-15","1","","منيا سمنود","","3","4","5","1","0","2024-01-01","2030-03-31","15","","","2000.00","0100","","","0","0","0");
INSERT INTO employees VALUES ("123","6","mohamed","محمد العريان","","2024-01-16 13:23:03","","","01270924094","0","1995-07-23","0","","سمنود","","1","4","5","1","0","0000-00-00","0000-00-00","15","","","2000.00","0100","","","0","0","0");
INSERT INTO employees VALUES ("124","7","abd elrahman","عبد الرحمن الخزرجى شريف","","2024-01-16 13:32:02","","","01095132871","0","2000-08-19","0","","","اجا","4","4","5","0","0","2024-01-16","0000-00-00","15","","","2000.00","0100","","","0","0","0");
INSERT INTO employees VALUES ("125","8","taha","حسام دمياط","","2024-01-16 13:37:41","","","","0","1996-07-13","0","","المحلة","","2","4","5","0","0","2024-01-16","0000-00-00","15","","","2000.00","0100","","","0","0","0");
INSERT INTO employees VALUES ("126","9","دروووش","مصطفي طارق","","2024-01-17 08:19:40","","","","0","1990-09-04","0","","","منيا سمنود","3","4","5","3","0","2024-01-16","0000-00-00","15","","","50000.00","0100","","","0","0","0");
INSERT INTO employees VALUES ("127","10","alaa","علاء الاسماعيلية","","2024-01-17 08:21:55","","","","1","1980-06-22","0","","","","4","4","5","1","5","2024-01-16","0000-00-00","15","","","2000.00","0100","","","1","0","0");
INSERT INTO employees VALUES ("128","11","zyad","زياد فوزي","","2024-02-14 10:27:32","","","01212257854","1","2004-04-09","0","","المحلة","","2","4","5","1","5","2024-02-03","0000-00-00","15","","","2000.00","0100","","","1","0","0");
INSERT INTO employees VALUES ("129","1","hadi","عبدالهادي المنير","","2024-04-15 23:05:35","","abdelhadeeladawy@gmail.com","01005366038","1","1988-12-08","0","","سمنود ش الترعه","","1","4","5","1","4","2020-01-01","2030-12-31","15","","","5000.00","0100","","","0","0","0");
INSERT INTO employees VALUES ("130","0","","عبدالهادي العدوي محمد المنير","","2024-07-19 02:09:11","","","","0","0000-00-00","0","","","","4","4","5","3","0","0000-00-00","0000-00-00","15","","","0.00","","","","0","0","0");
INSERT INTO employees VALUES ("135","13","اسلام","اسلام هاني","","2024-07-11 11:58:48","","","01282901435","0","2002-07-11","0","","","المحلة","2","4","5","3","0","2024-06-01","0000-00-00","13","","","3000.00","0100","","","0","0","0");



DROP TABLE extras;

CREATE TABLE `extras` (
  `id` int(11) NOT NULL,
  `empid` int(1) NOT NULL,
  `info` varchar(100) DEFAULT NULL,
  `crtime` timestamp NOT NULL DEFAULT current_timestamp(),
  `mdtime` timestamp NOT NULL DEFAULT current_timestamp() ON UPDATE current_timestamp(),
  `val` double NOT NULL,
  `tybe` int(1) NOT NULL,
  `isdeleted` tinyint(1) DEFAULT 0,
  `tenant` int(11) DEFAULT 0,
  `branch` int(11) DEFAULT 0
) ENGINE=InnoDB DEFAULT CHARSET=utf8mb4 COLLATE=utf8mb4_general_ci;




DROP TABLE fat_details;

CREATE TABLE `fat_details` (
  `id` int(11) NOT NULL AUTO_INCREMENT,
  `pro_tybe` int(11) DEFAULT NULL,
  `det_store` int(11) DEFAULT 1,
  `pro_id` int(11) DEFAULT NULL,
  `item_id` int(11) DEFAULT 0,
  `qty_in` double DEFAULT 0,
  `qty_out` double DEFAULT 0,
  `price` double DEFAULT 0,
  `cost_price` double(12,2) DEFAULT NULL,
  `stock_value` double(12,2) DEFAULT NULL,
  `discount` double DEFAULT NULL,
  `plus` double DEFAULT NULL,
  `det_value` double DEFAULT 0,
  `profit` float NOT NULL DEFAULT 0,
  `fatid` int(11) DEFAULT NULL,
  `fat_tybe` int(11) NOT NULL,
  `crtime` timestamp NOT NULL DEFAULT current_timestamp(),
  `isdeleted` tinyint(1) DEFAULT 0,
  `tenant` int(11) DEFAULT 0,
  `branch` int(11) DEFAULT 0,
  PRIMARY KEY (`id`),
  KEY `item_id` (`item_id`),
  CONSTRAINT `fat_details_ibfk_1` FOREIGN KEY (`item_id`) REFERENCES `myitems` (`id`)
) ENGINE=InnoDB AUTO_INCREMENT=320 DEFAULT CHARSET=utf8mb4 COLLATE=utf8mb4_general_ci;

INSERT INTO fat_details VALUES ("176","9","27","287","637","0","1","25","","","0","","25","0","287","9","2024-07-18 20:53:00","0","0","0");
INSERT INTO fat_details VALUES ("177","9","27","287","638","0","1","50","","","0","","50","0","287","9","2024-07-18 20:53:00","0","0","0");
INSERT INTO fat_details VALUES ("178","9","27","287","639","0","1","25","","","0","","25","0","287","9","2024-07-18 20:53:00","0","0","0");
INSERT INTO fat_details VALUES ("179","9","27","287","640","0","1","0","","","0","","0","0","287","9","2024-07-18 20:53:00","0","0","0");
INSERT INTO fat_details VALUES ("180","9","27","287","641","0","1","7","","","0","","7","0","287","9","2024-07-18 20:53:00","0","0","0");
INSERT INTO fat_details VALUES ("181","9","27","287","642","0","1","150","","","0","","150","0","287","9","2024-07-18 20:53:00","0","0","0");
INSERT INTO fat_details VALUES ("182","9","27","289","637","0","1","25","","","0","","25","0","289","9","2024-07-19 02:39:49","0","0","0");
INSERT INTO fat_details VALUES ("183","9","27","289","638","0","1","50","","","0","","50","0","289","9","2024-07-19 02:39:49","0","0","0");
INSERT INTO fat_details VALUES ("184","9","27","291","637","0","1","25","","","0","","25","0","291","9","2024-07-19 02:41:54","0","0","0");
INSERT INTO fat_details VALUES ("185","9","27","291","638","0","1","50","","","0","","50","0","291","9","2024-07-19 02:41:54","0","0","0");
INSERT INTO fat_details VALUES ("186","9","27","291","640","0","1","0","","","0","","0","0","291","9","2024-07-19 02:41:54","0","0","0");
INSERT INTO fat_details VALUES ("187","9","27","293","642","0","4","15","","","0","","60","0","293","9","2024-07-19 02:46:15","0","0","0");
INSERT INTO fat_details VALUES ("188","9","27","293","641","0","4","7","","","0","","28","0","293","9","2024-07-19 02:46:15","0","0","0");
INSERT INTO fat_details VALUES ("189","9","27","293","640","0","4","6","","","0","","24","0","293","9","2024-07-19 02:46:15","0","0","0");
INSERT INTO fat_details VALUES ("190","9","27","295","637","0","1","25","","","0","","25","0","295","9","2024-07-19 19:40:08","0","0","0");
INSERT INTO fat_details VALUES ("191","9","27","295","638","0","1","50","","","0","","50","0","295","9","2024-07-19 19:40:08","0","0","0");
INSERT INTO fat_details VALUES ("192","9","27","295","639","0","1","25","","","0","","25","0","295","9","2024-07-19 19:40:08","0","0","0");
INSERT INTO fat_details VALUES ("193","9","27","295","640","0","1","0","","","0","","0","0","295","9","2024-07-19 19:40:08","0","0","0");
INSERT INTO fat_details VALUES ("194","9","27","297","639","0","1","25","","","0","","25","0","297","9","2024-07-19 19:50:25","0","0","0");
INSERT INTO fat_details VALUES ("195","9","27","297","640","0","1","0","","","0","","0","0","297","9","2024-07-19 19:50:25","0","0","0");
INSERT INTO fat_details VALUES ("196","9","27","297","641","0","1","7","","","0","","7","0","297","9","2024-07-19 19:50:25","0","0","0");
INSERT INTO fat_details VALUES ("197","9","27","297","642","0","1","15","","","0","","15","0","297","9","2024-07-19 19:50:25","0","0","0");
INSERT INTO fat_details VALUES ("198","9","27","299","639","0","1","25","","","0","","25","0","299","9","2024-07-19 19:51:22","0","0","0");
INSERT INTO fat_details VALUES ("199","9","27","299","640","0","1","0","","","0","","0","0","299","9","2024-07-19 19:51:22","0","0","0");
INSERT INTO fat_details VALUES ("200","9","27","301","638","0","5","50","","","0","","250","0","301","9","2024-07-20 14:54:10","0","0","0");
INSERT INTO fat_details VALUES ("201","9","27","301","639","0","3","25","","","0","","75","0","301","9","2024-07-20 14:54:10","0","0","0");
INSERT INTO fat_details VALUES ("202","9","27","301","640","0","1","0","","","0","","0","0","301","9","2024-07-20 14:54:10","0","0","0");
INSERT INTO fat_details VALUES ("203","9","27","303","639","0","3","25","","","0","","75","0","303","9","2024-07-20 14:54:27","0","0","0");
INSERT INTO fat_details VALUES ("204","9","27","305","642","0","4","15","","","0","","60","0","305","9","2024-07-20 14:57:00","0","0","0");
INSERT INTO fat_details VALUES ("205","9","27","307","642","0","8","15","","","0","","120","0","307","9","2024-07-20 14:58:51","0","0","0");
INSERT INTO fat_details VALUES ("206","9","27","307","641","0","5","7","","","0","","35","0","307","9","2024-07-20 14:58:51","0","0","0");
INSERT INTO fat_details VALUES ("207","9","27","307","637","0","1","25","","","0","","25","0","307","9","2024-07-20 14:58:51","0","0","0");
INSERT INTO fat_details VALUES ("208","9","27","307","638","0","1","50","","","0","","50","0","307","9","2024-07-20 14:58:51","0","0","0");
INSERT INTO fat_details VALUES ("209","9","27","307","639","0","1","25","","","0","","25","0","307","9","2024-07-20 14:58:51","0","0","0");
INSERT INTO fat_details VALUES ("210","9","27","307","643","0","2","25","","","0","","50","0","307","9","2024-07-20 14:58:51","0","0","0");
INSERT INTO fat_details VALUES ("211","9","27","309","642","0","1","15","","","0","","15","0","309","9","2024-07-20 16:09:48","0","0","0");
INSERT INTO fat_details VALUES ("212","9","27","309","640","0","2","0","","","0","","0","0","309","9","2024-07-20 16:09:48","0","0","0");
INSERT INTO fat_details VALUES ("213","9","27","311","637","0","3","25","","","0","","75","0","311","9","2024-07-20 16:24:28","0","0","0");
INSERT INTO fat_details VALUES ("214","9","27","311","638","0","1","50","","","0","","50","0","311","9","2024-07-20 16:24:28","0","0","0");
INSERT INTO fat_details VALUES ("215","9","27","313","640","0","2","0","","","0","","0","0","313","9","2024-07-20 16:24:33","0","0","0");
INSERT INTO fat_details VALUES ("216","9","27","313","641","0","4","7","","","0","","28","0","313","9","2024-07-20 16:24:33","0","0","0");
INSERT INTO fat_details VALUES ("217","9","27","315","637","0","1","25","","","0","","25","0","315","9","2024-07-22 11:03:04","0","0","0");
INSERT INTO fat_details VALUES ("218","9","27","315","638","0","1","50","","","0","","50","0","315","9","2024-07-22 11:03:04","0","0","0");
INSERT INTO fat_details VALUES ("219","9","27","315","639","0","1","25","","","0","","25","0","315","9","2024-07-22 11:03:04","0","0","0");
INSERT INTO fat_details VALUES ("220","9","27","315","640","0","1","0","","","0","","0","0","315","9","2024-07-22 11:03:04","0","0","0");
INSERT INTO fat_details VALUES ("221","9","27","315","641","0","1","7","","","0","","7","0","315","9","2024-07-22 11:03:04","0","0","0");
INSERT INTO fat_details VALUES ("222","9","27","315","642","0","1","15","","","0","","15","0","315","9","2024-07-22 11:03:04","0","0","0");
INSERT INTO fat_details VALUES ("223","9","27","317","637","0","1","25","","","0","","25","0","317","9","2024-07-22 11:03:30","0","0","0");
INSERT INTO fat_details VALUES ("224","9","27","317","639","0","1","25","","","0","","25","0","317","9","2024-07-22 11:03:30","0","0","0");
INSERT INTO fat_details VALUES ("225","9","27","317","640","0","1","0","","","0","","0","0","317","9","2024-07-22 11:03:30","0","0","0");
INSERT INTO fat_details VALUES ("226","9","27","319","639","0","1","25","","","0","","25","0","319","9","2024-07-22 11:03:56","0","0","0");
INSERT INTO fat_details VALUES ("227","9","27","319","640","0","1","0","","","0","","0","0","319","9","2024-07-22 11:03:56","0","0","0");
INSERT INTO fat_details VALUES ("228","9","27","319","641","0","1","7","","","0","","7","0","319","9","2024-07-22 11:03:56","0","0","0");
INSERT INTO fat_details VALUES ("229","9","27","321","639","0","1","25","","","0","","25","0","321","9","2024-07-22 11:04:22","0","0","0");
INSERT INTO fat_details VALUES ("230","9","27","321","640","0","1","0","","","0","","0","0","321","9","2024-07-22 11:04:22","0","0","0");
INSERT INTO fat_details VALUES ("231","9","27","321","641","0","1","7","","","0","","7","0","321","9","2024-07-22 11:04:22","0","0","0");
INSERT INTO fat_details VALUES ("232","9","27","323","642","0","6","15","","","0","","90","0","323","9","2024-07-22 11:05:59","0","0","0");
INSERT INTO fat_details VALUES ("233","9","27","323","641","0","4","7","","","0","","28","0","323","9","2024-07-22 11:05:59","0","0","0");
INSERT INTO fat_details VALUES ("234","4","27","325","642","19","0","200","","","0","","3800","0","325","4","2024-07-23 22:27:21","1","0","0");
INSERT INTO fat_details VALUES ("235","4","27","325","637","100","0","100","","","0","","10000","0","325","4","2024-07-23 22:27:21","1","0","0");
INSERT INTO fat_details VALUES ("236","9","27","327","637","0","1","25","","","0","","25","0","327","9","2024-07-23 22:34:12","0","0","0");
INSERT INTO fat_details VALUES ("237","9","27","327","638","0","2","50","","","0","","100","0","327","9","2024-07-23 22:34:12","0","0","0");
INSERT INTO fat_details VALUES ("238","9","27","327","639","0","1","25","","","0","","25","0","327","9","2024-07-23 22:34:12","0","0","0");
INSERT INTO fat_details VALUES ("239","9","27","329","639","0","5","25","","","0","","125","0","329","9","2024-07-25 06:36:59","0","0","0");
INSERT INTO fat_details VALUES ("240","9","27","329","640","0","3","0","","","0","","0","0","329","9","2024-07-25 06:36:59","0","0","0");
INSERT INTO fat_details VALUES ("241","9","27","329","641","0","3","7","","","0","","21","0","329","9","2024-07-25 06:36:59","0","0","0");
INSERT INTO fat_details VALUES ("242","9","27","329","642","0","5","15","","","0","","75","0","329","9","2024-07-25 06:36:59","0","0","0");
INSERT INTO fat_details VALUES ("243","9","27","329","643","0","1","25","","","0","","25","0","329","9","2024-07-25 06:36:59","0","0","0");
INSERT INTO fat_details VALUES ("244","9","27","329","637","0","3","25","","","0","","75","0","329","9","2024-07-25 06:36:59","0","0","0");
INSERT INTO fat_details VALUES ("245","9","27","329","638","0","4","50","","","0","","200","0","329","9","2024-07-25 06:36:59","0","0","0");
INSERT INTO fat_details VALUES ("246","9","27","331","643","0","1","25","","","0","","25","0","331","9","2024-07-25 16:08:04","0","0","0");
INSERT INTO fat_details VALUES ("247","9","27","331","642","0","1","15","","","0","","15","0","331","9","2024-07-25 16:08:04","0","0","0");
INSERT INTO fat_details VALUES ("248","9","27","331","641","0","1","7","","","0","","7","0","331","9","2024-07-25 16:08:04","0","0","0");
INSERT INTO fat_details VALUES ("249","9","27","333","637","0","1","25","","","0","","25","0","333","9","2024-07-25 16:23:01","0","0","0");
INSERT INTO fat_details VALUES ("250","9","27","333","638","0","1","50","","","0","","50","0","333","9","2024-07-25 16:23:01","0","0","0");
INSERT INTO fat_details VALUES ("251","9","27","336","640","0","1","0","","","0","","0","0","336","9","2024-07-25 22:53:54","0","0","0");
INSERT INTO fat_details VALUES ("252","9","27","336","642","0","2","15","","","0","","30","0","336","9","2024-07-25 22:53:54","0","0","0");
INSERT INTO fat_details VALUES ("253","9","27","338","637","0","1","25","","","0","","25","0","338","9","2024-07-25 22:55:01","0","0","0");
INSERT INTO fat_details VALUES ("254","9","27","338","638","0","31","50","","","0","","1550","0","338","9","2024-07-25 22:55:02","0","0","0");
INSERT INTO fat_details VALUES ("255","4","27","325","642","19","0","200","","","0","","3800","0","325","4","2024-07-27 05:01:20","1","0","0");
INSERT INTO fat_details VALUES ("256","4","27","325","637","100","0","100","","","0","","10000","0","325","4","2024-07-27 05:01:20","1","0","0");
INSERT INTO fat_details VALUES ("257","4","27","325","642","19","0","200","","","0","","3800","0","325","4","2024-07-27 05:02:26","1","0","0");
INSERT INTO fat_details VALUES ("258","4","27","325","637","100","0","100","","","0","","10000","0","325","4","2024-07-27 05:02:26","1","0","0");
INSERT INTO fat_details VALUES ("259","4","27","325","642","19","0","200","","","0","","3800","0","325","4","2024-07-27 05:02:26","1","0","0");
INSERT INTO fat_details VALUES ("260","4","27","325","637","100","0","100","","","0","","10000","0","325","4","2024-07-27 05:02:26","1","0","0");
INSERT INTO fat_details VALUES ("261","4","27","325","642","19","0","200","","","0","","3800","0","325","4","2024-07-27 05:06:53","1","0","0");
INSERT INTO fat_details VALUES ("262","4","27","325","637","100","0","100","","","0","","10000","0","325","4","2024-07-27 05:06:53","1","0","0");
INSERT INTO fat_details VALUES ("263","4","27","325","642","19","0","200","","","0","","3800","0","325","4","2024-07-27 05:06:53","1","0","0");
INSERT INTO fat_details VALUES ("264","4","27","325","637","100","0","100","","","0","","10000","0","325","4","2024-07-27 05:06:53","1","0","0");
INSERT INTO fat_details VALUES ("265","4","27","325","642","19","0","200","","","0","","3800","0","325","4","2024-07-27 05:06:53","1","0","0");
INSERT INTO fat_details VALUES ("266","4","27","325","637","100","0","100","","","0","","10000","0","325","4","2024-07-27 05:06:53","1","0","0");
INSERT INTO fat_details VALUES ("267","4","27","325","642","19","0","200","","","0","","3800","0","325","4","2024-07-27 05:06:53","1","0","0");
INSERT INTO fat_details VALUES ("268","4","27","325","637","100","0","100","","","0","","10000","0","325","4","2024-07-27 05:06:53","1","0","0");
INSERT INTO fat_details VALUES ("269","4","27","325","642","19","0","200","","","0","","3800","0","325","4","2024-07-27 05:10:46","1","0","0");
INSERT INTO fat_details VALUES ("270","4","27","325","637","100","0","100","","","0","","10000","0","325","4","2024-07-27 05:10:46","1","0","0");
INSERT INTO fat_details VALUES ("271","4","27","325","642","20","0","200","","","0","","4000","0","325","4","2024-07-27 05:11:11","0","0","0");
INSERT INTO fat_details VALUES ("272","4","27","325","637","100","0","100","","","0","","10000","0","325","4","2024-07-27 05:11:11","0","0","0");
INSERT INTO fat_details VALUES ("273","4","27","340","637","50","0","100","","","0","","5000","0","340","4","2024-07-27 23:03:42","1","0","0");
INSERT INTO fat_details VALUES ("274","4","27","340","637","51","0","100","","","0","","5100","0","340","4","2024-07-27 23:10:28","0","0","0");
INSERT INTO fat_details VALUES ("275","9","27","342","638","0","2","50","","","0","","100","0","342","9","2024-07-29 00:04:13","0","0","0");
INSERT INTO fat_details VALUES ("276","9","27","342","640","0","7","0","","","0","","0","0","342","9","2024-07-29 00:04:13","0","0","0");
INSERT INTO fat_details VALUES ("277","9","27","342","641","0","3","7","","","0","","21","0","342","9","2024-07-29 00:04:13","0","0","0");
INSERT INTO fat_details VALUES ("278","9","27","342","642","0","6","15","","","0","","90","0","342","9","2024-07-29 00:04:13","0","0","0");
INSERT INTO fat_details VALUES ("279","9","27","342","637","0","1","25","","","0","","25","0","342","9","2024-07-29 00:04:13","0","0","0");
INSERT INTO fat_details VALUES ("280","9","27","342","643","0","1","25","","","0","","25","0","342","9","2024-07-29 00:04:13","0","0","0");
INSERT INTO fat_details VALUES ("281","4","27","344","637","50","0","120","","","0","","6000","0","344","4","2024-07-29 04:41:53","0","0","0");
INSERT INTO fat_details VALUES ("282","4","27","345","637","184","0","110","","","0","","20240","0","345","4","2024-07-29 04:45:26","0","0","0");
INSERT INTO fat_details VALUES ("283","4","27","346","637","368","0","110","","","0","","40480","0","346","4","2024-07-29 04:47:00","0","0","0");
INSERT INTO fat_details VALUES ("284","4","27","347","644","100","0","10","","","0","","1000","0","347","4","2024-07-29 04:49:46","0","0","0");
INSERT INTO fat_details VALUES ("285","4","27","348","644","100","0","50","","","0","","5000","0","348","4","2024-07-29 04:50:18","0","0","0");
INSERT INTO fat_details VALUES ("286","4","27","349","644","200","0","50","","","0","","10000","0","349","4","2024-07-29 04:58:15","0","0","0");
INSERT INTO fat_details VALUES ("287","4","27","350","645","10","0","10","","","0","","100","0","350","4","2024-07-29 05:00:39","0","0","0");
INSERT INTO fat_details VALUES ("288","4","27","351","645","1","0","10","","","0","","10","0","351","4","2024-07-29 05:02:20","0","0","0");
INSERT INTO fat_details VALUES ("289","4","27","352","645","1","0","10","","","0","","10","0","352","4","2024-07-29 05:03:08","0","0","0");
INSERT INTO fat_details VALUES ("290","4","27","353","645","1","0","10","","","0","","10","0","353","4","2024-07-29 05:04:37","0","0","0");
INSERT INTO fat_details VALUES ("291","4","27","354","645","13","0","13","","","0","","169","0","354","4","2024-07-29 06:32:06","0","0","0");
INSERT INTO fat_details VALUES ("292","4","27","355","645","26","0","11","","","0","","286","0","355","4","2024-07-29 06:32:32","0","0","0");
INSERT INTO fat_details VALUES ("293","4","27","356","645","52","0","28","","","0","","1456","0","356","4","2024-07-29 06:33:31","0","0","0");
INSERT INTO fat_details VALUES ("294","3","27","357","645","0","5","28","","","0","","140","5","357","3","2024-07-29 06:49:28","0","0","0");
INSERT INTO fat_details VALUES ("295","4","27","358","646","10","0","10","","","0","","100","0","358","4","2024-07-29 07:12:47","0","0","0");
INSERT INTO fat_details VALUES ("296","4","27","358","647","10","0","15","","","0","","150","0","358","4","2024-07-29 07:12:47","0","0","0");
INSERT INTO fat_details VALUES ("297","4","27","359","646","20","0","12","","","0","","240","0","359","4","2024-07-29 07:13:18","0","0","0");
INSERT INTO fat_details VALUES ("298","4","27","359","647","10","0","15","","","0","","150","0","359","4","2024-07-29 07:13:18","0","0","0");
INSERT INTO fat_details VALUES ("299","3","27","360","646","0","10","15","","","0","","150","36.667","360","3","2024-07-29 07:14:45","0","0","0");
INSERT INTO fat_details VALUES ("300","3","27","360","647","0","20","25","","","0","","500","200","360","3","2024-07-29 07:14:45","0","0","0");
INSERT INTO fat_details VALUES ("301","3","27","361","646","0","1","15","","","0","","15","3.6667","361","3","2024-07-29 07:20:27","0","0","0");
INSERT INTO fat_details VALUES ("302","3","27","362","646","0","1","15","","","0","","15","3.6667","362","3","2024-07-29 07:22:39","0","0","0");
INSERT INTO fat_details VALUES ("303","3","27","363","645","0","99","28","","","0","","2772","99","363","3","2024-07-29 07:28:12","0","0","0");
INSERT INTO fat_details VALUES ("304","3","27","364","646","0","10","100","","","0","","1000","886.667","364","3","2024-07-29 07:29:36","0","0","0");
INSERT INTO fat_details VALUES ("305","3","27","365","647","0","100","16","","","0","","1600","1600","365","3","2024-07-29 07:33:29","0","0","0");
INSERT INTO fat_details VALUES ("306","3","27","365","646","0","100","13","","","0","","1300","1300","365","3","2024-07-29 07:33:29","0","0","0");
INSERT INTO fat_details VALUES ("307","3","27","366","647","0","100","16","","","0","","1600","100","366","3","2024-07-29 07:37:09","0","0","0");
INSERT INTO fat_details VALUES ("308","3","27","366","645","0","100","28","","","0","","2800","100","366","3","2024-07-29 07:37:09","0","0","0");
INSERT INTO fat_details VALUES ("309","9","27","367","637","0","1","25","","","0","","25","-78.333","367","9","2024-07-29 17:29:24","0","0","0");
INSERT INTO fat_details VALUES ("310","9","27","367","638","0","1","50","","","0","","50","50","367","9","2024-07-29 17:29:24","0","0","0");
INSERT INTO fat_details VALUES ("311","9","27","369","642","0","1","15","","","0","","15","15","369","9","2024-07-29 18:17:12","0","0","0");
INSERT INTO fat_details VALUES ("312","9","27","369","643","0","1","25","","","0","","25","5","369","9","2024-07-29 18:17:12","0","0","0");
INSERT INTO fat_details VALUES ("313","4","27","371","645","200","0","30","","","0","","6000","0","371","4","2024-07-29 19:01:46","0","0","0");
INSERT INTO fat_details VALUES ("314","4","27","372","648","3","0","5","","","0","","15","0","372","4","2024-07-29 19:25:07","0","0","0");
INSERT INTO fat_details VALUES ("315","4","27","372","648","2","0","5","","","0","","10","0","372","4","2024-07-29 19:25:07","0","0","0");
INSERT INTO fat_details VALUES ("316","4","27","372","648","1","0","5","","","0","","5","0","372","4","2024-07-29 19:25:07","0","0","0");
INSERT INTO fat_details VALUES ("317","3","27","373","648","0","4","6","","","0","","24","4","373","3","2024-07-29 19:28:01","0","0","0");
INSERT INTO fat_details VALUES ("318","9","27","374","641","0","1","7","","","0","","7","7","374","9","2024-07-30 03:01:35","0","0","0");
INSERT INTO fat_details VALUES ("319","9","27","374","642","0","1","15","","","0","","15","15","374","9","2024-07-30 03:01:35","0","0","0");



DROP TABLE fat_tybes;

CREATE TABLE `fat_tybes` (
  `id` int(11) NOT NULL AUTO_INCREMENT,
  `fname` varchar(200) NOT NULL,
  `info` varchar(200) DEFAULT NULL,
  `crttime` timestamp NOT NULL DEFAULT current_timestamp(),
  `isdeleted` tinyint(1) DEFAULT 0,
  `tenant` int(11) DEFAULT 0,
  `branch` int(11) DEFAULT 0,
  PRIMARY KEY (`id`)
) ENGINE=InnoDB AUTO_INCREMENT=13 DEFAULT CHARSET=utf8mb4 COLLATE=utf8mb4_general_ci;

INSERT INTO fat_tybes VALUES ("1","فاتورة مبيعات","","2024-01-29 18:39:27","0","0","0");
INSERT INTO fat_tybes VALUES ("2","فاتورة مشنريات","","2024-01-29 18:41:22","0","0","0");
INSERT INTO fat_tybes VALUES ("3","فاتورة مردود مبيعات","","2024-03-06 17:25:41","0","0","0");
INSERT INTO fat_tybes VALUES ("4","فاتورة مردود مشتريات","","2024-03-06 17:26:30","0","0","0");
INSERT INTO fat_tybes VALUES ("5","اذن تسليم بضاعه","","2024-03-06 17:26:30","0","0","0");
INSERT INTO fat_tybes VALUES ("6","اذن استلام بضاعه","","2024-03-06 17:26:57","0","0","0");
INSERT INTO fat_tybes VALUES ("7","اذن تسليم بضاعه","","2024-03-06 17:26:57","0","0","0");
INSERT INTO fat_tybes VALUES ("8","اذن حجز","","2024-03-06 17:29:32","0","0","0");
INSERT INTO fat_tybes VALUES ("9","امر بيع","","2024-03-06 17:29:32","0","0","0");
INSERT INTO fat_tybes VALUES ("10","امر شراء","","2024-03-06 17:29:32","0","0","0");
INSERT INTO fat_tybes VALUES ("11","فاتورة تصنيع حر","","2024-03-06 17:29:32","0","0","0");
INSERT INTO fat_tybes VALUES ("12","تصنيع نموذجي","","2024-03-06 17:29:32","0","0","0");



DROP TABLE fats;

CREATE TABLE `fats` (
  `id` int(11) NOT NULL AUTO_INCREMENT,
  `fat_id` int(11) NOT NULL,
  `zanka_id` int(11) NOT NULL,
  `crtime` timestamp NOT NULL DEFAULT current_timestamp(),
  `isdeleted` tinyint(1) DEFAULT 0,
  `tenant` int(11) DEFAULT 0,
  `branch` int(11) DEFAULT 0,
  PRIMARY KEY (`id`)
) ENGINE=InnoDB AUTO_INCREMENT=1012 DEFAULT CHARSET=utf8mb4 COLLATE=utf8mb4_general_ci;




DROP TABLE fptybes;

CREATE TABLE `fptybes` (
  `id` int(1) NOT NULL AUTO_INCREMENT,
  `name` varchar(50) NOT NULL,
  `crtime` timestamp NOT NULL DEFAULT current_timestamp() ON UPDATE current_timestamp(),
  `isdeleted` tinyint(1) DEFAULT 0,
  `tenant` int(11) DEFAULT 0,
  `branch` int(11) DEFAULT 0,
  PRIMARY KEY (`id`)
) ENGINE=InnoDB AUTO_INCREMENT=6 DEFAULT CHARSET=utf8mb4 COLLATE=utf8mb4_general_ci;

INSERT INTO fptybes VALUES ("1","حضور","2023-08-01 01:57:14","","0","0");
INSERT INTO fptybes VALUES ("2","انصراف","2023-08-01 01:57:14","","0","0");
INSERT INTO fptybes VALUES ("3","حضور اضافي","2023-08-01 01:57:42","","0","0");
INSERT INTO fptybes VALUES ("4","انصراف اضافي","2023-08-01 01:58:34","","0","0");
INSERT INTO fptybes VALUES ("5","invalid","2023-08-10 07:45:50","","0","0");



DROP TABLE hiringcontracts;

CREATE TABLE `hiringcontracts` (
  `id` int(11) NOT NULL AUTO_INCREMENT,
  `name` varchar(50) NOT NULL,
  `employee` int(11) NOT NULL,
  `jop` int(11) NOT NULL,
  `jopdescription` varchar(250) DEFAULT NULL,
  `joprule1` text DEFAULT NULL,
  `joprule2` text DEFAULT NULL,
  `joprule3` text DEFAULT NULL,
  `joprule4` text DEFAULT NULL,
  `workhours` int(11) DEFAULT NULL,
  `inorderhours` int(11) DEFAULT NULL,
  `workdaysoff` int(11) DEFAULT NULL,
  `salary` int(11) DEFAULT NULL,
  `salaryraise` int(11) DEFAULT NULL,
  `crtime` timestamp NOT NULL DEFAULT current_timestamp(),
  `user` int(11) NOT NULL,
  `info` varchar(250) DEFAULT NULL,
  `startcontract` date DEFAULT NULL,
  `endcontract` date DEFAULT NULL,
  `type` int(11) NOT NULL,
  `isdeleted` tinyint(1) DEFAULT 0,
  `tenant` int(11) DEFAULT 0,
  `branch` int(11) DEFAULT 0,
  PRIMARY KEY (`id`)
) ENGINE=InnoDB DEFAULT CHARSET=utf8mb4 COLLATE=utf8mb4_general_ci;




DROP TABLE holidays;

CREATE TABLE `holidays` (
  `id` int(11) NOT NULL AUTO_INCREMENT,
  `name` varchar(10) NOT NULL,
  `info` text DEFAULT NULL,
  `crtime` timestamp NOT NULL DEFAULT current_timestamp(),
  `isdeleted` tinyint(1) DEFAULT 0,
  `tenant` int(11) DEFAULT 0,
  `branch` int(11) DEFAULT 0,
  PRIMARY KEY (`id`)
) ENGINE=InnoDB DEFAULT CHARSET=utf8mb4 COLLATE=utf8mb4_general_ci;




DROP TABLE imgs;

CREATE TABLE `imgs` (
  `id` int(11) NOT NULL AUTO_INCREMENT,
  `iname` text NOT NULL,
  `cname` int(11) DEFAULT NULL,
  `itemid` int(11) NOT NULL,
  `size` int(11) NOT NULL,
  `clprofile` int(11) DEFAULT NULL,
  `img_date` date DEFAULT NULL,
  `crtime` timestamp NOT NULL DEFAULT current_timestamp(),
  `isdeleted` tinyint(1) DEFAULT 0,
  `tenant` int(11) DEFAULT 0,
  `branch` int(11) DEFAULT 0,
  PRIMARY KEY (`id`)
) ENGINE=InnoDB AUTO_INCREMENT=2 DEFAULT CHARSET=utf8mb4 COLLATE=utf8mb4_general_ci;




DROP TABLE imporfplog;

CREATE TABLE `imporfplog` (
  `id` int(1) DEFAULT NULL,
  `basma_id` int(11) NOT NULL,
  `crtime` timestamp NOT NULL DEFAULT current_timestamp(),
  `isdeleted` tinyint(1) DEFAULT 0,
  `tenant` int(11) DEFAULT 0,
  `branch` int(11) DEFAULT 0
) ENGINE=InnoDB DEFAULT CHARSET=utf8mb4 COLLATE=utf8mb4_general_ci;




DROP TABLE item_group;

CREATE TABLE `item_group` (
  `id` int(11) NOT NULL AUTO_INCREMENT,
  `gname` varchar(100) NOT NULL,
  `info` varchar(200) DEFAULT NULL,
  `parent` int(1) DEFAULT 0,
  `crtime` timestamp NOT NULL DEFAULT current_timestamp(),
  `mdtime` timestamp NOT NULL DEFAULT current_timestamp() ON UPDATE current_timestamp(),
  `user` int(1) NOT NULL DEFAULT 0,
  `isdeleted` tinyint(1) DEFAULT 0,
  `tenant` int(11) DEFAULT 0,
  `branch` int(11) DEFAULT 0,
  PRIMARY KEY (`id`),
  UNIQUE KEY `gname` (`gname`)
) ENGINE=InnoDB AUTO_INCREMENT=11 DEFAULT CHARSET=utf8mb4 COLLATE=utf8mb4_general_ci;

INSERT INTO item_group VALUES ("7","مشروبات ساخنه","","0","2024-07-18 20:16:00","2024-07-18 20:16:07","0","0","0","0");
INSERT INTO item_group VALUES ("8","مشروبات بارده","","0","2024-07-18 20:16:14","2024-07-18 20:16:14","0","0","0","0");
INSERT INTO item_group VALUES ("9","سندوتش","","0","2024-07-18 20:16:23","2024-07-18 20:16:23","0","0","0","0");
INSERT INTO item_group VALUES ("10","وجبات","","0","2024-07-18 20:16:27","2024-07-18 20:16:27","0","0","0","0");



DROP TABLE item_group2;

CREATE TABLE `item_group2` (
  `id` int(11) NOT NULL AUTO_INCREMENT,
  `gname` varchar(100) NOT NULL,
  `info` varchar(100) DEFAULT NULL,
  `crtime` timestamp NOT NULL DEFAULT current_timestamp(),
  `mdtime` timestamp NOT NULL DEFAULT current_timestamp() ON UPDATE current_timestamp(),
  `user` int(11) NOT NULL DEFAULT 0,
  `isdeleted` tinyint(1) DEFAULT 0,
  `tenant` int(11) DEFAULT 0,
  `branch` int(11) DEFAULT 0,
  PRIMARY KEY (`id`),
  UNIQUE KEY `gname` (`gname`)
) ENGINE=InnoDB AUTO_INCREMENT=9 DEFAULT CHARSET=utf8mb4 COLLATE=utf8mb4_general_ci;

INSERT INTO item_group2 VALUES ("6","مبيعات","","2024-07-18 20:16:38","2024-07-18 20:16:38","0","0","0","0");
INSERT INTO item_group2 VALUES ("7","خامات","","2024-07-18 20:16:42","2024-07-18 20:16:42","0","0","0","0");
INSERT INTO item_group2 VALUES ("8","تعبئة و تغليف","","2024-07-18 20:16:51","2024-07-18 20:16:51","0","0","0","0");



DROP TABLE item_group3;

CREATE TABLE `item_group3` (
  `id` int(11) NOT NULL AUTO_INCREMENT,
  `gname` varchar(100) NOT NULL,
  `info` varchar(200) DEFAULT NULL,
  `crtime` timestamp NOT NULL DEFAULT current_timestamp(),
  `mdtime` timestamp NOT NULL DEFAULT current_timestamp() ON UPDATE current_timestamp(),
  `user` int(1) NOT NULL DEFAULT 0,
  `isdeleted` tinyint(1) DEFAULT 0,
  `tenant` int(11) DEFAULT 0,
  `branch` int(11) DEFAULT 0,
  PRIMARY KEY (`id`),
  UNIQUE KEY `gname` (`gname`)
) ENGINE=InnoDB DEFAULT CHARSET=utf8mb4 COLLATE=utf8mb4_general_ci;




DROP TABLE item_units;

CREATE TABLE `item_units` (
  `id` int(11) NOT NULL AUTO_INCREMENT,
  `item_id` int(11) NOT NULL,
  `unit_id` int(11) NOT NULL,
  `u_val` decimal(10,3) NOT NULL,
  `def_sale` int(11) NOT NULL DEFAULT 0,
  `def_buy` int(11) NOT NULL DEFAULT 0,
  `def_stock` int(11) NOT NULL DEFAULT 0,
  `unit_barcode` varchar(20) NOT NULL,
  `isdeleted` tinyint(1) DEFAULT 0,
  `tenant` int(11) DEFAULT 0,
  `branch` int(11) DEFAULT 0,
  PRIMARY KEY (`id`)
) ENGINE=InnoDB AUTO_INCREMENT=55 DEFAULT CHARSET=utf8mb4 COLLATE=utf8mb4_general_ci;

INSERT INTO item_units VALUES ("42","637","1","1.000","0","0","0","1","0","0","0");
INSERT INTO item_units VALUES ("43","638","1","1.000","0","0","0","2","0","0","0");
INSERT INTO item_units VALUES ("44","639","1","1.000","0","0","0","3","0","0","0");
INSERT INTO item_units VALUES ("45","640","1","1.000","0","0","0","4","0","0","0");
INSERT INTO item_units VALUES ("46","641","1","1.000","0","0","0","5","0","0","0");
INSERT INTO item_units VALUES ("47","642","1","1.000","0","0","0","6","0","0","0");
INSERT INTO item_units VALUES ("48","643","1","1.000","0","0","0","7","0","0","0");
INSERT INTO item_units VALUES ("49","644","1","1.000","0","0","0","9","0","0","0");
INSERT INTO item_units VALUES ("50","645","1","1.000","0","0","0","10","0","0","0");
INSERT INTO item_units VALUES ("51","646","1","1.000","0","0","0","11","0","0","0");
INSERT INTO item_units VALUES ("52","647","1","1.000","0","0","0","12","0","0","0");
INSERT INTO item_units VALUES ("53","648","1","1.000","0","0","0","100000","0","0","0");
INSERT INTO item_units VALUES ("54","648","2","10.000","0","0","0","991100000","0","0","0");



DROP TABLE joplevels;

CREATE TABLE `joplevels` (
  `id` int(11) NOT NULL AUTO_INCREMENT,
  `name` varchar(50) NOT NULL,
  `info` varchar(250) DEFAULT NULL,
  `crtime` timestamp NOT NULL DEFAULT current_timestamp() ON UPDATE current_timestamp(),
  `isdeleted` tinyint(1) DEFAULT 0,
  `tenant` int(11) DEFAULT 0,
  `branch` int(11) DEFAULT 0,
  PRIMARY KEY (`id`)
) ENGINE=InnoDB AUTO_INCREMENT=2 DEFAULT CHARSET=utf8mb4 COLLATE=utf8mb4_general_ci;

INSERT INTO joplevels VALUES ("1","senior","","2024-07-19 02:07:48","","0","0");



DROP TABLE joprules;

CREATE TABLE `joprules` (
  `id` int(11) NOT NULL AUTO_INCREMENT,
  `name` varchar(50) NOT NULL,
  `info` varchar(250) DEFAULT NULL,
  `crtime` timestamp NOT NULL DEFAULT current_timestamp(),
  `isdeleted` tinyint(1) DEFAULT 0,
  `tenant` int(11) DEFAULT 0,
  `branch` int(11) DEFAULT 0,
  PRIMARY KEY (`id`)
) ENGINE=InnoDB AUTO_INCREMENT=4 DEFAULT CHARSET=utf8mb4 COLLATE=utf8mb4_general_ci;

INSERT INTO joprules VALUES ("1","متدرب","","2024-07-19 02:06:28","","0","0");
INSERT INTO joprules VALUES ("2","مبتدئ","","2024-07-19 02:06:54","","0","0");
INSERT INTO joprules VALUES ("3","خبير","","2024-07-19 02:07:03","","0","0");



DROP TABLE jops;

CREATE TABLE `jops` (
  `id` int(11) NOT NULL AUTO_INCREMENT,
  `name` varchar(50) NOT NULL,
  `info` varchar(250) DEFAULT NULL,
  `crtime` timestamp NOT NULL DEFAULT current_timestamp(),
  `isdeleted` tinyint(1) DEFAULT 0,
  `tenant` int(11) DEFAULT 0,
  `branch` int(11) DEFAULT 0,
  PRIMARY KEY (`id`)
) ENGINE=InnoDB AUTO_INCREMENT=7 DEFAULT CHARSET=utf8mb4 COLLATE=utf8mb4_general_ci;

INSERT INTO jops VALUES ("1","CEO","","2024-07-19 02:04:18","0","0","0");
INSERT INTO jops VALUES ("2","دعم فني","","2024-07-19 02:05:16","0","0","0");
INSERT INTO jops VALUES ("4","مبرمج","","2024-07-19 02:05:50","0","0","0");
INSERT INTO jops VALUES ("5","مبيعات","","2024-07-30 21:02:45","0","0","0");
INSERT INTO jops VALUES ("6","سكرتاريه","","2024-07-30 21:03:01","0","0","0");



DROP TABLE joptybes;

CREATE TABLE `joptybes` (
  `id` int(11) NOT NULL AUTO_INCREMENT,
  `name` varchar(20) NOT NULL,
  `info` text DEFAULT NULL,
  `crtime` timestamp NOT NULL DEFAULT current_timestamp(),
  `isdeleted` tinyint(1) DEFAULT 0,
  `tenant` int(11) DEFAULT 0,
  `branch` int(11) DEFAULT 0,
  PRIMARY KEY (`id`)
) ENGINE=InnoDB AUTO_INCREMENT=4 DEFAULT CHARSET=utf8mb4 COLLATE=utf8mb4_general_ci;

INSERT INTO joptybes VALUES ("3","مبيعات","","2024-07-25 07:13:38","","0","0");



DROP TABLE journal_entries;

CREATE TABLE `journal_entries` (
  `id` int(1) NOT NULL AUTO_INCREMENT,
  `journal_id` int(1) NOT NULL,
  `account_id` int(1) NOT NULL,
  `debit` int(11) NOT NULL DEFAULT 0,
  `credit` int(11) NOT NULL DEFAULT 0,
  `tybe` int(1) NOT NULL,
  `info` varchar(150) DEFAULT NULL,
  `crtime` timestamp NOT NULL DEFAULT current_timestamp(),
  `op2` int(11) DEFAULT 0,
  `op_id` int(11) DEFAULT 0,
  `isdeleted` tinyint(1) DEFAULT 0,
  `mdtime` timestamp NOT NULL DEFAULT current_timestamp() ON UPDATE current_timestamp(),
  `tenant` int(11) DEFAULT 0,
  `branch` int(11) DEFAULT 0,
  PRIMARY KEY (`id`),
  KEY `account_id` (`account_id`),
  KEY `journal_id` (`journal_id`),
  CONSTRAINT `journal_entries_ibfk_1` FOREIGN KEY (`account_id`) REFERENCES `acc_head` (`id`),
  CONSTRAINT `journal_entries_ibfk_2` FOREIGN KEY (`journal_id`) REFERENCES `journal_heads` (`id`)
) ENGINE=InnoDB AUTO_INCREMENT=733 DEFAULT CHARSET=utf8mb4 COLLATE=utf8mb4_general_ci;

INSERT INTO journal_entries VALUES ("555","552","148","257","0","0","","2024-07-18 20:52:59","0","287","0","2024-07-18 20:52:59","0","0");
INSERT INTO journal_entries VALUES ("556","552","27","0","257","1","","2024-07-18 20:52:59","0","287","0","2024-07-18 20:52:59","0","0");
INSERT INTO journal_entries VALUES ("557","553","21","257","0","0","","2024-07-18 20:53:00","287","0","0","2024-07-18 20:53:00","0","0");
INSERT INTO journal_entries VALUES ("558","553","148","0","257","1","","2024-07-18 20:53:00","287","0","0","2024-07-18 20:53:00","0","0");
INSERT INTO journal_entries VALUES ("559","554","148","75","0","0","","2024-07-19 02:39:49","0","289","0","2024-07-19 02:39:49","0","0");
INSERT INTO journal_entries VALUES ("560","554","27","0","75","1","","2024-07-19 02:39:49","0","289","0","2024-07-19 02:39:49","0","0");
INSERT INTO journal_entries VALUES ("561","555","21","75","0","0","","2024-07-19 02:39:49","289","0","0","2024-07-19 02:39:49","0","0");
INSERT INTO journal_entries VALUES ("562","555","148","0","75","1","","2024-07-19 02:39:49","289","0","0","2024-07-19 02:39:49","0","0");
INSERT INTO journal_entries VALUES ("563","556","148","75","0","0","","2024-07-19 02:41:54","0","291","0","2024-07-19 02:41:54","0","0");
INSERT INTO journal_entries VALUES ("564","556","27","0","75","1","","2024-07-19 02:41:54","0","291","0","2024-07-19 02:41:54","0","0");
INSERT INTO journal_entries VALUES ("565","557","21","75","0","0","","2024-07-19 02:41:54","291","0","0","2024-07-19 02:41:54","0","0");
INSERT INTO journal_entries VALUES ("566","557","148","0","75","1","","2024-07-19 02:41:54","291","0","0","2024-07-19 02:41:54","0","0");
INSERT INTO journal_entries VALUES ("567","558","148","112","0","0","","2024-07-19 02:46:15","0","293","0","2024-07-19 02:46:15","0","0");
INSERT INTO journal_entries VALUES ("568","558","27","0","112","1","","2024-07-19 02:46:15","0","293","0","2024-07-19 02:46:15","0","0");
INSERT INTO journal_entries VALUES ("569","559","21","112","0","0","","2024-07-19 02:46:15","293","0","0","2024-07-19 02:46:15","0","0");
INSERT INTO journal_entries VALUES ("570","559","148","0","112","1","","2024-07-19 02:46:15","293","0","0","2024-07-19 02:46:15","0","0");
INSERT INTO journal_entries VALUES ("571","560","148","100","0","0","","2024-07-19 19:40:08","0","295","0","2024-07-19 19:40:08","0","0");
INSERT INTO journal_entries VALUES ("572","560","27","0","100","1","","2024-07-19 19:40:08","0","295","0","2024-07-19 19:40:08","0","0");
INSERT INTO journal_entries VALUES ("573","561","21","100","0","0","","2024-07-19 19:40:08","295","0","0","2024-07-19 19:40:08","0","0");
INSERT INTO journal_entries VALUES ("574","561","148","0","100","1","","2024-07-19 19:40:08","295","0","0","2024-07-19 19:40:08","0","0");
INSERT INTO journal_entries VALUES ("575","562","148","47","0","0","","2024-07-19 19:50:25","0","297","0","2024-07-19 19:50:25","0","0");
INSERT INTO journal_entries VALUES ("576","562","27","0","47","1","","2024-07-19 19:50:25","0","297","0","2024-07-19 19:50:25","0","0");
INSERT INTO journal_entries VALUES ("577","563","21","47","0","0","","2024-07-19 19:50:25","297","0","0","2024-07-19 19:50:25","0","0");
INSERT INTO journal_entries VALUES ("578","563","148","0","47","1","","2024-07-19 19:50:25","297","0","0","2024-07-19 19:50:25","0","0");
INSERT INTO journal_entries VALUES ("579","564","148","25","0","0","","2024-07-19 19:51:22","0","299","0","2024-07-19 19:51:22","0","0");
INSERT INTO journal_entries VALUES ("580","564","27","0","25","1","","2024-07-19 19:51:22","0","299","0","2024-07-19 19:51:22","0","0");
INSERT INTO journal_entries VALUES ("581","565","21","25","0","0","","2024-07-19 19:51:22","299","0","0","2024-07-19 19:51:22","0","0");
INSERT INTO journal_entries VALUES ("582","565","148","0","25","1","","2024-07-19 19:51:22","299","0","0","2024-07-19 19:51:22","0","0");
INSERT INTO journal_entries VALUES ("583","566","148","325","0","0","","2024-07-20 14:54:10","0","301","0","2024-07-20 14:54:10","0","0");
INSERT INTO journal_entries VALUES ("584","566","27","0","325","1","","2024-07-20 14:54:10","0","301","0","2024-07-20 14:54:10","0","0");
INSERT INTO journal_entries VALUES ("585","567","21","325","0","0","","2024-07-20 14:54:10","301","0","0","2024-07-20 14:54:10","0","0");
INSERT INTO journal_entries VALUES ("586","567","148","0","325","1","","2024-07-20 14:54:10","301","0","0","2024-07-20 14:54:10","0","0");
INSERT INTO journal_entries VALUES ("587","568","148","75","0","0","","2024-07-20 14:54:27","0","303","0","2024-07-20 14:54:27","0","0");
INSERT INTO journal_entries VALUES ("588","568","27","0","75","1","","2024-07-20 14:54:27","0","303","0","2024-07-20 14:54:27","0","0");
INSERT INTO journal_entries VALUES ("589","569","21","75","0","0","","2024-07-20 14:54:27","303","0","0","2024-07-20 14:54:27","0","0");
INSERT INTO journal_entries VALUES ("590","569","148","0","75","1","","2024-07-20 14:54:27","303","0","0","2024-07-20 14:54:27","0","0");
INSERT INTO journal_entries VALUES ("591","570","148","60","0","0","","2024-07-20 14:57:00","0","305","0","2024-07-20 14:57:00","0","0");
INSERT INTO journal_entries VALUES ("592","570","27","0","60","1","","2024-07-20 14:57:00","0","305","0","2024-07-20 14:57:00","0","0");
INSERT INTO journal_entries VALUES ("593","571","21","60","0","0","","2024-07-20 14:57:00","305","0","0","2024-07-20 14:57:00","0","0");
INSERT INTO journal_entries VALUES ("594","571","148","0","60","1","","2024-07-20 14:57:00","305","0","0","2024-07-20 14:57:00","0","0");
INSERT INTO journal_entries VALUES ("595","572","148","305","0","0","","2024-07-20 14:58:51","0","307","0","2024-07-20 14:58:51","0","0");
INSERT INTO journal_entries VALUES ("596","572","27","0","305","1","","2024-07-20 14:58:51","0","307","0","2024-07-20 14:58:51","0","0");
INSERT INTO journal_entries VALUES ("597","573","21","305","0","0","","2024-07-20 14:58:51","307","0","0","2024-07-20 14:58:51","0","0");
INSERT INTO journal_entries VALUES ("598","573","148","0","305","1","","2024-07-20 14:58:51","307","0","0","2024-07-20 14:58:51","0","0");
INSERT INTO journal_entries VALUES ("599","574","148","15","0","0","","2024-07-20 16:09:48","0","309","0","2024-07-20 16:09:48","0","0");
INSERT INTO journal_entries VALUES ("600","574","27","0","15","1","","2024-07-20 16:09:48","0","309","0","2024-07-20 16:09:48","0","0");
INSERT INTO journal_entries VALUES ("601","575","21","15","0","0","","2024-07-20 16:09:48","309","0","0","2024-07-20 16:09:48","0","0");
INSERT INTO journal_entries VALUES ("602","575","148","0","15","1","","2024-07-20 16:09:48","309","0","0","2024-07-20 16:09:48","0","0");
INSERT INTO journal_entries VALUES ("603","576","148","125","0","0","","2024-07-20 16:24:28","0","311","0","2024-07-20 16:24:28","0","0");
INSERT INTO journal_entries VALUES ("604","576","27","0","125","1","","2024-07-20 16:24:28","0","311","0","2024-07-20 16:24:28","0","0");
INSERT INTO journal_entries VALUES ("605","577","21","125","0","0","","2024-07-20 16:24:28","311","0","0","2024-07-20 16:24:28","0","0");
INSERT INTO journal_entries VALUES ("606","577","148","0","125","1","","2024-07-20 16:24:28","311","0","0","2024-07-20 16:24:28","0","0");
INSERT INTO journal_entries VALUES ("607","578","148","28","0","0","","2024-07-20 16:24:33","0","313","0","2024-07-20 16:24:33","0","0");
INSERT INTO journal_entries VALUES ("608","578","27","0","28","1","","2024-07-20 16:24:33","0","313","0","2024-07-20 16:24:33","0","0");
INSERT INTO journal_entries VALUES ("609","579","21","28","0","0","","2024-07-20 16:24:33","313","0","0","2024-07-20 16:24:33","0","0");
INSERT INTO journal_entries VALUES ("610","579","148","0","28","1","","2024-07-20 16:24:33","313","0","0","2024-07-20 16:24:33","0","0");
INSERT INTO journal_entries VALUES ("611","580","148","122","0","0","","2024-07-22 11:03:04","0","315","0","2024-07-22 11:03:04","0","0");
INSERT INTO journal_entries VALUES ("612","580","27","0","122","1","","2024-07-22 11:03:04","0","315","0","2024-07-22 11:03:04","0","0");
INSERT INTO journal_entries VALUES ("613","581","21","122","0","0","","2024-07-22 11:03:04","315","0","0","2024-07-22 11:03:04","0","0");
INSERT INTO journal_entries VALUES ("614","581","148","0","122","1","","2024-07-22 11:03:04","315","0","0","2024-07-22 11:03:04","0","0");
INSERT INTO journal_entries VALUES ("615","582","148","40","0","0","","2024-07-22 11:03:30","0","317","0","2024-07-22 11:03:30","0","0");
INSERT INTO journal_entries VALUES ("616","582","27","0","40","1","","2024-07-22 11:03:30","0","317","0","2024-07-22 11:03:30","0","0");
INSERT INTO journal_entries VALUES ("617","583","21","40","0","0","","2024-07-22 11:03:30","317","0","0","2024-07-22 11:03:30","0","0");
INSERT INTO journal_entries VALUES ("618","583","148","0","40","1","","2024-07-22 11:03:30","317","0","0","2024-07-22 11:03:30","0","0");
INSERT INTO journal_entries VALUES ("619","584","148","22","0","0","","2024-07-22 11:03:56","0","319","0","2024-07-22 11:03:56","0","0");
INSERT INTO journal_entries VALUES ("620","584","27","0","22","1","","2024-07-22 11:03:56","0","319","0","2024-07-22 11:03:56","0","0");
INSERT INTO journal_entries VALUES ("621","585","21","22","0","0","","2024-07-22 11:03:56","319","0","0","2024-07-22 11:03:56","0","0");
INSERT INTO journal_entries VALUES ("622","585","148","0","22","1","","2024-07-22 11:03:56","319","0","0","2024-07-22 11:03:56","0","0");
INSERT INTO journal_entries VALUES ("623","586","148","27","0","0","","2024-07-22 11:04:22","0","321","0","2024-07-22 11:04:22","0","0");
INSERT INTO journal_entries VALUES ("624","586","27","0","27","1","","2024-07-22 11:04:22","0","321","0","2024-07-22 11:04:22","0","0");
INSERT INTO journal_entries VALUES ("625","587","21","27","0","0","","2024-07-22 11:04:22","321","0","0","2024-07-22 11:04:22","0","0");
INSERT INTO journal_entries VALUES ("626","587","148","0","27","1","","2024-07-22 11:04:22","321","0","0","2024-07-22 11:04:22","0","0");
INSERT INTO journal_entries VALUES ("627","588","148","108","0","0","","2024-07-22 11:05:59","0","323","0","2024-07-22 11:05:59","0","0");
INSERT INTO journal_entries VALUES ("628","588","27","0","108","1","","2024-07-22 11:05:59","0","323","0","2024-07-22 11:05:59","0","0");
INSERT INTO journal_entries VALUES ("629","589","21","108","0","0","","2024-07-22 11:05:59","323","0","0","2024-07-22 11:05:59","0","0");
INSERT INTO journal_entries VALUES ("630","589","148","0","108","1","","2024-07-22 11:05:59","323","0","0","2024-07-22 11:05:59","0","0");
INSERT INTO journal_entries VALUES ("631","590","27","14000","0","0","","2024-07-23 22:27:21","0","325","0","2024-07-27 05:11:11","0","0");
INSERT INTO journal_entries VALUES ("632","590","36","0","14000","1","","2024-07-23 22:27:21","0","325","0","2024-07-27 05:11:11","0","0");
INSERT INTO journal_entries VALUES ("633","591","36","5000","0","0","","2024-07-23 22:27:21","325","0","0","2024-07-23 22:27:21","0","0");
INSERT INTO journal_entries VALUES ("634","591","21","0","5000","1","","2024-07-23 22:27:21","325","0","0","2024-07-23 22:27:21","0","0");
INSERT INTO journal_entries VALUES ("635","592","148","150","0","0","","2024-07-23 22:34:12","0","327","0","2024-07-23 22:34:12","0","0");
INSERT INTO journal_entries VALUES ("636","592","27","0","150","1","","2024-07-23 22:34:12","0","327","0","2024-07-23 22:34:12","0","0");
INSERT INTO journal_entries VALUES ("637","593","21","150","0","0","","2024-07-23 22:34:12","327","0","0","2024-07-23 22:34:12","0","0");
INSERT INTO journal_entries VALUES ("638","593","148","0","150","1","","2024-07-23 22:34:12","327","0","0","2024-07-23 22:34:12","0","0");
INSERT INTO journal_entries VALUES ("639","594","148","0","0","0","","2024-07-25 06:36:59","0","329","0","2024-07-25 06:36:59","0","0");
INSERT INTO journal_entries VALUES ("640","594","27","0","0","1","","2024-07-25 06:36:59","0","329","0","2024-07-25 06:36:59","0","0");
INSERT INTO journal_entries VALUES ("641","595","21","0","0","0","","2024-07-25 06:36:59","329","0","0","2024-07-25 06:36:59","0","0");
INSERT INTO journal_entries VALUES ("642","595","148","0","0","1","","2024-07-25 06:36:59","329","0","0","2024-07-25 06:36:59","0","0");
INSERT INTO journal_entries VALUES ("643","596","148","47","0","0","","2024-07-25 16:08:04","0","331","0","2024-07-25 16:08:04","0","0");
INSERT INTO journal_entries VALUES ("644","596","27","0","47","1","","2024-07-25 16:08:04","0","331","0","2024-07-25 16:08:04","0","0");
INSERT INTO journal_entries VALUES ("645","597","21","47","0","0","","2024-07-25 16:08:04","331","0","0","2024-07-25 16:08:04","0","0");
INSERT INTO journal_entries VALUES ("646","597","148","0","47","1","","2024-07-25 16:08:04","331","0","0","2024-07-25 16:08:04","0","0");
INSERT INTO journal_entries VALUES ("647","598","148","75","0","0","","2024-07-25 16:23:01","0","333","0","2024-07-25 16:23:01","0","0");
INSERT INTO journal_entries VALUES ("648","598","27","0","75","1","","2024-07-25 16:23:01","0","333","0","2024-07-25 16:23:01","0","0");
INSERT INTO journal_entries VALUES ("649","599","21","75","0","0","","2024-07-25 16:23:01","333","0","0","2024-07-25 16:23:01","0","0");
INSERT INTO journal_entries VALUES ("650","599","148","0","75","1","","2024-07-25 16:23:01","333","0","0","2024-07-25 16:23:01","0","0");
INSERT INTO journal_entries VALUES ("651","600","148","0","0","0","","2024-07-25 18:00:20","0","335","0","2024-07-25 18:00:20","0","0");
INSERT INTO journal_entries VALUES ("652","600","27","0","0","1","","2024-07-25 18:00:20","0","335","0","2024-07-25 18:00:20","0","0");
INSERT INTO journal_entries VALUES ("653","601","148","30","0","0","","2024-07-25 22:53:54","0","336","0","2024-07-25 22:53:54","0","0");
INSERT INTO journal_entries VALUES ("654","601","27","0","30","1","","2024-07-25 22:53:54","0","336","0","2024-07-25 22:53:54","0","0");
INSERT INTO journal_entries VALUES ("655","602","21","30","0","0","","2024-07-25 22:53:54","336","0","0","2024-07-25 22:53:54","0","0");
INSERT INTO journal_entries VALUES ("656","602","148","0","30","1","","2024-07-25 22:53:54","336","0","0","2024-07-25 22:53:54","0","0");
INSERT INTO journal_entries VALUES ("657","603","148","1575","0","0","","2024-07-25 22:55:01","0","338","0","2024-07-25 22:55:01","0","0");
INSERT INTO journal_entries VALUES ("658","603","27","0","1575","1","","2024-07-25 22:55:01","0","338","0","2024-07-25 22:55:01","0","0");
INSERT INTO journal_entries VALUES ("659","604","21","1575","0","0","","2024-07-25 22:55:01","338","0","0","2024-07-25 22:55:01","0","0");
INSERT INTO journal_entries VALUES ("660","604","148","0","1575","1","","2024-07-25 22:55:01","338","0","0","2024-07-25 22:55:01","0","0");
INSERT INTO journal_entries VALUES ("661","605","27","5100","0","0","","2024-07-27 23:03:42","0","340","0","2024-07-27 23:10:28","0","0");
INSERT INTO journal_entries VALUES ("662","605","36","0","5100","1","","2024-07-27 23:03:42","0","340","0","2024-07-27 23:10:28","0","0");
INSERT INTO journal_entries VALUES ("663","606","36","5000","0","0","","2024-07-27 23:03:42","340","0","0","2024-07-27 23:10:28","0","0");
INSERT INTO journal_entries VALUES ("664","606","21","0","5000","1","","2024-07-27 23:03:42","340","0","0","2024-07-27 23:10:28","0","0");
INSERT INTO journal_entries VALUES ("665","607","148","261","0","0","","2024-07-29 00:04:13","0","342","0","2024-07-29 00:04:13","0","0");
INSERT INTO journal_entries VALUES ("666","607","27","0","261","1","","2024-07-29 00:04:13","0","342","0","2024-07-29 00:04:13","0","0");
INSERT INTO journal_entries VALUES ("667","608","21","261","0","0","","2024-07-29 00:04:13","342","0","0","2024-07-29 00:04:13","0","0");
INSERT INTO journal_entries VALUES ("668","608","148","0","261","1","","2024-07-29 00:04:13","342","0","0","2024-07-29 00:04:13","0","0");
INSERT INTO journal_entries VALUES ("669","609","27","6000","0","0","","2024-07-29 04:41:53","0","344","0","2024-07-29 04:41:53","0","0");
INSERT INTO journal_entries VALUES ("670","609","36","0","6000","1","","2024-07-29 04:41:53","0","344","0","2024-07-29 04:41:53","0","0");
INSERT INTO journal_entries VALUES ("671","610","27","20240","0","0","","2024-07-29 04:45:26","0","345","0","2024-07-29 04:45:26","0","0");
INSERT INTO journal_entries VALUES ("672","610","36","0","20240","1","","2024-07-29 04:45:26","0","345","0","2024-07-29 04:45:26","0","0");
INSERT INTO journal_entries VALUES ("673","611","27","40480","0","0","","2024-07-29 04:47:00","0","346","0","2024-07-29 04:47:00","0","0");
INSERT INTO journal_entries VALUES ("674","611","36","0","40480","1","","2024-07-29 04:47:00","0","346","0","2024-07-29 04:47:00","0","0");
INSERT INTO journal_entries VALUES ("675","612","27","1000","0","0","","2024-07-29 04:49:46","0","347","0","2024-07-29 04:49:46","0","0");
INSERT INTO journal_entries VALUES ("676","612","36","0","1000","1","","2024-07-29 04:49:46","0","347","0","2024-07-29 04:49:46","0","0");
INSERT INTO journal_entries VALUES ("677","613","27","5000","0","0","","2024-07-29 04:50:18","0","348","0","2024-07-29 04:50:18","0","0");
INSERT INTO journal_entries VALUES ("678","613","36","0","5000","1","","2024-07-29 04:50:18","0","348","0","2024-07-29 04:50:18","0","0");
INSERT INTO journal_entries VALUES ("679","614","27","10000","0","0","","2024-07-29 04:58:15","0","349","0","2024-07-29 04:58:15","0","0");
INSERT INTO journal_entries VALUES ("680","614","36","0","10000","1","","2024-07-29 04:58:15","0","349","0","2024-07-29 04:58:15","0","0");
INSERT INTO journal_entries VALUES ("681","615","27","100","0","0","","2024-07-29 05:00:39","0","350","0","2024-07-29 05:00:39","0","0");
INSERT INTO journal_entries VALUES ("682","615","36","0","100","1","","2024-07-29 05:00:39","0","350","0","2024-07-29 05:00:39","0","0");
INSERT INTO journal_entries VALUES ("683","616","27","10","0","0","","2024-07-29 05:02:20","0","351","0","2024-07-29 05:02:20","0","0");
INSERT INTO journal_entries VALUES ("684","616","36","0","10","1","","2024-07-29 05:02:20","0","351","0","2024-07-29 05:02:20","0","0");
INSERT INTO journal_entries VALUES ("685","617","27","10","0","0","","2024-07-29 05:03:08","0","352","0","2024-07-29 05:03:08","0","0");
INSERT INTO journal_entries VALUES ("686","617","36","0","10","1","","2024-07-29 05:03:08","0","352","0","2024-07-29 05:03:08","0","0");
INSERT INTO journal_entries VALUES ("687","618","27","0","0","0","","2024-07-29 05:04:37","0","353","0","2024-07-29 05:04:37","0","0");
INSERT INTO journal_entries VALUES ("688","618","36","0","0","1","","2024-07-29 05:04:37","0","353","0","2024-07-29 05:04:37","0","0");
INSERT INTO journal_entries VALUES ("689","619","27","169","0","0","","2024-07-29 06:32:06","0","354","0","2024-07-29 06:32:06","0","0");
INSERT INTO journal_entries VALUES ("690","619","36","0","169","1","","2024-07-29 06:32:06","0","354","0","2024-07-29 06:32:06","0","0");
INSERT INTO journal_entries VALUES ("691","620","27","286","0","0","","2024-07-29 06:32:32","0","355","0","2024-07-29 06:32:32","0","0");
INSERT INTO journal_entries VALUES ("692","620","36","0","286","1","","2024-07-29 06:32:32","0","355","0","2024-07-29 06:32:32","0","0");
INSERT INTO journal_entries VALUES ("693","621","27","1456","0","0","","2024-07-29 06:33:31","0","356","0","2024-07-29 06:33:31","0","0");
INSERT INTO journal_entries VALUES ("694","621","36","0","1456","1","","2024-07-29 06:33:31","0","356","0","2024-07-29 06:33:31","0","0");
INSERT INTO journal_entries VALUES ("695","622","148","140","0","0","","2024-07-29 06:49:28","0","357","0","2024-07-29 06:49:28","0","0");
INSERT INTO journal_entries VALUES ("696","622","27","0","140","1","","2024-07-29 06:49:28","0","357","0","2024-07-29 06:49:28","0","0");
INSERT INTO journal_entries VALUES ("697","623","27","250","0","0","","2024-07-29 07:12:47","0","358","0","2024-07-29 07:12:47","0","0");
INSERT INTO journal_entries VALUES ("698","623","36","0","250","1","","2024-07-29 07:12:47","0","358","0","2024-07-29 07:12:47","0","0");
INSERT INTO journal_entries VALUES ("699","624","27","390","0","0","","2024-07-29 07:13:18","0","359","0","2024-07-29 07:13:18","0","0");
INSERT INTO journal_entries VALUES ("700","624","36","0","390","1","","2024-07-29 07:13:18","0","359","0","2024-07-29 07:13:18","0","0");
INSERT INTO journal_entries VALUES ("701","625","148","650","0","0","","2024-07-29 07:14:45","0","360","0","2024-07-29 07:14:45","0","0");
INSERT INTO journal_entries VALUES ("702","625","27","0","650","1","","2024-07-29 07:14:45","0","360","0","2024-07-29 07:14:45","0","0");
INSERT INTO journal_entries VALUES ("703","626","148","15","0","0","","2024-07-29 07:20:27","0","361","0","2024-07-29 07:20:27","0","0");
INSERT INTO journal_entries VALUES ("704","626","27","0","15","1","","2024-07-29 07:20:27","0","361","0","2024-07-29 07:20:27","0","0");
INSERT INTO journal_entries VALUES ("705","627","148","15","0","0","","2024-07-29 07:22:39","0","362","0","2024-07-29 07:22:39","0","0");
INSERT INTO journal_entries VALUES ("706","627","27","0","15","1","","2024-07-29 07:22:39","0","362","0","2024-07-29 07:22:39","0","0");
INSERT INTO journal_entries VALUES ("707","628","148","2772","0","0","","2024-07-29 07:28:12","0","363","0","2024-07-29 07:28:12","0","0");
INSERT INTO journal_entries VALUES ("708","628","27","0","2772","1","","2024-07-29 07:28:12","0","363","0","2024-07-29 07:28:12","0","0");
INSERT INTO journal_entries VALUES ("709","629","148","11000","0","0","","2024-07-29 07:29:36","0","364","0","2024-07-29 07:29:36","0","0");
INSERT INTO journal_entries VALUES ("710","629","27","0","11000","1","","2024-07-29 07:29:36","0","364","0","2024-07-29 07:29:36","0","0");
INSERT INTO journal_entries VALUES ("711","630","148","2900","0","0","","2024-07-29 07:33:29","0","365","0","2024-07-29 07:33:29","0","0");
INSERT INTO journal_entries VALUES ("712","630","27","0","2900","1","","2024-07-29 07:33:29","0","365","0","2024-07-29 07:33:29","0","0");
INSERT INTO journal_entries VALUES ("713","631","148","4400","0","0","","2024-07-29 07:37:09","0","366","0","2024-07-29 07:37:09","0","0");
INSERT INTO journal_entries VALUES ("714","631","27","0","4400","1","","2024-07-29 07:37:09","0","366","0","2024-07-29 07:37:09","0","0");
INSERT INTO journal_entries VALUES ("715","632","148","75","0","0","","2024-07-29 17:29:24","0","367","0","2024-07-29 17:29:24","0","0");
INSERT INTO journal_entries VALUES ("716","632","27","0","75","1","","2024-07-29 17:29:24","0","367","0","2024-07-29 17:29:24","0","0");
INSERT INTO journal_entries VALUES ("717","633","21","75","0","0","","2024-07-29 17:29:24","367","0","0","2024-07-29 17:29:24","0","0");
INSERT INTO journal_entries VALUES ("718","633","148","0","75","1","","2024-07-29 17:29:24","367","0","0","2024-07-29 17:29:24","0","0");
INSERT INTO journal_entries VALUES ("719","634","148","40","0","0","","2024-07-29 18:17:12","0","369","0","2024-07-29 18:17:12","0","0");
INSERT INTO journal_entries VALUES ("720","634","27","0","40","1","","2024-07-29 18:17:12","0","369","0","2024-07-29 18:17:12","0","0");
INSERT INTO journal_entries VALUES ("721","635","21","40","0","0","","2024-07-29 18:17:12","369","0","0","2024-07-29 18:17:12","0","0");
INSERT INTO journal_entries VALUES ("722","635","148","0","40","1","","2024-07-29 18:17:12","369","0","0","2024-07-29 18:17:12","0","0");
INSERT INTO journal_entries VALUES ("723","636","27","6000","0","0","","2024-07-29 19:01:46","0","371","0","2024-07-29 19:01:46","0","0");
INSERT INTO journal_entries VALUES ("724","636","36","0","6000","1","","2024-07-29 19:01:46","0","371","0","2024-07-29 19:01:46","0","0");
INSERT INTO journal_entries VALUES ("725","637","27","30","0","0","","2024-07-29 19:25:07","0","372","0","2024-07-29 19:25:07","0","0");
INSERT INTO journal_entries VALUES ("726","637","36","0","30","1","","2024-07-29 19:25:07","0","372","0","2024-07-29 19:25:07","0","0");
INSERT INTO journal_entries VALUES ("727","638","148","24","0","0","","2024-07-29 19:28:01","0","373","0","2024-07-29 19:28:01","0","0");
INSERT INTO journal_entries VALUES ("728","638","27","0","24","1","","2024-07-29 19:28:01","0","373","0","2024-07-29 19:28:01","0","0");
INSERT INTO journal_entries VALUES ("729","639","148","22","0","0","","2024-07-30 03:01:35","0","374","0","2024-07-30 03:01:35","0","0");
INSERT INTO journal_entries VALUES ("730","639","27","0","22","1","","2024-07-30 03:01:35","0","374","0","2024-07-30 03:01:35","0","0");
INSERT INTO journal_entries VALUES ("731","640","21","22","0","0","","2024-07-30 03:01:35","374","0","0","2024-07-30 03:01:35","0","0");
INSERT INTO journal_entries VALUES ("732","640","148","0","22","1","","2024-07-30 03:01:35","374","0","0","2024-07-30 03:01:35","0","0");



DROP TABLE journal_heads;

CREATE TABLE `journal_heads` (
  `id` int(11) NOT NULL AUTO_INCREMENT,
  `journal_id` int(11) NOT NULL,
  `total` double NOT NULL,
  `jdate` date NOT NULL DEFAULT current_timestamp(),
  `op_id` int(11) DEFAULT NULL,
  `pro_tybe` int(11) DEFAULT NULL,
  `details` varchar(250) DEFAULT NULL,
  `crtime` timestamp NOT NULL DEFAULT current_timestamp(),
  `op2` int(11) DEFAULT 0,
  `isdeleted` tinyint(1) DEFAULT 0,
  `mdtime` timestamp NOT NULL DEFAULT current_timestamp() ON UPDATE current_timestamp(),
  `user` int(1) DEFAULT NULL,
  `tenant` int(11) DEFAULT 0,
  `branch` int(11) DEFAULT 0,
  PRIMARY KEY (`id`),
  KEY `journal_heads_ibfk_1` (`pro_tybe`)
) ENGINE=InnoDB AUTO_INCREMENT=641 DEFAULT CHARSET=utf8mb4 COLLATE=utf8mb4_general_ci;

INSERT INTO journal_heads VALUES ("552","1","257","2024-07-18","287","","فاتورة ريسيت _ 287","2024-07-18 20:52:59","0","0","2024-07-18 20:52:59","1","0","0");
INSERT INTO journal_heads VALUES ("553","2","257","2024-07-18","288","","سند قبض _ 1","2024-07-18 20:53:00","287","0","2024-07-18 20:53:00","1","0","0");
INSERT INTO journal_heads VALUES ("554","3","75","2024-07-19","289","","فاتورة ريسيت _ 289","2024-07-19 02:39:49","0","0","2024-07-19 02:39:49","1","0","0");
INSERT INTO journal_heads VALUES ("555","4","75","2024-07-19","290","","سند قبض _ 2","2024-07-19 02:39:49","289","0","2024-07-19 02:39:49","1","0","0");
INSERT INTO journal_heads VALUES ("556","5","75","2024-07-19","291","","فاتورة ريسيت _ 291","2024-07-19 02:41:54","0","0","2024-07-19 02:41:54","1","0","0");
INSERT INTO journal_heads VALUES ("557","6","75","2024-07-19","292","","سند قبض _ 3","2024-07-19 02:41:54","291","0","2024-07-19 02:41:54","1","0","0");
INSERT INTO journal_heads VALUES ("558","7","112","2024-07-19","293","","فاتورة ريسيت _ 293","2024-07-19 02:46:15","0","0","2024-07-19 02:46:15","1","0","0");
INSERT INTO journal_heads VALUES ("559","8","112","2024-07-19","294","","سند قبض _ 4","2024-07-19 02:46:15","293","0","2024-07-19 02:46:15","1","0","0");
INSERT INTO journal_heads VALUES ("560","9","100","2024-07-19","295","","فاتورة ريسيت _ 295","2024-07-19 19:40:08","0","0","2024-07-19 19:40:08","1","0","0");
INSERT INTO journal_heads VALUES ("561","10","100","2024-07-19","296","","سند قبض _ 5","2024-07-19 19:40:08","295","0","2024-07-19 19:40:08","1","0","0");
INSERT INTO journal_heads VALUES ("562","11","47","2024-07-19","297","","فاتورة ريسيت _ 297","2024-07-19 19:50:25","0","0","2024-07-19 19:50:25","1","0","0");
INSERT INTO journal_heads VALUES ("563","12","47","2024-07-19","298","","سند قبض _ 6","2024-07-19 19:50:25","297","0","2024-07-19 19:50:25","1","0","0");
INSERT INTO journal_heads VALUES ("564","13","25","2024-07-19","299","","فاتورة ريسيت _ 299","2024-07-19 19:51:22","0","0","2024-07-19 19:51:22","1","0","0");
INSERT INTO journal_heads VALUES ("565","14","25","2024-07-19","300","","سند قبض _ 7","2024-07-19 19:51:22","299","0","2024-07-19 19:51:22","1","0","0");
INSERT INTO journal_heads VALUES ("566","15","325","2024-07-20","301","","فاتورة ريسيت _ 301","2024-07-20 14:54:10","0","0","2024-07-20 14:54:10","1","0","0");
INSERT INTO journal_heads VALUES ("567","16","325","2024-07-20","302","","سند قبض _ 8","2024-07-20 14:54:10","301","0","2024-07-20 14:54:10","1","0","0");
INSERT INTO journal_heads VALUES ("568","17","75","2024-07-20","303","","فاتورة ريسيت _ 303","2024-07-20 14:54:27","0","0","2024-07-20 14:54:27","1","0","0");
INSERT INTO journal_heads VALUES ("569","18","75","2024-07-20","304","","سند قبض _ 9","2024-07-20 14:54:27","303","0","2024-07-20 14:54:27","1","0","0");
INSERT INTO journal_heads VALUES ("570","19","60","2024-07-20","305","","فاتورة ريسيت _ 305","2024-07-20 14:57:00","0","0","2024-07-20 14:57:00","1","0","0");
INSERT INTO journal_heads VALUES ("571","20","60","2024-07-20","306","","سند قبض _ 10","2024-07-20 14:57:00","305","0","2024-07-20 14:57:00","1","0","0");
INSERT INTO journal_heads VALUES ("572","21","305","2024-07-20","307","","فاتورة ريسيت _ 307","2024-07-20 14:58:51","0","0","2024-07-20 14:58:51","1","0","0");
INSERT INTO journal_heads VALUES ("573","22","305","2024-07-20","308","","سند قبض _ 11","2024-07-20 14:58:51","307","0","2024-07-20 14:58:51","1","0","0");
INSERT INTO journal_heads VALUES ("574","23","15","2024-07-20","309","","فاتورة ريسيت _ 309","2024-07-20 16:09:48","0","0","2024-07-20 16:09:48","1","0","0");
INSERT INTO journal_heads VALUES ("575","24","15","2024-07-20","310","","سند قبض _ 12","2024-07-20 16:09:48","309","0","2024-07-20 16:09:48","1","0","0");
INSERT INTO journal_heads VALUES ("576","25","125","2024-07-20","311","","فاتورة ريسيت _ 311","2024-07-20 16:24:28","0","0","2024-07-20 16:24:28","1","0","0");
INSERT INTO journal_heads VALUES ("577","26","125","2024-07-20","312","","سند قبض _ 13","2024-07-20 16:24:28","311","0","2024-07-20 16:24:28","1","0","0");
INSERT INTO journal_heads VALUES ("578","27","28","2024-07-20","313","","فاتورة ريسيت _ 313","2024-07-20 16:24:33","0","0","2024-07-20 16:24:33","1","0","0");
INSERT INTO journal_heads VALUES ("579","28","28","2024-07-20","314","","سند قبض _ 14","2024-07-20 16:24:33","313","0","2024-07-20 16:24:33","1","0","0");
INSERT INTO journal_heads VALUES ("580","29","122","2024-07-22","315","","فاتورة ريسيت _ 315","2024-07-22 11:03:04","0","0","2024-07-22 11:03:04","1","0","0");
INSERT INTO journal_heads VALUES ("581","30","122","2024-07-22","316","","سند قبض _ 15","2024-07-22 11:03:04","315","0","2024-07-22 11:03:04","1","0","0");
INSERT INTO journal_heads VALUES ("582","31","40","2024-07-22","317","","فاتورة ريسيت _ 317","2024-07-22 11:03:30","0","0","2024-07-22 11:03:30","1","0","0");
INSERT INTO journal_heads VALUES ("583","32","40","2024-07-22","318","","سند قبض _ 16","2024-07-22 11:03:30","317","0","2024-07-22 11:03:30","1","0","0");
INSERT INTO journal_heads VALUES ("584","33","22","2024-07-22","319","","فاتورة ريسيت _ 319","2024-07-22 11:03:56","0","0","2024-07-22 11:03:56","1","0","0");
INSERT INTO journal_heads VALUES ("585","34","22","2024-07-22","320","","سند قبض _ 17","2024-07-22 11:03:56","319","0","2024-07-22 11:03:56","1","0","0");
INSERT INTO journal_heads VALUES ("586","35","27","2024-07-22","321","","فاتورة ريسيت _ 321","2024-07-22 11:04:22","0","0","2024-07-22 11:04:22","1","0","0");
INSERT INTO journal_heads VALUES ("587","36","27","2024-07-22","322","","سند قبض _ 18","2024-07-22 11:04:22","321","0","2024-07-22 11:04:22","1","0","0");
INSERT INTO journal_heads VALUES ("588","37","108","2024-07-22","323","","فاتورة ريسيت _ 323","2024-07-22 11:05:59","0","0","2024-07-22 11:05:59","1","0","0");
INSERT INTO journal_heads VALUES ("589","38","108","2024-07-22","324","","سند قبض _ 19","2024-07-22 11:05:59","323","0","2024-07-22 11:05:59","1","0","0");
INSERT INTO journal_heads VALUES ("590","39","14000","2024-07-27","325","","فاتورة مشتريات","2024-07-23 22:27:21","0","0","2024-07-27 05:11:11","1","0","0");
INSERT INTO journal_heads VALUES ("591","40","5000","2024-07-23","326","","سند دفع  _ 1","2024-07-23 22:27:21","325","0","2024-07-23 22:27:21","1","0","0");
INSERT INTO journal_heads VALUES ("592","41","150","2024-07-23","327","","فاتورة ريسيت _ 327","2024-07-23 22:34:12","0","0","2024-07-23 22:34:12","1","0","0");
INSERT INTO journal_heads VALUES ("593","42","150","2024-07-23","328","","سند قبض _ 20","2024-07-23 22:34:12","327","0","2024-07-23 22:34:12","1","0","0");
INSERT INTO journal_heads VALUES ("594","43","0","2024-07-25","329","","فاتورة ريسيت _ 329","2024-07-25 06:36:59","0","0","2024-07-25 06:36:59","1","0","0");
INSERT INTO journal_heads VALUES ("595","44","0","2024-07-25","330","","سند قبض _ 21","2024-07-25 06:36:59","329","0","2024-07-25 06:36:59","1","0","0");
INSERT INTO journal_heads VALUES ("596","45","47","2024-07-25","331","","فاتورة ريسيت _ 331","2024-07-25 16:08:04","0","0","2024-07-25 16:08:04","1","0","0");
INSERT INTO journal_heads VALUES ("597","46","47","2024-07-25","332","","سند قبض _ 22","2024-07-25 16:08:04","331","0","2024-07-25 16:08:04","1","0","0");
INSERT INTO journal_heads VALUES ("598","47","75","2024-07-25","333","","فاتورة ريسيت _ 333","2024-07-25 16:23:01","0","0","2024-07-25 16:23:01","1","0","0");
INSERT INTO journal_heads VALUES ("599","48","75","2024-07-25","334","","سند قبض _ 23","2024-07-25 16:23:01","333","0","2024-07-25 16:23:01","1","0","0");
INSERT INTO journal_heads VALUES ("600","49","0","2024-07-25","335","","فاتورة ريسيت _ 335","2024-07-25 18:00:20","0","0","2024-07-25 18:00:20","1","0","0");
INSERT INTO journal_heads VALUES ("601","50","30","2024-07-25","336","","فاتورة ريسيت _ 336","2024-07-25 22:53:54","0","0","2024-07-25 22:53:54","1","0","0");
INSERT INTO journal_heads VALUES ("602","51","30","2024-07-25","337","","سند قبض _ 25","2024-07-25 22:53:54","336","0","2024-07-25 22:53:54","1","0","0");
INSERT INTO journal_heads VALUES ("603","52","1575","2024-07-25","338","","فاتورة ريسيت _ 338","2024-07-25 22:55:01","0","0","2024-07-25 22:55:01","1","0","0");
INSERT INTO journal_heads VALUES ("604","53","1575","2024-07-25","339","","سند قبض _ 26","2024-07-25 22:55:01","338","0","2024-07-25 22:55:01","1","0","0");
INSERT INTO journal_heads VALUES ("605","54","5100","2024-07-28","340","","فاتورة مشتريات","2024-07-27 23:03:42","0","0","2024-07-27 23:10:28","1","0","0");
INSERT INTO journal_heads VALUES ("606","55","1000","2024-07-28","341","","سند دفع  _ 2","2024-07-27 23:03:42","340","0","2024-07-27 23:03:42","1","0","0");
INSERT INTO journal_heads VALUES ("607","56","261","2024-07-28","342","","فاتورة ريسيت _ 342","2024-07-29 00:04:13","0","0","2024-07-29 00:04:13","1","0","0");
INSERT INTO journal_heads VALUES ("608","57","261","2024-07-28","343","","سند قبض _ 27","2024-07-29 00:04:13","342","0","2024-07-29 00:04:13","1","0","0");
INSERT INTO journal_heads VALUES ("609","58","6000","2024-07-29","344","","فاتورة مشتريات _ 344","2024-07-29 04:41:53","0","0","2024-07-29 04:41:53","1","0","0");
INSERT INTO journal_heads VALUES ("610","59","20240","2024-07-29","345","","فاتورة مشتريات _ 345","2024-07-29 04:45:26","0","0","2024-07-29 04:45:26","1","0","0");
INSERT INTO journal_heads VALUES ("611","60","40480","2024-07-29","346","","فاتورة مشتريات _ 346","2024-07-29 04:47:00","0","0","2024-07-29 04:47:00","1","0","0");
INSERT INTO journal_heads VALUES ("612","61","1000","2024-07-29","347","","فاتورة مشتريات _ 347","2024-07-29 04:49:46","0","0","2024-07-29 04:49:46","1","0","0");
INSERT INTO journal_heads VALUES ("613","62","5000","2024-07-29","348","","فاتورة مشتريات _ 348","2024-07-29 04:50:18","0","0","2024-07-29 04:50:18","1","0","0");
INSERT INTO journal_heads VALUES ("614","63","10000","2024-07-29","349","","فاتورة مشتريات _ 349","2024-07-29 04:58:15","0","0","2024-07-29 04:58:15","1","0","0");
INSERT INTO journal_heads VALUES ("615","64","100","2024-07-29","350","","فاتورة مشتريات _ 350","2024-07-29 05:00:39","0","0","2024-07-29 05:00:39","1","0","0");
INSERT INTO journal_heads VALUES ("616","65","10","2024-07-29","351","","فاتورة مشتريات _ 351","2024-07-29 05:02:20","0","0","2024-07-29 05:02:20","1","0","0");
INSERT INTO journal_heads VALUES ("617","66","10","2024-07-29","352","","فاتورة مشتريات _ 352","2024-07-29 05:03:08","0","0","2024-07-29 05:03:08","1","0","0");
INSERT INTO journal_heads VALUES ("618","67","0","2024-07-29","353","","فاتورة مشتريات _ 353","2024-07-29 05:04:37","0","0","2024-07-29 05:04:37","1","0","0");
INSERT INTO journal_heads VALUES ("619","68","169","2024-07-29","354","","فاتورة مشتريات _ 354","2024-07-29 06:32:06","0","0","2024-07-29 06:32:06","1","0","0");
INSERT INTO journal_heads VALUES ("620","69","286","2024-07-29","355","","فاتورة مشتريات _ 355","2024-07-29 06:32:32","0","0","2024-07-29 06:32:32","1","0","0");
INSERT INTO journal_heads VALUES ("621","70","1456","2024-07-29","356","","فاتورة مشتريات _ 356","2024-07-29 06:33:31","0","0","2024-07-29 06:33:31","1","0","0");
INSERT INTO journal_heads VALUES ("622","71","140","2024-07-29","357","","فاتورة مبيعات _ 357","2024-07-29 06:49:28","0","0","2024-07-29 06:49:28","1","0","0");
INSERT INTO journal_heads VALUES ("623","72","250","2024-07-29","358","","فاتورة مشتريات _ 358","2024-07-29 07:12:47","0","0","2024-07-29 07:12:47","1","0","0");
INSERT INTO journal_heads VALUES ("624","73","390","2024-07-29","359","","فاتورة مشتريات _ 359","2024-07-29 07:13:18","0","0","2024-07-29 07:13:18","1","0","0");
INSERT INTO journal_heads VALUES ("625","74","650","2024-07-29","360","","فاتورة مبيعات _ 360","2024-07-29 07:14:45","0","0","2024-07-29 07:14:45","1","0","0");
INSERT INTO journal_heads VALUES ("626","75","15","2024-07-29","361","","فاتورة مبيعات _ 361","2024-07-29 07:20:27","0","0","2024-07-29 07:20:27","1","0","0");
INSERT INTO journal_heads VALUES ("627","76","15","2024-07-29","362","","فاتورة مبيعات _ 362","2024-07-29 07:22:39","0","0","2024-07-29 07:22:39","1","0","0");
INSERT INTO journal_heads VALUES ("628","77","2772","2024-07-29","363","","فاتورة مبيعات _ 363","2024-07-29 07:28:12","0","0","2024-07-29 07:28:12","1","0","0");
INSERT INTO journal_heads VALUES ("629","78","11000","2024-07-29","364","","فاتورة مبيعات _ 364","2024-07-29 07:29:36","0","0","2024-07-29 07:29:36","1","0","0");
INSERT INTO journal_heads VALUES ("630","79","2900","2024-07-29","365","","فاتورة مبيعات _ 365","2024-07-29 07:33:29","0","0","2024-07-29 07:33:29","1","0","0");
INSERT INTO journal_heads VALUES ("631","80","4400","2024-07-29","366","","فاتورة مبيعات _ 366","2024-07-29 07:37:09","0","0","2024-07-29 07:37:09","1","0","0");
INSERT INTO journal_heads VALUES ("632","81","75","2024-07-29","367","","فاتورة ريسيت _ 367","2024-07-29 17:29:24","0","0","2024-07-29 17:29:24","1","0","0");
INSERT INTO journal_heads VALUES ("633","82","75","2024-07-29","368","","سند قبض _ 28","2024-07-29 17:29:24","367","0","2024-07-29 17:29:24","1","0","0");
INSERT INTO journal_heads VALUES ("634","83","40","2024-07-29","369","","فاتورة ريسيت _ 369","2024-07-29 18:17:12","0","0","2024-07-29 18:17:12","1","0","0");
INSERT INTO journal_heads VALUES ("635","84","40","2024-07-29","370","","سند قبض _ 29","2024-07-29 18:17:12","369","0","2024-07-29 18:17:12","1","0","0");
INSERT INTO journal_heads VALUES ("636","85","6000","2024-07-29","371","","فاتورة مشتريات _ 371","2024-07-29 19:01:46","0","0","2024-07-29 19:01:46","1","0","0");
INSERT INTO journal_heads VALUES ("637","86","30","2024-07-29","372","","فاتورة مشتريات _ 372","2024-07-29 19:25:07","0","0","2024-07-29 19:25:07","1","0","0");
INSERT INTO journal_heads VALUES ("638","87","24","2024-07-29","373","","فاتورة مبيعات _ 373","2024-07-29 19:28:01","0","0","2024-07-29 19:28:01","1","0","0");
INSERT INTO journal_heads VALUES ("639","88","22","2024-07-30","374","","فاتورة ريسيت _ 374","2024-07-30 03:01:35","0","0","2024-07-30 03:01:35","1","0","0");
INSERT INTO journal_heads VALUES ("640","89","22","2024-07-30","375","","سند قبض _ 30","2024-07-30 03:01:35","374","0","2024-07-30 03:01:35","1","0","0");



DROP TABLE journal_tybes;

CREATE TABLE `journal_tybes` (
  `id` int(11) NOT NULL AUTO_INCREMENT,
  `journal_id` int(11) DEFAULT NULL,
  `jname` varchar(222) DEFAULT NULL,
  `jtext` varchar(222) DEFAULT NULL,
  `info` varchar(222) DEFAULT NULL,
  `crtime` timestamp NOT NULL DEFAULT current_timestamp(),
  `mdtime` timestamp NOT NULL DEFAULT current_timestamp(),
  `isdeleted` tinyint(1) DEFAULT 0,
  `tenant` int(11) DEFAULT 0,
  `branch` int(11) DEFAULT 0,
  PRIMARY KEY (`id`)
) ENGINE=InnoDB AUTO_INCREMENT=9 DEFAULT CHARSET=utf8mb4 COLLATE=utf8mb4_general_ci;

INSERT INTO journal_tybes VALUES ("1","1","purchases","يومية المقبوضات","","2024-03-14 02:34:38","2024-03-14 02:34:38","0","0","0");
INSERT INTO journal_tybes VALUES ("2","2","sales","يومية المدفوعات","","2024-03-14 02:34:38","2024-03-14 02:34:38","0","0","0");
INSERT INTO journal_tybes VALUES ("3","3","Payments","المبيعات","","2024-03-14 02:34:38","2024-03-14 02:34:38","0","0","0");
INSERT INTO journal_tybes VALUES ("4","4","receipts","يومية المشتريات","","2024-03-14 02:34:38","2024-03-14 02:34:38","0","0","0");
INSERT INTO journal_tybes VALUES ("5","5","Accrueds","ايراد مستحق","","2024-03-14 02:34:38","2024-03-14 02:34:38","0","0","0");
INSERT INTO journal_tybes VALUES ("6","6","Accrueds","خصم مكتسب","","2024-03-14 02:34:38","2024-03-14 02:34:38","0","0","0");
INSERT INTO journal_tybes VALUES ("7","7","Accrueds","خصم مسموح به","","2024-03-14 02:34:38","2024-03-14 02:34:38","0","0","0");
INSERT INTO journal_tybes VALUES ("8","8","journal","القيود اليومية","","2024-03-14 02:34:38","2024-03-14 02:34:38","0","0","0");



DROP TABLE karta;

CREATE TABLE `karta` (
  `id` int(11) NOT NULL AUTO_INCREMENT,
  `kname` varchar(200) NOT NULL,
  `info` varchar(200) DEFAULT NULL,
  `crtime` timestamp NOT NULL DEFAULT current_timestamp(),
  `mdtime` timestamp NULL DEFAULT current_timestamp(),
  `isdeleted` tinyint(1) DEFAULT 0,
  `tenant` int(11) DEFAULT 0,
  `branch` int(11) DEFAULT 0,
  PRIMARY KEY (`id`)
) ENGINE=InnoDB DEFAULT CHARSET=utf8mb4 COLLATE=utf8mb4_general_ci;




DROP TABLE kbis;

CREATE TABLE `kbis` (
  `id` int(11) NOT NULL AUTO_INCREMENT,
  `kname` varchar(100) NOT NULL,
  `info` varchar(100) DEFAULT NULL,
  `user` int(11) DEFAULT 1,
  `isdeleted` tinyint(1) DEFAULT 0,
  `crtime` datetime DEFAULT current_timestamp(),
  `mdtime` datetime DEFAULT current_timestamp() ON UPDATE current_timestamp(),
  `ktybe` varchar(100) DEFAULT NULL,
  `tenant` int(11) DEFAULT 0,
  `branch` int(11) DEFAULT 0,
  PRIMARY KEY (`id`)
) ENGINE=InnoDB AUTO_INCREMENT=17 DEFAULT CHARSET=utf8mb4 COLLATE=utf8mb4_general_ci;

INSERT INTO kbis VALUES ("1","معدل الانجاز","المهمات المكتملة/ المهمات الموكلة","1","0","2024-07-24 20:10:58","2024-07-24 20:25:02","الانتاجية","0","0");
INSERT INTO kbis VALUES ("2","معدل العمل الفعلي","وقت العمل الفعلي/وقت العمل","1","0","2024-07-24 20:24:47","2024-07-24 20:24:47","الانتاجية","0","0");
INSERT INTO kbis VALUES ("3","معدل الاخطاء","100% بدون اخطاء  ||    0% اخطاء اكثر من المسموح","1","0","2024-07-24 20:26:59","2024-07-24 20:26:59","","0","0");
INSERT INTO kbis VALUES ("4","معدل جودة المخرجات","يتم التقييم من ادارة الجودة","1","0","2024-07-24 20:27:55","2024-07-24 20:27:55","الجودة","0","0");
INSERT INTO kbis VALUES ("5","معدل الحضور","الحضور بالساعات / الساعات المقررة","1","0","2024-07-24 20:29:18","2024-07-24 20:29:18","الالتزام","0","0");
INSERT INTO kbis VALUES ("6","معدل التطور","احساب المهارات المضافة شهريا","1","0","2024-07-24 20:30:04","2024-07-24 20:30:04","التطوير","0","0");
INSERT INTO kbis VALUES ("7","تقييم الزملاء","يتم من خلال استطلاعات
","1","0","2024-07-24 20:32:32","2024-07-24 20:32:32","العمل الجماعي","0","0");
INSERT INTO kbis VALUES ("8","معدل المشاركة في الاجتماعات","المشاركة / الاجتماعات","1","0","2024-07-24 20:35:16","2024-07-24 20:35:16","العمل الجماعي","0","0");
INSERT INTO kbis VALUES ("9","تقييم القائد","تقييم الفريق للقائد","1","0","2024-07-24 20:37:33","2024-07-24 20:37:33","المديرين","0","0");
INSERT INTO kbis VALUES ("10","نسبه الحقيق للفريق","نسبة تحقيق الاهداف .. لمتخذي القرار","1","0","2024-07-24 20:38:11","2024-07-24 20:38:11","المديرين","0","0");
INSERT INTO kbis VALUES ("11","وقت الاستجابة","يتم عن طريق التغذية العكسية","1","0","2024-07-24 20:43:24","2024-07-24 20:43:24","خدمة العملاء","0","0");
INSERT INTO kbis VALUES ("12","معدل حل المشكلات","المشكلات المحلولة / عدد المشكلات","1","0","2024-07-24 20:44:03","2024-07-24 20:44:03","خدمة العملاء","0","0");
INSERT INTO kbis VALUES ("13","نسبة رضا العميل","العملاء الراضين / عدد عملاء الاستطلاع","1","0","2024-07-24 20:44:36","2024-07-24 20:44:36","خدمة العملاء","0","0");
INSERT INTO kbis VALUES ("14","معدل تقليل التكاليف","تقييم المشرف","1","0","2024-07-24 20:46:07","2024-07-24 20:46:07","الكفاءة التشغيلية","0","0");
INSERT INTO kbis VALUES ("15","استغلال الموارد","تقييم المديرين","1","0","2024-07-24 20:49:12","2024-07-24 20:49:12","الكفاءة التشغيلية","0","0");
INSERT INTO kbis VALUES ("16","عدد الافكار الجديدة المنفذه","عدد الافكار المنفذه / عدد الافكار الجديدة المقدمة","1","0","2024-07-24 21:03:59","2024-07-24 21:03:59","الابتكار","0","0");



DROP TABLE my_news;

CREATE TABLE `my_news` (
  `id` int(11) NOT NULL AUTO_INCREMENT,
  `title` varchar(200) NOT NULL,
  `img` varchar(250) DEFAULT NULL,
  `tags` varchar(250) DEFAULT NULL,
  `content` text NOT NULL,
  `user` int(11) NOT NULL DEFAULT 1,
  `crtime` timestamp NOT NULL DEFAULT current_timestamp(),
  `mdtime` timestamp NOT NULL DEFAULT current_timestamp() ON UPDATE current_timestamp(),
  `isdeleted` tinyint(1) DEFAULT 0,
  `tenant` int(11) DEFAULT 0,
  `branch` int(11) DEFAULT 0,
  PRIMARY KEY (`id`)
) ENGINE=InnoDB DEFAULT CHARSET=utf8mb4 COLLATE=utf8mb4_general_ci;




DROP TABLE myinstallments;

CREATE TABLE `myinstallments` (
  `id` int(11) NOT NULL AUTO_INCREMENT,
  `cl_id` int(11) NOT NULL,
  `rent_id` int(11) NOT NULL,
  `contract` int(11) DEFAULT 0,
  `ins_value` double NOT NULL DEFAULT 0,
  `ins_date` date NOT NULL,
  `ins_case` int(11) NOT NULL,
  `ins_paid` double NOT NULL,
  `voucher` int(11) DEFAULT NULL,
  `crtime` timestamp NOT NULL DEFAULT current_timestamp(),
  `mdtime` timestamp NOT NULL DEFAULT current_timestamp() ON UPDATE current_timestamp(),
  `info` varchar(250) DEFAULT NULL,
  `isdeleted` tinyint(1) DEFAULT 0,
  `tenant` int(11) DEFAULT 0,
  `branch` int(11) DEFAULT 0,
  PRIMARY KEY (`id`),
  KEY `cl_id` (`cl_id`),
  KEY `rent_id` (`rent_id`),
  KEY `contract` (`contract`),
  CONSTRAINT `myinstallments_ibfk_1` FOREIGN KEY (`cl_id`) REFERENCES `acc_head` (`id`),
  CONSTRAINT `myinstallments_ibfk_2` FOREIGN KEY (`rent_id`) REFERENCES `acc_head` (`id`),
  CONSTRAINT `myinstallments_ibfk_3` FOREIGN KEY (`contract`) REFERENCES `myrents` (`id`)
) ENGINE=InnoDB DEFAULT CHARSET=utf8mb4 COLLATE=utf8mb4_general_ci;




DROP TABLE myitems;

CREATE TABLE `myitems` (
  `id` int(11) NOT NULL AUTO_INCREMENT,
  `iname` varchar(200) NOT NULL,
  `name2` varchar(200) DEFAULT NULL,
  `code` int(11) DEFAULT NULL,
  `salesqty` double DEFAULT 1,
  `barcode` varchar(25) DEFAULT NULL,
  `itmqty` double NOT NULL DEFAULT 0,
  `info` varchar(250) DEFAULT NULL,
  `market_price` float NOT NULL DEFAULT 0,
  `cost_price` float NOT NULL DEFAULT 0,
  `last_price` int(11) NOT NULL DEFAULT 0,
  `price1` float NOT NULL DEFAULT 0,
  `price2` float NOT NULL DEFAULT 0,
  `price3` float NOT NULL,
  `group1` int(11) NOT NULL DEFAULT 0,
  `group2` int(11) NOT NULL DEFAULT 0,
  `group3` int(11) NOT NULL DEFAULT 0,
  `isdeleted` tinyint(1) DEFAULT 0,
  `crtime` timestamp NOT NULL DEFAULT current_timestamp(),
  `mdtime` timestamp NOT NULL DEFAULT current_timestamp() ON UPDATE current_timestamp(),
  `user` int(11) NOT NULL DEFAULT 1,
  `tenant` int(11) DEFAULT 0,
  `branch` int(11) DEFAULT 0,
  PRIMARY KEY (`id`),
  UNIQUE KEY `iname` (`iname`)
) ENGINE=InnoDB AUTO_INCREMENT=649 DEFAULT CHARSET=utf8mb4 COLLATE=utf8mb4_general_ci;

INSERT INTO myitems VALUES ("637","شاي احمر","","1","1","1","735","","0","103.333","110","25","0","0","7","0","0","0","2024-07-18 20:39:07","2024-07-29 17:29:24","1","0","0");
INSERT INTO myitems VALUES ("638","قهوة تركي","","2","1","2","-53","","0","0","0","50","0","0","7","0","0","0","2024-07-18 20:41:06","2024-07-29 17:29:24","1","0","0");
INSERT INTO myitems VALUES ("639","سندوتش رومي بالقشطة","","3","1","3","-21","","0","0","0","25","0","0","9","0","0","0","2024-07-18 20:42:27","2024-07-25 06:36:59","1","0","0");
INSERT INTO myitems VALUES ("640","سندوتش حلاوة بالقشطة","","4","1","4","-29","","0","0","0","0","0","0","9","0","0","0","2024-07-18 20:42:50","2024-07-29 00:04:13","1","0","0");
INSERT INTO myitems VALUES ("641","مياة صغيره","","5","1","5","-30","","0","0","0","7","0","0","8","0","0","0","2024-07-18 20:43:18","2024-07-30 03:01:35","1","0","0");
INSERT INTO myitems VALUES ("642","سبيروسباتس","","6","1","6","-22","","0","0","200","15","0","0","8","0","0","0","2024-07-18 20:44:18","2024-07-30 03:01:35","1","0","0");
INSERT INTO myitems VALUES ("643","شيكولاته","","7","1","66","-6","","0","20","0","25","0","0","0","0","0","0","2024-07-20 14:48:25","2024-07-29 18:17:12","1","0","0");
INSERT INTO myitems VALUES ("644","متوسط","","9","1","9","400","","0","52.2222","50","0","0","0","7","6","0","0","2024-07-29 04:49:21","2024-07-29 04:58:15","1","0","0");
INSERT INTO myitems VALUES ("645","aaa","","10","1","10","100","","0","33","30","0","0","0","7","6","0","0","2024-07-29 05:00:27","2024-07-29 19:01:46","1","0","0");
INSERT INTO myitems VALUES ("646","تجريبي 1","","11","1","11","-92","","0","11.3333","12","15.5","0","0","7","6","0","0","2024-07-29 07:10:55","2024-07-30 18:37:52","1","0","0");
INSERT INTO myitems VALUES ("647","تجريبي 2","","12","1","12","-200","","0","15","15","15","0","0","7","6","0","0","2024-07-29 07:11:02","2024-07-30 18:33:28","1","0","0");
INSERT INTO myitems VALUES ("648","سندوتش فول","","13","1","13","2","يتكون سندوتش الفول من فول","0","5","5","5","0","0","9","6","0","0","2024-07-29 19:22:13","2024-07-29 19:28:01","1","0","0");



DROP TABLE myoper_det;

CREATE TABLE `myoper_det` (
  `oper_det_id` int(11) NOT NULL,
  `int_oper_det_date` int(11) DEFAULT NULL,
  `oper_head_id` int(11) DEFAULT NULL,
  `comp_id` int(11) DEFAULT NULL,
  `debit` decimal(26,4) DEFAULT NULL,
  `credit` decimal(26,4) DEFAULT NULL,
  `eng_debit` decimal(26,4) DEFAULT NULL,
  `eng_credit` decimal(26,4) DEFAULT NULL,
  `model_val` decimal(26,4) DEFAULT NULL,
  `def_val` decimal(26,4) DEFAULT NULL,
  `acc_id` int(11) DEFAULT NULL,
  `stor_id` int(11) DEFAULT NULL,
  `group_id` int(11) DEFAULT NULL,
  `man_id` int(11) DEFAULT NULL,
  `cost_center_id` int(11) DEFAULT NULL,
  `has_costed_link` tinyint(4) DEFAULT NULL,
  `is_not_active` tinyint(4) DEFAULT NULL,
  `notes` varchar(50) DEFAULT NULL,
  `mst_no` varchar(20) DEFAULT NULL,
  `mst_date` varchar(12) DEFAULT NULL,
  `balance_befor` decimal(26,4) DEFAULT NULL,
  `balance_after` decimal(26,4) DEFAULT NULL,
  `det_Currency_id` int(11) DEFAULT NULL,
  `det_Currency_unit_convert` decimal(12,6) DEFAULT NULL,
  `isdeleted` tinyint(1) DEFAULT 0,
  `tenant` int(11) DEFAULT 0,
  `branch` int(11) DEFAULT 0
) ENGINE=InnoDB DEFAULT CHARSET=utf8mb4 COLLATE=utf8mb4_general_ci;




DROP TABLE myoptions;

CREATE TABLE `myoptions` (
  `id` int(11) NOT NULL AUTO_INCREMENT,
  `oname` varchar(30) NOT NULL,
  `info` varchar(250) DEFAULT NULL,
  `def_value` int(11) NOT NULL DEFAULT 0,
  `cur_value` int(11) NOT NULL DEFAULT 0,
  `op_tybe` int(11) NOT NULL DEFAULT 0,
  `crtime` timestamp NOT NULL DEFAULT current_timestamp(),
  `mdtime` timestamp NOT NULL DEFAULT current_timestamp() ON UPDATE current_timestamp(),
  `isdeleted` tinyint(1) DEFAULT 0,
  `tenant` int(11) DEFAULT 0,
  `branch` int(11) DEFAULT 0,
  PRIMARY KEY (`id`)
) ENGINE=InnoDB AUTO_INCREMENT=9 DEFAULT CHARSET=utf8mb4 COLLATE=utf8mb4_general_ci;

INSERT INTO myoptions VALUES ("1","def_cl","العميل الافتراضي","24","24","1","2024-02-19 22:10:57","2024-02-19 22:21:14","0","0","0");
INSERT INTO myoptions VALUES ("2","def_prod","المورد الافتراضي","36","36","1","2024-02-19 22:10:57","2024-02-19 22:21:17","0","0","0");
INSERT INTO myoptions VALUES ("3","def_emp","الموظف الافتراضي","41","42","1","2024-02-19 22:10:57","2024-02-20 03:09:18","0","0","0");
INSERT INTO myoptions VALUES ("4","def_store","المخزن الافتراضي","27","27","1","2024-02-19 22:10:57","2024-02-19 22:21:23","0","0","0");
INSERT INTO myoptions VALUES ("5","def_fund","الصندوق الافتراضي","21","21","1","2024-02-19 22:10:57","2024-02-19 22:21:26","0","0","0");
INSERT INTO myoptions VALUES ("6","def_bank","البتك الافتراضي","39","39","1","2024-02-19 22:10:57","2024-02-19 22:21:31","0","0","0");
INSERT INTO myoptions VALUES ("7","def_store","المخزن الافتراضي","27","27","1","2024-02-19 22:10:57","2024-03-09 23:48:39","0","0","0");
INSERT INTO myoptions VALUES ("8","def_disc_acc1","حساب الخصم المكتسب الافتراضي","97","97","1","2024-02-19 22:10:57","2024-03-09 23:48:39","0","0","0");



DROP TABLE mypatterns;

CREATE TABLE `mypatterns` (
  `id` int(11) NOT NULL AUTO_INCREMENT,
  `pname` varchar(100) NOT NULL,
  `ptext` varchar(100) NOT NULL,
  `is_def` int(11) NOT NULL DEFAULT 0,
  `is_basic` int(11) NOT NULL DEFAULT 0,
  `ptybe` int(11) NOT NULL DEFAULT 4,
  `crtime` timestamp NOT NULL DEFAULT current_timestamp(),
  `mdtime` timestamp NOT NULL DEFAULT current_timestamp(),
  `info` varchar(100) DEFAULT NULL,
  `isdeleted` tinyint(1) DEFAULT 0,
  `tenant` int(11) DEFAULT 0,
  `branch` int(11) DEFAULT 0,
  PRIMARY KEY (`id`)
) ENGINE=InnoDB DEFAULT CHARSET=utf8mb4 COLLATE=utf8mb4_general_ci;




DROP TABLE mypowers;

CREATE TABLE `mypowers` (
  `power_id` int(11) NOT NULL,
  `section_type_no` int(11) DEFAULT NULL,
  `power_name` varchar(100) DEFAULT NULL,
  `eng_power_name` varchar(100) DEFAULT NULL,
  `is_hide_in_casher` int(11) DEFAULT NULL,
  `level_no` tinyint(4) DEFAULT NULL,
  `is_for_view_only` tinyint(4) DEFAULT NULL,
  `power_code` varchar(100) DEFAULT NULL,
  `power_class` tinyint(4) DEFAULT NULL,
  `parent_id` int(11) DEFAULT NULL,
  `col_index` int(11) DEFAULT NULL,
  `stoped` tinyint(4) DEFAULT NULL,
  `tmp_state_no` tinyint(4) DEFAULT NULL,
  `power_type` tinyint(4) DEFAULT NULL,
  `menu_type` tinyint(4) DEFAULT NULL,
  `def_state` varchar(20) DEFAULT NULL,
  `user_1` varchar(20) DEFAULT NULL,
  `kind` varchar(10) DEFAULT NULL,
  `is_on_my_thread` tinyint(4) DEFAULT NULL,
  `is_calling_from_main` tinyint(4) DEFAULT NULL,
  `calling_from` varchar(10) DEFAULT NULL,
  `edit_mode` tinyint(4) DEFAULT NULL,
  `frist_shown_id` varchar(10) DEFAULT NULL,
  `is_casher_from` tinyint(4) DEFAULT NULL,
  `is_op_paper` tinyint(4) DEFAULT NULL,
  `is_hiddin` tinyint(4) DEFAULT NULL,
  `prog_id` tinyint(4) DEFAULT NULL,
  `is_pure_kitchen` tinyint(4) DEFAULT NULL,
  `is_for_api` tinyint(4) DEFAULT NULL,
  `t_stamp` timestamp NULL DEFAULT NULL,
  `isdeleted` tinyint(1) DEFAULT 0,
  `tenant` int(11) DEFAULT 0,
  `branch` int(11) DEFAULT 0
) ENGINE=InnoDB DEFAULT CHARSET=utf8mb4 COLLATE=utf8mb4_general_ci;




DROP TABLE myrents;

CREATE TABLE `myrents` (
  `id` int(11) NOT NULL AUTO_INCREMENT,
  `cl_id` int(11) NOT NULL,
  `rent_id` int(11) NOT NULL,
  `phone` varchar(20) DEFAULT NULL,
  `idintity` varchar(50) DEFAULT NULL,
  `start_date` date NOT NULL,
  `end_date` date NOT NULL,
  `pay_tybe` int(11) NOT NULL DEFAULT 1,
  `r_value` double NOT NULL DEFAULT 0,
  `bnd1` varchar(250) DEFAULT NULL,
  `bnd2` varchar(250) DEFAULT NULL,
  `bnd3` varchar(250) DEFAULT NULL,
  `bnd4` varchar(250) DEFAULT NULL,
  `info` varchar(250) DEFAULT NULL,
  `crtime` timestamp NOT NULL DEFAULT current_timestamp(),
  `mdtime` timestamp NOT NULL DEFAULT current_timestamp() ON UPDATE current_timestamp(),
  `isdeleted` tinyint(1) DEFAULT 0,
  `tenant` int(11) DEFAULT 0,
  `branch` int(11) DEFAULT 0,
  PRIMARY KEY (`id`),
  KEY `cl_id` (`cl_id`),
  KEY `rent_id` (`rent_id`),
  CONSTRAINT `myrents_ibfk_1` FOREIGN KEY (`cl_id`) REFERENCES `acc_head` (`id`),
  CONSTRAINT `myrents_ibfk_2` FOREIGN KEY (`rent_id`) REFERENCES `acc_head` (`id`)
) ENGINE=InnoDB DEFAULT CHARSET=utf8mb4 COLLATE=utf8mb4_general_ci;




DROP TABLE myunits;

CREATE TABLE `myunits` (
  `id` int(11) NOT NULL AUTO_INCREMENT,
  `uname` varchar(60) NOT NULL,
  `crtime` timestamp NOT NULL DEFAULT current_timestamp(),
  `mdtime` timestamp NOT NULL DEFAULT current_timestamp() ON UPDATE current_timestamp(),
  `isdeleted` tinyint(1) DEFAULT 0,
  `tenant` int(11) DEFAULT 0,
  `branch` int(11) DEFAULT 0,
  PRIMARY KEY (`id`)
) ENGINE=InnoDB AUTO_INCREMENT=6 DEFAULT CHARSET=utf8mb4 COLLATE=utf8mb4_general_ci;

INSERT INTO myunits VALUES ("1","قطعه","2024-03-25 07:56:49","2024-03-25 07:56:49","","0","0");
INSERT INTO myunits VALUES ("2","كرتونة","2024-03-25 07:59:05","2024-03-25 07:59:05","","0","0");
INSERT INTO myunits VALUES ("3","دسته","2024-03-25 07:59:12","2024-03-25 08:13:25","","0","0");
INSERT INTO myunits VALUES ("4","باله","2024-07-25 06:26:22","2024-07-25 06:26:30","0","0","0");
INSERT INTO myunits VALUES ("5","قطعه","2024-07-28 23:36:16","2024-07-28 23:36:16","0","0","0");



DROP TABLE myvouchers;

CREATE TABLE `myvouchers` (
  `id` int(11) NOT NULL AUTO_INCREMENT,
  `vdate` date NOT NULL DEFAULT current_timestamp(),
  `tybe` int(1) NOT NULL,
  `val` double DEFAULT NULL,
  `account` int(1) NOT NULL,
  `fund_account` int(1) NOT NULL,
  `voucher_id` varchar(15) NOT NULL,
  `serial_number` varchar(20) DEFAULT NULL,
  `cost_center` int(1) DEFAULT NULL,
  `info` varchar(200) DEFAULT NULL,
  `crtime` timestamp NOT NULL DEFAULT current_timestamp(),
  `mdtime` timestamp NOT NULL DEFAULT current_timestamp() ON UPDATE current_timestamp(),
  `user` int(11) NOT NULL DEFAULT 1,
  `isdeleted` tinyint(1) DEFAULT 0,
  `tenant` int(11) DEFAULT 0,
  `branch` int(11) DEFAULT 0,
  PRIMARY KEY (`id`)
) ENGINE=InnoDB DEFAULT CHARSET=utf8mb4 COLLATE=utf8mb4_general_ci;




DROP TABLE oppatterns;

CREATE TABLE `oppatterns` (
  `id` int(11) NOT NULL AUTO_INCREMENT,
  `pame` varchar(100) DEFAULT NULL,
  `ptext` varchar(100) DEFAULT NULL,
  `def_width` int(11) NOT NULL DEFAULT 50,
  `cur_width` int(11) NOT NULL DEFAULT 50,
  `shown` int(11) NOT NULL DEFAULT 1,
  `is_edit` int(11) NOT NULL DEFAULT 1,
  `is_print` int(11) NOT NULL DEFAULT 1,
  `isdeleted` tinyint(1) DEFAULT 0,
  `tenant` int(11) DEFAULT 0,
  `branch` int(11) DEFAULT 0,
  PRIMARY KEY (`id`)
) ENGINE=InnoDB DEFAULT CHARSET=utf8mb4 COLLATE=utf8mb4_general_ci;




DROP TABLE order_status;

CREATE TABLE `order_status` (
  `id` int(11) NOT NULL AUTO_INCREMENT,
  `name` varchar(50) DEFAULT NULL,
  `user` int(1) DEFAULT NULL,
  `crtime` timestamp NOT NULL DEFAULT current_timestamp(),
  `isdeleted` tinyint(1) DEFAULT 0,
  `tenant` int(11) DEFAULT 0,
  `branch` int(11) DEFAULT 0,
  PRIMARY KEY (`id`)
) ENGINE=InnoDB AUTO_INCREMENT=4 DEFAULT CHARSET=utf8mb4 COLLATE=utf8mb4_general_ci;




DROP TABLE order_types;

CREATE TABLE `order_types` (
  `id` int(11) NOT NULL AUTO_INCREMENT,
  `name` varchar(255) DEFAULT NULL,
  `info` varchar(100) DEFAULT NULL,
  `user` int(1) DEFAULT NULL,
  `crtime` timestamp NOT NULL DEFAULT current_timestamp() ON UPDATE current_timestamp(),
  `isdeleted` tinyint(1) DEFAULT 0,
  `tenant` int(11) DEFAULT 0,
  `branch` int(11) DEFAULT 0,
  PRIMARY KEY (`id`)
) ENGINE=InnoDB AUTO_INCREMENT=6 DEFAULT CHARSET=utf8mb4 COLLATE=utf8mb4_general_ci;




DROP TABLE orders;

CREATE TABLE `orders` (
  `id` int(11) NOT NULL AUTO_INCREMENT,
  `tybe` int(11) DEFAULT NULL,
  `employee` int(11) DEFAULT NULL,
  `status` int(11) NOT NULL,
  `applyingdate` date NOT NULL,
  `curdate` date NOT NULL,
  `isdeleted` tinyint(1) DEFAULT 0,
  `tenant` int(11) DEFAULT 0,
  `branch` int(11) DEFAULT 0,
  PRIMARY KEY (`id`),
  KEY `employee_id` (`employee`),
  KEY `tybe` (`tybe`),
  KEY `status` (`status`),
  CONSTRAINT `orders_ibfk_1` FOREIGN KEY (`employee`) REFERENCES `employees` (`id`),
  CONSTRAINT `orders_ibfk_2` FOREIGN KEY (`tybe`) REFERENCES `order_types` (`id`),
  CONSTRAINT `orders_ibfk_3` FOREIGN KEY (`status`) REFERENCES `order_status` (`id`)
) ENGINE=InnoDB AUTO_INCREMENT=2 DEFAULT CHARSET=utf8mb4 COLLATE=utf8mb4_general_ci;




DROP TABLE ot_head;

CREATE TABLE `ot_head` (
  `id` int(11) NOT NULL AUTO_INCREMENT,
  `pro_id` int(11) DEFAULT NULL,
  `branch_id` int(11) DEFAULT NULL,
  `pro_tybe` int(1) DEFAULT NULL,
  `is_stock` int(11) DEFAULT NULL,
  `is_finance` int(11) DEFAULT NULL,
  `is_manager` int(11) DEFAULT NULL,
  `is_journal` int(11) DEFAULT NULL,
  `journal_tybe` int(11) DEFAULT NULL,
  `info` varchar(200) DEFAULT NULL,
  `start_time` time DEFAULT current_timestamp(),
  `end_time` time DEFAULT current_timestamp(),
  `start_date` date DEFAULT NULL,
  `end_date` date DEFAULT NULL,
  `pro_date` date DEFAULT NULL,
  `accural_date` date DEFAULT NULL,
  `pro_pattren` int(11) DEFAULT NULL,
  `pro_num` varchar(50) DEFAULT NULL,
  `pro_serial` varchar(50) DEFAULT NULL,
  `tax_num` varchar(50) DEFAULT NULL,
  `price_list` int(11) DEFAULT NULL,
  `store_id` int(11) DEFAULT NULL,
  `emp_id` int(11) DEFAULT NULL,
  `emp2_id` int(11) DEFAULT NULL,
  `acc1` int(11) DEFAULT NULL,
  `acc1_before` double DEFAULT NULL,
  `acc1_after` double DEFAULT NULL,
  `acc2` int(11) DEFAULT NULL,
  `acc2_before` double DEFAULT NULL,
  `acc2_after` double DEFAULT NULL,
  `pro_value` double DEFAULT NULL,
  `fat_cost` double DEFAULT NULL,
  `cost_center` int(11) DEFAULT NULL,
  `profit` double DEFAULT NULL,
  `fat_total` double DEFAULT NULL,
  `fat_net` double DEFAULT 0,
  `fat_disc` double DEFAULT NULL,
  `fat_disc_per` double DEFAULT NULL,
  `fat_plus` double DEFAULT NULL,
  `fat_plus_per` double DEFAULT NULL,
  `fat_tax` double DEFAULT NULL,
  `fat_tax_per` double DEFAULT NULL,
  `crtime` timestamp NOT NULL DEFAULT current_timestamp(),
  `acc_fund` int(1) DEFAULT 0,
  `op2` int(11) DEFAULT 0,
  `isdeleted` tinyint(1) DEFAULT 0,
  `mdtime` timestamp NOT NULL DEFAULT current_timestamp() ON UPDATE current_timestamp(),
  `user` int(11) NOT NULL DEFAULT 1,
  `tenant` int(11) DEFAULT 0,
  `branch` int(11) DEFAULT 0,
  `closed` int(1) DEFAULT 0,
  PRIMARY KEY (`id`),
  KEY `acc1` (`acc1`),
  KEY `acc2` (`acc2`),
  KEY `emp2_id` (`emp2_id`),
  KEY `emp_id` (`emp_id`),
  KEY `journal_tybe` (`journal_tybe`),
  KEY `user` (`user`),
  KEY `cost_center` (`cost_center`),
  KEY `store_id` (`store_id`),
  KEY `price_list` (`price_list`)
) ENGINE=InnoDB AUTO_INCREMENT=376 DEFAULT CHARSET=utf8mb4 COLLATE=utf8mb4_general_ci;

INSERT INTO ot_head VALUES ("287","1","","9","1","","","1","9","","20:52:59","20:52:59","","","2024-07-18","2024-07-18","1","","0","","1","27","131","131","148","","","27","","","257","0","1","16.5555","257","257","0","0","0","0","0","0","2024-07-18 20:52:59","0","0","0","2024-07-29 07:23:42","1","0","0","0");
INSERT INTO ot_head VALUES ("288","1","","1","","","","1","1","","20:53:00","20:53:00","","","2024-07-18","","","","","","","","131","","21","","","148","","","257","","1","0","","0","","","","","","","2024-07-18 20:53:00","0","287","0","2024-07-18 20:53:00","1","0","0","0");
INSERT INTO ot_head VALUES ("289","2","","9","1","","","1","9","","02:39:49","02:39:49","","","2024-07-19","2024-07-19","1","","0","","1","27","131","131","148","","","27","","","75","0","1","0","75","75","0","0","0","0","0","0","2024-07-19 02:39:49","0","0","0","2024-07-19 02:39:49","1","0","0","0");
INSERT INTO ot_head VALUES ("290","1","","1","","","","1","1","","02:39:49","02:39:49","","","2024-07-19","","","","","","","","131","","21","","","148","","","75","","1","0","","0","","","","","","","2024-07-19 02:39:49","0","289","0","2024-07-19 02:39:49","1","0","0","0");
INSERT INTO ot_head VALUES ("291","3","","9","1","","","1","9","","02:41:54","02:41:54","","","2024-07-19","2024-07-19","1","","0","","1","27","131","131","148","","","27","","","75","0","1","0","75","75","0","0","0","0","0","0","2024-07-19 02:41:54","0","0","0","2024-07-19 02:41:54","1","0","0","0");
INSERT INTO ot_head VALUES ("292","1","","1","","","","1","1","","02:41:54","02:41:54","","","2024-07-19","","","","","","","","131","","21","","","148","","","75","","1","0","","0","","","","","","","2024-07-19 02:41:54","0","291","0","2024-07-19 02:41:54","1","0","0","0");
INSERT INTO ot_head VALUES ("293","4","","9","1","","","1","9","","02:46:15","02:46:15","","","2024-07-19","2024-07-19","1","","0","","1","27","131","131","148","","","27","","","112","0","1","0","112","112","0","0","0","0","0","0","2024-07-19 02:46:15","0","0","0","2024-07-19 02:46:15","1","0","0","0");
INSERT INTO ot_head VALUES ("294","1","","1","","","","1","1","","02:46:15","02:46:15","","","2024-07-19","","","","","","","","131","","21","","","148","","","112","","1","0","","0","","","","","","","2024-07-19 02:46:15","0","293","0","2024-07-19 02:46:15","1","0","0","0");
INSERT INTO ot_head VALUES ("295","5","","9","1","","","1","9","","19:40:07","19:40:07","","","2024-07-19","2024-07-19","1","","0","","1","27","131","131","148","","","27","","","100","0","1","0","100","100","0","0","0","0","0","0","2024-07-19 19:40:07","0","0","0","2024-07-19 19:40:07","1","0","0","0");
INSERT INTO ot_head VALUES ("296","1","","1","","","","1","1","","19:40:08","19:40:08","","","2024-07-19","","","","","","","","131","","21","","","148","","","100","","1","0","","0","","","","","","","2024-07-19 19:40:08","0","295","0","2024-07-19 19:40:08","1","0","0","0");
INSERT INTO ot_head VALUES ("297","6","","9","1","","","1","9","","19:50:25","19:50:25","","","2024-07-19","2024-07-19","1","","0","","1","27","131","131","148","","","27","","","47","0","1","0","47","47","0","0","0","0","0","0","2024-07-19 19:50:25","0","0","0","2024-07-19 19:50:25","1","0","0","0");
INSERT INTO ot_head VALUES ("298","1","","1","","","","1","1","","19:50:25","19:50:25","","","2024-07-19","","","","","","","","131","","21","","","148","","","47","","1","0","","0","","","","","","","2024-07-19 19:50:25","0","297","0","2024-07-19 19:50:25","1","0","0","0");
INSERT INTO ot_head VALUES ("299","7","","9","1","","","1","9","","19:51:22","19:51:22","","","2024-07-19","2024-07-19","1","","0","","1","27","131","131","148","","","27","","","25","0","1","0","25","25","0","0","0","0","0","0","2024-07-19 19:51:22","0","0","0","2024-07-19 19:51:22","1","0","0","0");
INSERT INTO ot_head VALUES ("300","1","","1","","","","1","1","","19:51:22","19:51:22","","","2024-07-19","","","","","","","","131","","21","","","148","","","25","","1","0","","0","","","","","","","2024-07-19 19:51:22","0","299","0","2024-07-19 19:51:22","1","0","0","0");
INSERT INTO ot_head VALUES ("301","8","","9","1","","","1","9","","14:54:10","14:54:10","","","2024-07-20","2024-07-20","1","","0","","1","27","131","131","148","","","27","","","325","0","1","0","325","325","0","0","0","0","0","0","2024-07-20 14:54:10","0","0","0","2024-07-20 14:54:10","1","0","0","0");
INSERT INTO ot_head VALUES ("302","1","","1","","","","1","1","","14:54:10","14:54:10","","","2024-07-20","","","","","","","","131","","21","","","148","","","325","","1","0","","0","","","","","","","2024-07-20 14:54:10","0","301","0","2024-07-20 14:54:10","1","0","0","0");
INSERT INTO ot_head VALUES ("303","9","","9","1","","","1","9","","14:54:26","14:54:26","","","2024-07-20","2024-07-20","1","","0","","1","27","131","131","148","","","27","","","75","0","1","0","75","75","0","0","0","0","0","0","2024-07-20 14:54:26","0","0","0","2024-07-20 14:54:26","1","0","0","0");
INSERT INTO ot_head VALUES ("304","1","","1","","","","1","1","","14:54:27","14:54:27","","","2024-07-20","","","","","","","","131","","21","","","148","","","75","","1","0","","0","","","","","","","2024-07-20 14:54:27","0","303","0","2024-07-20 14:54:27","1","0","0","0");
INSERT INTO ot_head VALUES ("305","10","","9","1","","","1","9","","14:57:00","14:57:00","","","2024-07-20","2024-07-20","1","","0","","1","27","131","131","148","","","27","","","60","0","1","0","60","60","0","0","0","0","0","0","2024-07-20 14:57:00","0","0","0","2024-07-20 14:57:00","1","0","0","0");
INSERT INTO ot_head VALUES ("306","1","","1","","","","1","1","","14:57:00","14:57:00","","","2024-07-20","","","","","","","","131","","21","","","148","","","60","","1","0","","0","","","","","","","2024-07-20 14:57:00","0","305","0","2024-07-20 14:57:00","1","0","0","0");
INSERT INTO ot_head VALUES ("307","11","","9","1","","","1","9","","14:58:51","14:58:51","","","2024-07-20","2024-07-20","1","","0","","1","27","131","131","148","","","27","","","305","0","1","0","305","305","0","0","0","0","0","0","2024-07-20 14:58:51","0","0","0","2024-07-20 14:58:51","1","0","0","0");
INSERT INTO ot_head VALUES ("308","1","","1","","","","1","1","","14:58:51","14:58:51","","","2024-07-20","","","","","","","","131","","21","","","148","","","305","","1","0","","0","","","","","","","2024-07-20 14:58:51","0","307","0","2024-07-20 14:58:51","1","0","0","0");
INSERT INTO ot_head VALUES ("309","12","","9","1","","","1","9","","16:09:48","16:09:48","","","2024-07-20","2024-07-20","1","","0","","1","27","131","131","148","","","27","","","15","0","1","0","15","15","0","0","0","0","0","0","2024-07-20 16:09:48","0","0","0","2024-07-20 16:09:48","1","0","0","0");
INSERT INTO ot_head VALUES ("310","1","","1","","","","1","1","","16:09:48","16:09:48","","","2024-07-20","","","","","","","","131","","21","","","148","","","15","","1","0","","0","","","","","","","2024-07-20 16:09:48","0","309","0","2024-07-20 16:09:48","1","0","0","0");
INSERT INTO ot_head VALUES ("311","13","","9","1","","","1","9","","16:24:28","16:24:28","","","2024-07-20","2024-07-20","1","","0","","1","27","131","131","148","","","27","","","125","0","1","0","125","125","0","0","0","0","0","0","2024-07-20 16:24:28","0","0","0","2024-07-20 16:24:28","1","0","0","0");
INSERT INTO ot_head VALUES ("312","1","","1","","","","1","1","","16:24:28","16:24:28","","","2024-07-20","","","","","","","","131","","21","","","148","","","125","","1","0","","0","","","","","","","2024-07-20 16:24:28","0","311","0","2024-07-20 16:24:28","1","0","0","0");
INSERT INTO ot_head VALUES ("313","14","","9","1","","","1","9","","16:24:33","16:24:33","","","2024-07-20","2024-07-20","1","","0","","1","27","131","131","148","","","27","","","28","0","1","0","28","28","0","0","0","0","0","0","2024-07-20 16:24:33","0","0","0","2024-07-20 16:24:33","1","0","0","0");
INSERT INTO ot_head VALUES ("314","1","","1","","","","1","1","","16:24:33","16:24:33","","","2024-07-20","","","","","","","","131","","21","","","148","","","28","","1","0","","0","","","","","","","2024-07-20 16:24:33","0","313","0","2024-07-20 16:24:33","1","0","0","0");
INSERT INTO ot_head VALUES ("315","15","","9","1","","","1","9","","11:03:04","11:03:04","","","2024-07-22","2024-07-22","1","","0","","1","27","131","131","148","","","27","","","122","0","1","0","122","122","0","0","0","0","0","0","2024-07-22 11:03:04","0","0","0","2024-07-22 11:03:04","1","0","0","0");
INSERT INTO ot_head VALUES ("316","1","","1","","","","1","1","","11:03:04","11:03:04","","","2024-07-22","","","","","","","","131","","21","","","148","","","122","","1","0","","0","","","","","","","2024-07-22 11:03:04","0","315","0","2024-07-22 11:03:04","1","0","0","0");
INSERT INTO ot_head VALUES ("317","16","","9","1","","","1","9","","11:03:30","11:03:30","","","2024-07-22","2024-07-22","1","","0","","1","27","131","131","148","","","27","","","50","0","1","0","50","40","10","20","0","0","0","0","2024-07-22 11:03:30","0","0","0","2024-07-22 11:03:30","1","0","0","0");
INSERT INTO ot_head VALUES ("318","1","","1","","","","1","1","","11:03:30","11:03:30","","","2024-07-22","","","","","","","","131","","21","","","148","","","40","","1","0","","0","","","","","","","2024-07-22 11:03:30","0","317","0","2024-07-22 11:03:30","1","0","0","0");
INSERT INTO ot_head VALUES ("319","17","","9","1","","","1","9","","11:03:56","11:03:56","","","2024-07-22","2024-07-22","1","","0","","1","27","131","131","148","","","27","","","32","0","1","0","32","22","10","31.25","0","0","0","0","2024-07-22 11:03:56","0","0","0","2024-07-22 11:03:56","1","0","0","0");
INSERT INTO ot_head VALUES ("320","1","","1","","","","1","1","","11:03:56","11:03:56","","","2024-07-22","","","","","","","","131","","21","","","148","","","22","","1","0","","0","","","","","","","2024-07-22 11:03:56","0","319","0","2024-07-22 11:03:56","1","0","0","0");
INSERT INTO ot_head VALUES ("321","18","","9","1","","","1","9","","11:04:22","11:04:22","","","2024-07-22","2024-07-22","1","","0","","1","27","131","131","148","","","27","","","32","0","1","0","32","27","5","15.63","0","0","0","0","2024-07-22 11:04:22","0","0","0","2024-07-22 11:04:22","1","0","0","0");
INSERT INTO ot_head VALUES ("322","1","","1","","","","1","1","","11:04:22","11:04:22","","","2024-07-22","","","","","","","","131","","21","","","148","","","27","","1","0","","0","","","","","","","2024-07-22 11:04:22","0","321","0","2024-07-22 11:04:22","1","0","0","0");
INSERT INTO ot_head VALUES ("323","19","","9","1","","","1","9","","11:05:59","11:05:59","","","2024-07-22","2024-07-22","1","","0","","1","27","131","131","148","","","27","","","118","0","1","0","118","108","10","8.47","0","0","0","0","2024-07-22 11:05:59","0","0","0","2024-07-22 11:05:59","1","0","0","0");
INSERT INTO ot_head VALUES ("324","1","","1","","","","1","1","","11:05:59","11:05:59","","","2024-07-22","","","","","","","","131","","21","","","148","","","108","","1","0","","0","","","","","","","2024-07-22 11:05:59","0","323","0","2024-07-22 11:05:59","1","0","0","0");
INSERT INTO ot_head VALUES ("325","1","","4","1","","","1","4","","22:27:21","22:27:21","","","2024-07-27","0000-00-00","1","","","","1","27","131","131","27","","","36","","","14000","0","1","0","14000","13800","0","0","0","0","0","0","2024-07-23 22:27:21","21","0","0","2024-07-27 05:11:11","1","0","0","0");
INSERT INTO ot_head VALUES ("326","1","","2","","","","1","2","","22:27:21","22:27:21","","","2024-07-27","","","","","","","","131","","27","","","21","","","5000","","1","0","","0","","","","","","","2024-07-23 22:27:21","0","325","0","2024-07-27 05:02:26","1","0","0","0");
INSERT INTO ot_head VALUES ("327","20","","9","1","","","1","9","","22:34:12","22:34:12","","","2024-07-23","2024-07-23","1","","0","","1","27","131","131","148","","","27","","","150","0","1","0","150","150","0","0","0","0","0","0","2024-07-23 22:34:12","0","0","0","2024-07-23 22:34:12","1","0","0","0");
INSERT INTO ot_head VALUES ("328","1","","1","","","","1","1","","22:34:12","22:34:12","","","2024-07-23","","","","","","","","131","","21","","","148","","","150","","1","0","","0","","","","","","","2024-07-23 22:34:12","0","327","0","2024-07-23 22:34:12","1","0","0","0");
INSERT INTO ot_head VALUES ("329","21","","9","1","","","1","9","","06:36:59","06:36:59","","","2024-07-25","2024-07-25","1","","0","","1","27","131","131","148","","","27","","","521","0","1","0","521","0","0","0","0","0","0","0","2024-07-25 06:36:59","0","0","0","2024-07-25 06:36:59","1","0","0","0");
INSERT INTO ot_head VALUES ("330","1","","1","","","","1","1","","06:36:59","06:36:59","","","2024-07-25","","","","","","","","131","","21","","","148","","","0","","1","0","","0","","","","","","","2024-07-25 06:36:59","0","329","0","2024-07-25 06:36:59","1","0","0","0");
INSERT INTO ot_head VALUES ("331","22","","9","1","","","1","9","","16:08:04","16:08:04","","","2024-07-25","2024-07-25","1","","0","","1","27","131","131","148","","","27","","","47","0","1","0","47","47","0","0","0","0","0","0","2024-07-25 16:08:04","0","0","0","2024-07-25 16:08:04","1","0","0","0");
INSERT INTO ot_head VALUES ("332","1","","1","","","","1","1","","16:08:04","16:08:04","","","2024-07-25","","","","","","","","131","","21","","","148","","","47","","1","0","","0","","","","","","","2024-07-25 16:08:04","0","331","0","2024-07-25 16:08:04","1","0","0","0");
INSERT INTO ot_head VALUES ("333","23","","9","1","","","1","9","","16:23:01","16:23:01","","","2024-07-25","2024-07-25","1","","0","","1","27","131","131","148","","","27","","","75","0","1","0","75","75","0","0","0","0","0","0","2024-07-25 16:23:01","0","0","0","2024-07-25 16:23:01","1","0","0","0");
INSERT INTO ot_head VALUES ("334","1","","1","","","","1","1","","16:23:01","16:23:01","","","2024-07-25","","","","","","","","131","","21","","","148","","","75","","1","0","","0","","","","","","","2024-07-25 16:23:01","0","333","0","2024-07-25 16:23:01","1","0","0","0");
INSERT INTO ot_head VALUES ("335","24","","9","1","","","1","9","","18:00:20","18:00:20","","","2024-07-25","2024-07-25","1","","0","","1","27","131","131","148","","","27","","","0","0","1","0","0","0","0","0","0","0","0","0","2024-07-25 18:00:20","0","0","0","2024-07-25 18:00:20","1","0","0","0");
INSERT INTO ot_head VALUES ("336","25","","9","1","","","1","9","","22:53:54","22:53:54","","","2024-07-25","2024-07-25","1","","0","","1","27","131","131","148","","","27","","","30","0","1","0","30","30","0","0","0","0","0","0","2024-07-25 22:53:54","0","0","0","2024-07-25 22:53:54","1","0","0","0");
INSERT INTO ot_head VALUES ("337","1","","1","","","","1","1","","22:53:54","22:53:54","","","2024-07-25","","","","","","","","131","","21","","","148","","","30","","1","0","","0","","","","","","","2024-07-25 22:53:54","0","336","0","2024-07-25 22:53:54","1","0","0","0");
INSERT INTO ot_head VALUES ("338","26","","9","1","","","1","9","","22:55:01","22:55:01","","","2024-07-25","2024-07-25","1","","0","","1","27","131","131","148","","","27","","","1575","0","1","0","1575","1575","0","0","0","0","0","0","2024-07-25 22:55:01","0","0","0","2024-07-25 22:55:01","1","0","0","0");
INSERT INTO ot_head VALUES ("339","1","","1","","","","1","1","","22:55:01","22:55:01","","","2024-07-25","","","","","","","","131","","21","","","148","","","1575","","1","0","","0","","","","","","","2024-07-25 22:55:01","0","338","0","2024-07-25 22:55:01","1","0","0","0");
INSERT INTO ot_head VALUES ("340","2","","4","1","","","1","4","","23:03:42","23:03:42","","","2024-07-28","0000-00-00","1","","","","1","27","131","131","27","","","36","","","5100","0","1","0","5100","5000","0","0","0","0","0","0","2024-07-27 23:03:42","21","0","0","2024-07-27 23:10:28","1","0","0","0");
INSERT INTO ot_head VALUES ("341","1","","2","","","","1","2","","23:03:42","23:03:42","","","2024-07-28","","","","","","","","131","","27","","","21","","","5000","","1","0","","0","","","","","","","2024-07-27 23:03:42","0","340","0","2024-07-27 23:10:28","1","0","0","0");
INSERT INTO ot_head VALUES ("342","27","","9","1","","","1","9","","00:04:13","00:04:13","","","2024-07-28","2024-07-28","1","","0","","1","27","131","131","148","","","27","","","261","0","1","0","261","261","0","0","0","0","0","0","2024-07-29 00:04:13","0","0","0","2024-07-29 00:04:13","1","0","0","0");
INSERT INTO ot_head VALUES ("343","1","","1","","","","1","1","","00:04:13","00:04:13","","","2024-07-28","","","","","","","","131","","21","","","148","","","261","","1","0","","0","","","","","","","2024-07-29 00:04:13","0","342","0","2024-07-29 00:04:13","1","0","0","0");
INSERT INTO ot_head VALUES ("344","3","","4","1","","","1","4","","04:41:53","04:41:53","","","2024-07-29","0000-00-00","1","","","","1","27","131","131","27","","","36","","","6000","0","1","0","6000","6000","0","0","0","0","0","0","2024-07-29 04:41:53","0","0","0","2024-07-29 04:41:53","1","0","0","0");
INSERT INTO ot_head VALUES ("345","4","","4","1","","","1","4","","04:45:26","04:45:26","","","2024-07-29","0000-00-00","1","","","","1","27","131","131","27","","","36","","","20240","0","1","0","20240","20240","0","0","0","0","0","0","2024-07-29 04:45:26","0","0","0","2024-07-29 04:45:26","1","0","0","0");
INSERT INTO ot_head VALUES ("346","5","","4","1","","","1","4","","04:47:00","04:47:00","","","2024-07-29","0000-00-00","1","","","","1","27","131","131","27","","","36","","","40480","0","1","0","40480","40480","0","0","0","0","0","0","2024-07-29 04:47:00","0","0","0","2024-07-29 04:47:00","1","0","0","0");
INSERT INTO ot_head VALUES ("347","6","","4","1","","","1","4","","04:49:46","04:49:46","","","2024-07-29","0000-00-00","1","","","","1","27","131","131","27","","","36","","","1000","0","1","0","1000","1000","0","0","0","0","0","0","2024-07-29 04:49:46","0","0","0","2024-07-29 04:49:46","1","0","0","0");
INSERT INTO ot_head VALUES ("348","7","","4","1","","","1","4","","04:50:18","04:50:18","","","2024-07-29","0000-00-00","1","","","","1","27","131","131","27","","","36","","","5000","0","1","0","5000","5000","0","0","0","0","0","0","2024-07-29 04:50:18","0","0","0","2024-07-29 04:50:18","1","0","0","0");
INSERT INTO ot_head VALUES ("349","8","","4","1","","","1","4","","04:58:15","04:58:15","","","2024-07-29","0000-00-00","1","","","","1","27","131","131","27","","","36","","","10000","0","1","0","10000","10000","0","0","0","0","0","0","2024-07-29 04:58:15","0","0","0","2024-07-29 04:58:15","1","0","0","0");
INSERT INTO ot_head VALUES ("350","9","","4","1","","","1","4","","05:00:39","05:00:39","","","2024-07-29","0000-00-00","1","","","","1","27","131","131","27","","","36","","","100","0","1","0","100","100","0","0","0","0","0","0","2024-07-29 05:00:39","0","0","0","2024-07-29 05:00:39","1","0","0","0");
INSERT INTO ot_head VALUES ("351","10","","4","1","","","1","4","","05:02:20","05:02:20","","","2024-07-29","0000-00-00","1","","","","1","27","131","131","27","","","36","","","10","0","1","0","10","10","0","0","0","0","0","0","2024-07-29 05:02:20","0","0","0","2024-07-29 05:02:20","1","0","0","0");
INSERT INTO ot_head VALUES ("352","11","","4","1","","","1","4","","05:03:08","05:03:08","","","2024-07-29","0000-00-00","1","","","","1","27","131","131","27","","","36","","","10","0","1","0","10","10","0","0","0","0","0","0","2024-07-29 05:03:08","0","0","0","2024-07-29 05:03:08","1","0","0","0");
INSERT INTO ot_head VALUES ("353","12","","4","1","","","1","4","","05:04:37","05:04:37","","","2024-07-29","0000-00-00","1","","","","1","27","131","131","27","","","36","","","10","0","1","0","10","0","0","0","0","0","0","0","2024-07-29 05:04:37","0","0","0","2024-07-29 05:04:37","1","0","0","0");
INSERT INTO ot_head VALUES ("354","13","","4","1","","","1","4","","06:32:06","06:32:06","","","2024-07-29","0000-00-00","1","","","","1","27","131","131","27","","","36","","","169","0","1","0","169","169","0","0","0","0","0","0","2024-07-29 06:32:06","0","0","0","2024-07-29 06:32:06","1","0","0","0");
INSERT INTO ot_head VALUES ("355","14","","4","1","","","1","4","","06:32:32","06:32:32","","","2024-07-29","0000-00-00","1","","","","1","27","131","131","27","","","36","","","286","0","1","0","286","286","0","0","0","0","0","0","2024-07-29 06:32:32","0","0","0","2024-07-29 06:32:32","1","0","0","0");
INSERT INTO ot_head VALUES ("356","15","","4","1","","","1","4","","06:33:31","06:33:31","","","2024-07-29","0000-00-00","1","","","","1","27","131","131","27","","","36","","","1456","0","1","0","1456","1456","0","0","0","0","0","0","2024-07-29 06:33:31","0","0","0","2024-07-29 06:33:31","1","0","0","0");
INSERT INTO ot_head VALUES ("357","1","","3","1","","","1","3","","06:49:28","06:49:28","","","2024-07-29","0000-00-00","1","","","","1","27","131","131","148","","","27","","","140","0","1","0","140","140","0","0","0","0","0","0","2024-07-29 06:49:28","0","0","0","2024-07-29 06:49:28","1","0","0","0");
INSERT INTO ot_head VALUES ("358","16","","4","1","","","1","4","","07:12:47","07:12:47","","","2024-07-29","0000-00-00","1","","","","1","27","131","131","27","","","36","","","250","0","1","0","250","250","0","0","0","0","0","0","2024-07-29 07:12:47","0","0","0","2024-07-29 07:12:47","1","0","0","0");
INSERT INTO ot_head VALUES ("359","17","","4","1","","","1","4","","07:13:18","07:13:18","","","2024-07-29","0000-00-00","1","","","","1","27","131","131","27","","","36","","","390","0","1","0","390","390","0","0","0","0","0","0","2024-07-29 07:13:18","0","0","0","2024-07-29 07:13:18","1","0","0","0");
INSERT INTO ot_head VALUES ("360","0","","3","1","","","1","3","","07:14:45","07:14:45","","","2024-07-29","0000-00-00","1","","","","1","27","131","131","148","","","27","","","650","0","1","0","650","650","0","0","0","0","0","0","2024-07-29 07:14:45","0","0","0","2024-07-29 07:14:45","1","0","0","0");
INSERT INTO ot_head VALUES ("361","0","","3","1","","","1","3","","07:20:27","07:20:27","","","2024-07-29","0000-00-00","1","","","","1","27","131","131","148","","","27","","","15","0","1","0","15","15","0","0","0","0","0","0","2024-07-29 07:20:27","0","0","0","2024-07-29 07:20:27","1","0","0","0");
INSERT INTO ot_head VALUES ("362","0","","3","1","","","1","3","","07:22:39","07:22:39","","","2024-07-29","0000-00-00","1","","","","1","27","131","131","148","","","27","","","15","0","1","3.444444444444444","15","15","0","0","0","0","0","0","2024-07-29 07:22:39","0","0","0","2024-07-29 07:26:59","1","0","0","0");
INSERT INTO ot_head VALUES ("363","0","","3","1","","","1","3","","07:28:12","07:28:12","","","2024-07-29","0000-00-00","1","","","","1","27","131","131","148","","","27","","","2772","0","1","0","2772","2772","0","0","0","0","0","0","2024-07-29 07:28:12","0","0","0","2024-07-29 07:28:12","1","0","0","0");
INSERT INTO ot_head VALUES ("364","0","","3","1","","","1","3","","07:29:36","07:29:36","","","2024-07-29","0000-00-00","1","","","","1","27","131","131","148","","","27","","","11000","0","1","0","11000","11000","0","0","0","0","0","0","2024-07-29 07:29:36","0","0","0","2024-07-29 07:29:36","1","0","0","0");
INSERT INTO ot_head VALUES ("365","0","","3","1","","","1","3","","07:33:29","07:33:29","","","2024-07-29","0000-00-00","1","","","","1","27","131","131","148","","","27","","","2900","0","1","2","2900","2900","0","0","0","0","0","0","2024-07-29 07:33:29","0","0","0","2024-07-29 07:33:29","1","0","0","0");
INSERT INTO ot_head VALUES ("366","0","","3","1","","","1","3","","07:37:09","07:37:09","","","2024-07-29","0000-00-00","1","","","","1","27","131","131","148","","","27","","","4400","0","1","200","4400","4400","0","0","0","0","0","0","2024-07-29 07:37:09","0","0","0","2024-07-29 07:37:09","1","0","0","0");
INSERT INTO ot_head VALUES ("367","28","","9","1","","","1","9","","17:29:23","17:29:23","","","2024-07-29","2024-07-29","1","","0","","1","27","131","131","148","","","27","","","75","0","1","-28.333","75","75","0","0","0","0","0","0","2024-07-29 17:29:23","0","0","0","2024-07-29 17:29:24","1","0","0","0");
INSERT INTO ot_head VALUES ("368","1","","1","","","","1","1","","17:29:24","17:29:24","","","2024-07-29","","","","","","","","131","","21","","","148","","","75","","1","0","","0","","","","","","","2024-07-29 17:29:24","0","367","0","2024-07-29 17:29:24","1","0","0","0");
INSERT INTO ot_head VALUES ("369","29","","9","1","","","1","9","","18:17:12","18:17:12","","","2024-07-29","2024-07-29","1","","0","","1","27","131","131","148","","","27","","","40","0","1","20","40","40","0","0","0","0","0","0","2024-07-29 18:17:12","0","0","0","2024-07-29 18:17:12","1","0","0","0");
INSERT INTO ot_head VALUES ("370","1","","1","","","","1","1","","18:17:12","18:17:12","","","2024-07-29","","","","","","","","131","","21","","","148","","","40","","1","0","","0","","","","","","","2024-07-29 18:17:12","0","369","0","2024-07-29 18:17:12","1","0","0","0");
INSERT INTO ot_head VALUES ("371","18","","4","1","","","1","4","","19:01:46","19:01:46","","","2024-07-29","0000-00-00","1","","","","1","27","131","131","27","","","36","","","6000","0","1","0","6000","6000","0","0","0","0","0","0","2024-07-29 19:01:46","0","0","0","2024-07-29 19:01:46","1","0","0","0");
INSERT INTO ot_head VALUES ("372","19","","4","1","","","1","4","","19:25:07","19:25:07","","","2024-07-29","0000-00-00","1","","","","1","27","131","131","27","","","36","","","30","0","1","0","30","30","0","0","0","0","0","0","2024-07-29 19:25:07","0","0","0","2024-07-29 19:25:07","1","0","0","0");
INSERT INTO ot_head VALUES ("373","0","","3","1","","","1","3","","19:28:01","19:28:01","","","2024-07-29","0000-00-00","1","","","","1","27","131","131","148","","","27","","","24","0","1","4","24","24","0","0","0","0","0","0","2024-07-29 19:28:01","0","0","0","2024-07-29 19:28:01","1","0","0","0");
INSERT INTO ot_head VALUES ("374","30","","9","1","","","1","9","","03:01:35","03:01:35","","","2024-07-30","2024-07-30","1","","0","","1","27","131","131","148","","","27","","","22","0","1","22","22","22","0","0","0","0","0","0","2024-07-30 03:01:35","0","0","0","2024-07-30 03:01:35","1","0","0","0");
INSERT INTO ot_head VALUES ("375","1","","1","","","","1","1","","03:01:35","03:01:35","","","2024-07-30","","","","","","","","131","","21","","","148","","","22","","1","0","","0","","","","","","","2024-07-30 03:01:35","0","374","0","2024-07-30 03:01:35","1","0","0","0");



DROP TABLE paper_types;

CREATE TABLE `paper_types` (
  `id` int(1) NOT NULL AUTO_INCREMENT,
  `pname` varchar(50) NOT NULL,
  `info` varchar(100) DEFAULT NULL,
  `crtime` timestamp NOT NULL DEFAULT current_timestamp(),
  `isdeleted` tinyint(1) DEFAULT 0,
  `tenant` int(11) DEFAULT 0,
  `branch` int(11) DEFAULT 0,
  PRIMARY KEY (`id`)
) ENGINE=InnoDB DEFAULT CHARSET=utf8mb4 COLLATE=utf8mb4_general_ci;




DROP TABLE patt_cols;

CREATE TABLE `patt_cols` (
  `id` int(11) NOT NULL AUTO_INCREMENT,
  `cname` varchar(100) NOT NULL,
  `isdeleted` tinyint(1) DEFAULT 0,
  `tenant` int(11) DEFAULT 0,
  `branch` int(11) DEFAULT 0,
  PRIMARY KEY (`id`)
) ENGINE=InnoDB DEFAULT CHARSET=utf8mb4 COLLATE=utf8mb4_general_ci;




DROP TABLE permits;

CREATE TABLE `permits` (
  `id` int(11) NOT NULL AUTO_INCREMENT,
  `empid` int(1) NOT NULL,
  `info` varchar(100) DEFAULT NULL,
  `crtime` timestamp NOT NULL DEFAULT current_timestamp(),
  `mdtime` timestamp NOT NULL DEFAULT current_timestamp() ON UPDATE current_timestamp(),
  `curdate` date NOT NULL,
  `startdate` date NOT NULL,
  `enddate` date NOT NULL,
  `val` double DEFAULT NULL,
  `statue` int(1) NOT NULL,
  `isdeleted` tinyint(1) DEFAULT 0,
  `tenant` int(11) DEFAULT 0,
  `branch` int(11) DEFAULT 0,
  PRIMARY KEY (`id`)
) ENGINE=InnoDB DEFAULT CHARSET=utf8mb4 COLLATE=utf8mb4_general_ci;




DROP TABLE prescdetails;

CREATE TABLE `prescdetails` (
  `id` int(11) NOT NULL AUTO_INCREMENT,
  `prescid` int(11) DEFAULT NULL,
  `drug` int(11) DEFAULT NULL,
  `dose` varchar(200) NOT NULL,
  `info` varchar(200) NOT NULL,
  `crtime` timestamp NOT NULL DEFAULT current_timestamp(),
  `mdtime` timestamp NOT NULL DEFAULT current_timestamp() ON UPDATE current_timestamp(),
  `isdeleted` tinyint(1) DEFAULT 0,
  `tenant` int(11) DEFAULT 0,
  `branch` int(11) DEFAULT 0,
  PRIMARY KEY (`id`)
) ENGINE=InnoDB AUTO_INCREMENT=2 DEFAULT CHARSET=utf8mb4 COLLATE=utf8mb4_general_ci;




DROP TABLE prescs;

CREATE TABLE `prescs` (
  `id` int(11) NOT NULL AUTO_INCREMENT,
  `client` int(11) DEFAULT NULL,
  `visit` int(11) DEFAULT NULL,
  `analayses` varchar(250) DEFAULT NULL,
  `info` varchar(200) NOT NULL,
  `crtime` timestamp NOT NULL DEFAULT current_timestamp(),
  `mdtime` timestamp NOT NULL DEFAULT current_timestamp() ON UPDATE current_timestamp(),
  `isdeleted` tinyint(1) DEFAULT 0,
  `tenant` int(11) DEFAULT 0,
  `branch` int(11) DEFAULT 0,
  PRIMARY KEY (`id`)
) ENGINE=InnoDB AUTO_INCREMENT=3 DEFAULT CHARSET=utf8mb4 COLLATE=utf8mb4_general_ci;




DROP TABLE price_lists;

CREATE TABLE `price_lists` (
  `id` int(11) NOT NULL AUTO_INCREMENT,
  `pname` varchar(100) NOT NULL,
  `isdeleted` tinyint(1) DEFAULT 0,
  `tenant` int(11) DEFAULT 0,
  `branch` int(11) DEFAULT 0,
  PRIMARY KEY (`id`)
) ENGINE=InnoDB AUTO_INCREMENT=3 DEFAULT CHARSET=utf8mb4 COLLATE=utf8mb4_general_ci;

INSERT INTO price_lists VALUES ("1","سعر 1","0","0","0");
INSERT INTO price_lists VALUES ("2","سعر 2","0","0","0");



DROP TABLE print;

CREATE TABLE `print` (
  `id` int(1) NOT NULL AUTO_INCREMENT,
  `pname` varchar(50) NOT NULL,
  `type` varchar(11) NOT NULL,
  `number` varchar(11) NOT NULL,
  `info` varchar(100) DEFAULT NULL,
  `crtime` timestamp NOT NULL DEFAULT current_timestamp(),
  `isdeleted` tinyint(1) DEFAULT 0,
  `tenant` int(11) DEFAULT 0,
  `branch` int(11) DEFAULT 0,
  PRIMARY KEY (`id`)
) ENGINE=InnoDB AUTO_INCREMENT=11 DEFAULT CHARSET=utf8mb4 COLLATE=utf8mb4_general_ci;




DROP TABLE pro_tybes;

CREATE TABLE `pro_tybes` (
  `id` int(11) NOT NULL AUTO_INCREMENT,
  `pname` varchar(200) DEFAULT NULL,
  `ptext` varchar(200) DEFAULT NULL,
  `ptybe` int(11) DEFAULT NULL,
  `info` varchar(200) DEFAULT NULL,
  `crtime` timestamp NOT NULL DEFAULT current_timestamp(),
  `mdtime` timestamp NOT NULL DEFAULT current_timestamp() ON UPDATE current_timestamp(),
  `isdeleted` tinyint(1) DEFAULT 0,
  `tenant` int(11) DEFAULT 0,
  `branch` int(11) DEFAULT 0,
  PRIMARY KEY (`id`)
) ENGINE=InnoDB AUTO_INCREMENT=10 DEFAULT CHARSET=utf8mb4 COLLATE=utf8mb4_general_ci;

INSERT INTO pro_tybes VALUES ("1","سند قبض","","1","","2024-03-14 04:01:35","2024-03-14 04:01:35","0","0","0");
INSERT INTO pro_tybes VALUES ("2","سند دفع","","2","","2024-03-14 04:01:35","2024-03-14 04:02:22","0","0","0");
INSERT INTO pro_tybes VALUES ("3","فاتورة مبيعات","","3","","2024-03-14 04:01:58","2024-03-14 04:02:26","0","0","0");
INSERT INTO pro_tybes VALUES ("4","فاتورة مشتريات","","4","","2024-03-14 04:01:58","2024-03-14 04:02:28","0","0","0");
INSERT INTO pro_tybes VALUES ("5","استحقاق قسط","","5","","2024-03-17 05:53:16","2024-03-17 05:53:27","0","0","0");
INSERT INTO pro_tybes VALUES ("6","خصم مكتسب","","6","","2024-03-17 05:53:16","2024-03-17 05:53:27","0","0","0");
INSERT INTO pro_tybes VALUES ("7","خصم مسموح به","","7","","2024-03-17 05:53:16","2024-03-17 05:53:27","0","0","0");
INSERT INTO pro_tybes VALUES ("8","قيد يومية","","8","","2024-05-14 14:06:41","2024-05-14 14:06:54","0","0","0");
INSERT INTO pro_tybes VALUES ("9","فاتورة كاشير","","9","","2024-05-14 14:06:41","2024-07-19 20:25:29","0","0","0");



DROP TABLE prods;

CREATE TABLE `prods` (
  `id` int(1) NOT NULL AUTO_INCREMENT,
  `pname` varchar(50) NOT NULL,
  `info` varchar(100) DEFAULT NULL,
  `crtime` timestamp NOT NULL DEFAULT current_timestamp(),
  `isdeleted` tinyint(1) DEFAULT 0,
  `tenant` int(11) DEFAULT 0,
  `branch` int(11) DEFAULT 0,
  PRIMARY KEY (`id`)
) ENGINE=InnoDB AUTO_INCREMENT=12 DEFAULT CHARSET=utf8mb4 COLLATE=utf8mb4_general_ci;




DROP TABLE pst_activities;

CREATE TABLE `pst_activities` (
  `id` int(1) NOT NULL AUTO_INCREMENT,
  `aname` varchar(111) NOT NULL,
  `info` varchar(111) DEFAULT NULL,
  `crtime` timestamp NOT NULL DEFAULT current_timestamp(),
  `mdtime` timestamp NOT NULL DEFAULT current_timestamp() ON UPDATE current_timestamp(),
  `user` int(1) DEFAULT 0,
  `isdeleted` tinyint(1) DEFAULT 0,
  `tenant` int(11) DEFAULT 0,
  `branch` int(11) DEFAULT 0,
  PRIMARY KEY (`id`)
) ENGINE=InnoDB DEFAULT CHARSET=utf8mb4 COLLATE=utf8mb4_general_ci;




DROP TABLE pst_criminals;

CREATE TABLE `pst_criminals` (
  `id` int(1) NOT NULL AUTO_INCREMENT,
  `cname` varchar(150) NOT NULL,
  `otherdetails` varchar(200) DEFAULT NULL,
  `karta` int(1) DEFAULT NULL,
  `dngrs` int(1) DEFAULT NULL,
  `fesh` int(1) DEFAULT NULL,
  `prtnrs` varchar(150) DEFAULT NULL,
  `crmaddress` varchar(150) DEFAULT NULL,
  `idcardnum` varchar(150) DEFAULT NULL,
  `scar` varchar(150) DEFAULT NULL,
  `mname` varchar(150) DEFAULT NULL,
  `nickname` varchar(150) DEFAULT NULL,
  `tybe` varchar(150) DEFAULT NULL,
  `danger_factor` int(1) NOT NULL DEFAULT 1,
  `info` varchar(150) DEFAULT NULL,
  `crtime` timestamp NOT NULL DEFAULT current_timestamp(),
  `mdtime` timestamp NOT NULL DEFAULT current_timestamp() ON UPDATE current_timestamp(),
  `user` int(1) NOT NULL,
  `isdeleted` tinyint(1) DEFAULT 0,
  `tenant` int(11) DEFAULT 0,
  `branch` int(11) DEFAULT 0,
  PRIMARY KEY (`id`)
) ENGINE=InnoDB DEFAULT CHARSET=utf8mb4 COLLATE=utf8mb4_general_ci;




DROP TABLE pst_crmstyles;

CREATE TABLE `pst_crmstyles` (
  `id` int(1) NOT NULL AUTO_INCREMENT,
  `cname` varchar(150) NOT NULL,
  `info` varchar(150) DEFAULT NULL,
  `crtime` timestamp NOT NULL DEFAULT current_timestamp(),
  `mdtime` timestamp NOT NULL DEFAULT current_timestamp() ON UPDATE current_timestamp(),
  `user` int(1) NOT NULL,
  `isdeleted` tinyint(1) DEFAULT 0,
  `tenant` int(11) DEFAULT 0,
  `branch` int(11) DEFAULT 0,
  PRIMARY KEY (`id`)
) ENGINE=InnoDB DEFAULT CHARSET=utf8mb4 COLLATE=utf8mb4_general_ci;




DROP TABLE pst_gangs;

CREATE TABLE `pst_gangs` (
  `id` int(1) NOT NULL AUTO_INCREMENT,
  `gname` varchar(150) NOT NULL,
  `info` varchar(150) DEFAULT NULL,
  `crtime` timestamp NOT NULL DEFAULT current_timestamp(),
  `mdtime` timestamp NOT NULL DEFAULT current_timestamp() ON UPDATE current_timestamp(),
  `user` int(1) NOT NULL,
  `isdeleted` tinyint(1) DEFAULT 0,
  `tenant` int(11) DEFAULT 0,
  `branch` int(11) DEFAULT 0,
  PRIMARY KEY (`id`)
) ENGINE=InnoDB DEFAULT CHARSET=utf8mb4 COLLATE=utf8mb4_general_ci;




DROP TABLE pst_issues;

CREATE TABLE `pst_issues` (
  `id` int(1) NOT NULL AUTO_INCREMENT,
  `iname` varchar(150) NOT NULL,
  `issue_tybe` int(1) NOT NULL DEFAULT 1,
  `info` varchar(150) DEFAULT NULL,
  `crtime` timestamp NOT NULL DEFAULT current_timestamp(),
  `mdtime` timestamp NOT NULL DEFAULT current_timestamp() ON UPDATE current_timestamp(),
  `user` int(1) NOT NULL,
  `isdeleted` tinyint(1) DEFAULT 0,
  `tenant` int(11) DEFAULT 0,
  `branch` int(11) DEFAULT 0,
  PRIMARY KEY (`id`)
) ENGINE=InnoDB DEFAULT CHARSET=utf8mb4 COLLATE=utf8mb4_general_ci;




DROP TABLE rays;

CREATE TABLE `rays` (
  `id` int(11) NOT NULL AUTO_INCREMENT,
  `client` int(11) NOT NULL,
  `lap` int(11) NOT NULL,
  `name` varchar(250) NOT NULL,
  `comment` varchar(250) DEFAULT NULL,
  `img` varchar(250) DEFAULT NULL,
  `crtime` timestamp NULL DEFAULT current_timestamp(),
  `mdtime` timestamp NOT NULL DEFAULT current_timestamp() ON UPDATE current_timestamp(),
  `info` varchar(250) DEFAULT NULL,
  `isdeleted` tinyint(1) DEFAULT 0,
  `tenant` int(11) DEFAULT 0,
  `branch` int(11) DEFAULT 0,
  PRIMARY KEY (`id`)
) ENGINE=InnoDB DEFAULT CHARSET=utf8mb4 COLLATE=utf8mb4_general_ci;




DROP TABLE reservations;

CREATE TABLE `reservations` (
  `id` int(11) NOT NULL AUTO_INCREMENT,
  `client` int(11) NOT NULL,
  `diseses` varchar(250) DEFAULT '0',
  `phone` varchar(15) DEFAULT NULL,
  `date` date NOT NULL,
  `time` time NOT NULL,
  `start_time` time DEFAULT NULL,
  `end_time` time DEFAULT NULL,
  `duration` double DEFAULT NULL,
  `visittybe` int(11) NOT NULL,
  `crtime` timestamp NOT NULL DEFAULT current_timestamp(),
  `mdtime` timestamp NOT NULL DEFAULT current_timestamp() ON UPDATE current_timestamp(),
  `paid` int(11) DEFAULT 0,
  `deserved` int(11) DEFAULT 0,
  `rest` int(11) DEFAULT 0,
  `done` int(11) DEFAULT 0,
  `info` varchar(250) DEFAULT NULL,
  `isdeleted` tinyint(1) DEFAULT 0,
  `tenant` int(11) DEFAULT 0,
  `branch` int(11) DEFAULT 0,
  PRIMARY KEY (`id`)
) ENGINE=InnoDB AUTO_INCREMENT=2 DEFAULT CHARSET=utf8mb4 COLLATE=utf8mb4_general_ci;




DROP TABLE salaries;

CREATE TABLE `salaries` (
  `id` int(11) NOT NULL AUTO_INCREMENT,
  `empid` int(1) NOT NULL,
  `info` varchar(100) DEFAULT NULL,
  `crtime` timestamp NOT NULL DEFAULT current_timestamp(),
  `mdtime` timestamp NOT NULL DEFAULT current_timestamp() ON UPDATE current_timestamp(),
  `starttime` time NOT NULL,
  `endtime` time NOT NULL,
  `salary` double DEFAULT 0,
  `extra` double DEFAULT 0,
  `disc` double DEFAULT 0,
  `allow` double DEFAULT 0,
  `dedu` double DEFAULT 0,
  `total` double NOT NULL DEFAULT 0,
  `isdeleted` tinyint(1) DEFAULT 0,
  `tenant` int(11) DEFAULT 0,
  `branch` int(11) DEFAULT 0,
  PRIMARY KEY (`id`)
) ENGINE=InnoDB DEFAULT CHARSET=utf8mb4 COLLATE=utf8mb4_general_ci;




DROP TABLE services;

CREATE TABLE `services` (
  `id` int(11) NOT NULL AUTO_INCREMENT,
  `sname` varchar(50) NOT NULL,
  `info` varchar(100) DEFAULT NULL,
  `crtime` timestamp NOT NULL DEFAULT current_timestamp(),
  `isdeleted` tinyint(1) DEFAULT 0,
  `tenant` int(11) DEFAULT 0,
  `branch` int(11) DEFAULT 0,
  PRIMARY KEY (`id`)
) ENGINE=InnoDB DEFAULT CHARSET=utf8mb4 COLLATE=utf8mb4_general_ci;




DROP TABLE session_time;

CREATE TABLE `session_time` (
  `id` int(1) NOT NULL AUTO_INCREMENT,
  `user` int(1) NOT NULL,
  `crtime` timestamp NOT NULL DEFAULT current_timestamp(),
  `isdeleted` tinyint(1) DEFAULT 0,
  `tenant` int(11) DEFAULT 0,
  `branch` int(11) DEFAULT 0,
  PRIMARY KEY (`id`)
) ENGINE=InnoDB AUTO_INCREMENT=193 DEFAULT CHARSET=utf8mb4 COLLATE=utf8mb4_general_ci;

INSERT INTO session_time VALUES ("134","1","2024-07-18 20:13:44","0","0","0");
INSERT INTO session_time VALUES ("135","1","2024-07-18 20:48:55","0","0","0");
INSERT INTO session_time VALUES ("136","1","2024-07-19 01:24:12","0","0","0");
INSERT INTO session_time VALUES ("137","1","2024-07-19 02:39:11","0","0","0");
INSERT INTO session_time VALUES ("138","1","2024-07-19 19:30:15","0","0","0");
INSERT INTO session_time VALUES ("139","1","2024-07-19 20:24:33","0","0","0");
INSERT INTO session_time VALUES ("140","1","2024-07-19 21:01:05","0","0","0");
INSERT INTO session_time VALUES ("141","1","2024-07-20 01:35:45","0","0","0");
INSERT INTO session_time VALUES ("142","1","2024-07-20 05:48:06","0","0","0");
INSERT INTO session_time VALUES ("143","1","2024-07-20 14:46:41","0","0","0");
INSERT INTO session_time VALUES ("144","1","2024-07-21 04:29:23","0","0","0");
INSERT INTO session_time VALUES ("145","1","2024-07-21 18:15:17","0","0","0");
INSERT INTO session_time VALUES ("146","1","2024-07-21 19:22:00","0","0","0");
INSERT INTO session_time VALUES ("147","1","2024-07-22 01:06:43","0","0","0");
INSERT INTO session_time VALUES ("148","1","2024-07-22 11:02:52","0","0","0");
INSERT INTO session_time VALUES ("149","1","2024-07-22 21:19:16","0","0","0");
INSERT INTO session_time VALUES ("150","1","2024-07-23 02:27:45","0","0","0");
INSERT INTO session_time VALUES ("151","1","2024-07-23 22:17:31","0","0","0");
INSERT INTO session_time VALUES ("152","1","2024-07-24 18:15:20","0","0","0");
INSERT INTO session_time VALUES ("153","1","2024-07-24 18:19:00","0","0","0");
INSERT INTO session_time VALUES ("154","1","2024-07-24 19:16:57","0","0","0");
INSERT INTO session_time VALUES ("155","1","2024-07-24 20:22:56","0","0","0");
INSERT INTO session_time VALUES ("156","1","2024-07-25 02:05:14","0","0","0");
INSERT INTO session_time VALUES ("157","1","2024-07-25 02:10:19","0","0","0");
INSERT INTO session_time VALUES ("158","1","2024-07-25 04:56:25","0","0","0");
INSERT INTO session_time VALUES ("159","1","2024-07-25 15:30:10","0","0","0");
INSERT INTO session_time VALUES ("160","1","2024-07-25 16:18:03","0","0","0");
INSERT INTO session_time VALUES ("161","1","2024-07-25 17:54:39","0","0","0");
INSERT INTO session_time VALUES ("162","1","2024-07-26 01:23:35","0","0","0");
INSERT INTO session_time VALUES ("163","1","2024-07-26 03:35:15","0","0","0");
INSERT INTO session_time VALUES ("164","1","2024-07-27 04:29:14","0","0","0");
INSERT INTO session_time VALUES ("165","1","2024-07-27 14:37:30","0","0","0");
INSERT INTO session_time VALUES ("166","1","2024-07-27 21:33:57","0","0","0");
INSERT INTO session_time VALUES ("167","1","2024-07-28 04:53:50","0","0","0");
INSERT INTO session_time VALUES ("168","1","2024-07-28 14:58:51","0","0","0");
INSERT INTO session_time VALUES ("169","1","2024-07-28 19:46:47","0","0","0");
INSERT INTO session_time VALUES ("170","1","2024-07-29 04:38:21","0","0","0");
INSERT INTO session_time VALUES ("171","1","2024-07-29 15:56:35","0","0","0");
INSERT INTO session_time VALUES ("172","1","2024-07-29 16:57:05","0","0","0");
INSERT INTO session_time VALUES ("173","1","2024-07-29 18:16:04","0","0","0");
INSERT INTO session_time VALUES ("174","1","2024-07-29 19:07:28","0","0","0");
INSERT INTO session_time VALUES ("175","1","2024-07-29 21:32:44","0","0","0");
INSERT INTO session_time VALUES ("176","1","2024-07-30 03:01:09","0","0","0");
INSERT INTO session_time VALUES ("177","1","2024-07-30 14:57:11","0","0","0");
INSERT INTO session_time VALUES ("178","1","2024-07-30 15:31:54","0","0","0");
INSERT INTO session_time VALUES ("179","1","2024-07-30 16:13:50","0","0","0");
INSERT INTO session_time VALUES ("180","1","2024-07-30 16:43:31","0","0","0");
INSERT INTO session_time VALUES ("181","1","2024-07-30 17:39:50","0","0","0");
INSERT INTO session_time VALUES ("182","1","2024-07-30 17:50:41","0","0","0");
INSERT INTO session_time VALUES ("183","1","2024-07-30 19:25:14","0","0","0");
INSERT INTO session_time VALUES ("184","1","2024-07-30 23:44:22","0","0","0");
INSERT INTO session_time VALUES ("185","1","2024-07-31 01:55:46","0","0","0");
INSERT INTO session_time VALUES ("186","1","2024-07-31 05:39:17","0","0","0");
INSERT INTO session_time VALUES ("187","1","2024-07-31 14:08:14","0","0","0");
INSERT INTO session_time VALUES ("188","1","2024-07-31 18:45:44","0","0","0");
INSERT INTO session_time VALUES ("189","1","2024-07-31 21:00:36","0","0","0");
INSERT INTO session_time VALUES ("190","1","2024-08-03 03:04:36","0","0","0");
INSERT INTO session_time VALUES ("191","1","2024-08-03 16:50:24","0","0","0");
INSERT INTO session_time VALUES ("192","1","2024-08-03 18:59:24","0","0","0");



DROP TABLE settings;

CREATE TABLE `settings` (
  `id` int(1) NOT NULL AUTO_INCREMENT,
  `company_name` varchar(200) DEFAULT NULL,
  `company_add` varchar(200) DEFAULT NULL,
  `company_email` varchar(50) DEFAULT NULL,
  `company_tel` varchar(200) DEFAULT NULL,
  `edit_pass` varchar(50) DEFAULT NULL,
  `lic` varchar(250) DEFAULT NULL,
  `updateline` text DEFAULT NULL,
  `acc_rent` int(11) DEFAULT 0,
  `startdate` date DEFAULT NULL,
  `enddate` date DEFAULT NULL,
  `lang` varchar(20) DEFAULT 'ar',
  `bodycolor` varchar(50) DEFAULT NULL,
  `showhr` int(1) NOT NULL DEFAULT 1,
  `showclinc` int(1) NOT NULL DEFAULT 1,
  `showatt` int(11) NOT NULL DEFAULT 1,
  `showpayroll` int(11) NOT NULL DEFAULT 1,
  `showrent` int(11) NOT NULL DEFAULT 1,
  `showpay` int(11) DEFAULT 1,
  `showtsk` int(11) NOT NULL DEFAULT 1,
  `def_pos_client` int(1) DEFAULT NULL,
  `def_pos_store` int(1) DEFAULT NULL,
  `def_pos_employee` int(1) DEFAULT NULL,
  `def_pos_fund` int(1) DEFAULT NULL,
  `isdeleted` tinyint(1) DEFAULT 0,
  `tenant` int(11) DEFAULT 0,
  `branch` int(11) DEFAULT 0,
  PRIMARY KEY (`id`)
) ENGINE=InnoDB AUTO_INCREMENT=2 DEFAULT CHARSET=utf8mb4 COLLATE=utf8mb4_general_ci;

INSERT INTO settings VALUES ("1","SKY TEAM","سمنود - برج زايد - الدور الخامس","abdelhadeeladawy@gmail.com","010053662038","1","d35c99e7485691ea14f829029dc03e69A67b8d2f92148f52cad46e331936922e8","","99","2024-01-01","2024-12-31","ar","#f0f0f0","1","1","1","1","1","1","1","155","27","131","21","0","0","0");



DROP TABLE shifts;

CREATE TABLE `shifts` (
  `id` int(11) NOT NULL AUTO_INCREMENT,
  `name` varchar(20) NOT NULL,
  `info` text DEFAULT NULL,
  `crtime` timestamp NOT NULL DEFAULT current_timestamp(),
  `isdeleted` tinyint(1) DEFAULT 0,
  `shiftstart` time DEFAULT NULL,
  `shiftend` time DEFAULT NULL,
  `hours` double(11,2) DEFAULT NULL,
  `instart` time DEFAULT NULL,
  `inend` time DEFAULT NULL,
  `outstart` time DEFAULT NULL,
  `outend` time DEFAULT NULL,
  `latelimit` int(1) DEFAULT NULL,
  `earlylimit` int(11) DEFAULT NULL,
  `workingdays` varchar(20) DEFAULT NULL,
  `tenant` int(11) DEFAULT 0,
  `branch` int(11) DEFAULT 0,
  PRIMARY KEY (`id`)
) ENGINE=InnoDB AUTO_INCREMENT=16 DEFAULT CHARSET=utf8mb4 COLLATE=utf8mb4_general_ci;

INSERT INTO shifts VALUES ("5","ورديه الاداره","","2023-08-05 04:37:08","","12:00:00","19:00:00","","11:00:00","14:00:00","17:00:00","23:59:00","15","15","6,7,1,2,3,4","0","0");
INSERT INTO shifts VALUES ("12"," وردية مكتب 10","","2024-07-24 13:32:02","","10:00:00","16:00:00","6.00","09:30:00","13:00:00","15:00:00","18:00:00","15","15","6,7,1,2,3,4","0","0");
INSERT INTO shifts VALUES ("13","وردية المحل","","2024-07-24 13:33:57","","12:00:00","22:00:00","10.00","09:00:00","14:30:00","20:00:00","23:59:00","15","15","6,7,1,2,3,4","0","0");
INSERT INTO shifts VALUES ("15","ورديه الاداره","","2023-08-05 01:37:08","","12:00:00","20:00:00","8.00","09:00:00","15:00:00","16:00:00","23:59:00","60","60","6,7,1,2,3,4","0","0");



DROP TABLE shw_optns;

CREATE TABLE `shw_optns` (
  `id` int(11) NOT NULL AUTO_INCREMENT,
  `sname` varchar(100) NOT NULL,
  `is_show` int(11) NOT NULL DEFAULT 0,
  `def_width` int(11) NOT NULL DEFAULT 50,
  `cur_width` int(11) NOT NULL DEFAULT 50,
  `info` varchar(150) DEFAULT NULL,
  `crtime` timestamp NOT NULL DEFAULT current_timestamp(),
  `mdtime` timestamp NOT NULL DEFAULT current_timestamp() ON UPDATE current_timestamp(),
  `isdeleted` tinyint(1) DEFAULT 0,
  `tenant` int(11) DEFAULT 0,
  `branch` int(11) DEFAULT 0,
  PRIMARY KEY (`id`)
) ENGINE=InnoDB AUTO_INCREMENT=18 DEFAULT CHARSET=utf8mb4 COLLATE=utf8mb4_general_ci;

INSERT INTO shw_optns VALUES ("1","op_id","0","50","50","معرف العملية","2024-03-13 19:54:16","2024-03-13 20:32:33","0","0","0");
INSERT INTO shw_optns VALUES ("2","op_date","0","50","50","التاريخ","2024-03-13 20:32:08","2024-03-13 20:32:46","0","0","0");
INSERT INTO shw_optns VALUES ("3","op_tybe","0","50","50","نوع العمليه","2024-03-13 20:32:08","2024-03-13 20:32:54","0","0","0");
INSERT INTO shw_optns VALUES ("4","op_store","0","50","50","المستودع","2024-03-13 20:32:08","2024-03-13 20:32:08","0","0","0");
INSERT INTO shw_optns VALUES ("5","op_num","0","50","50","رقم السند","2024-03-13 20:32:08","2024-03-13 20:32:08","0","0","0");
INSERT INTO shw_optns VALUES ("6","acc_num","0","50","50","رقم الحساب","2024-03-13 20:32:08","2024-03-13 20:32:08","0","0","0");
INSERT INTO shw_optns VALUES ("7","acc_id","0","50","50","اسم الحساب","2024-03-13 20:32:08","2024-03-13 20:32:08","0","0","0");
INSERT INTO shw_optns VALUES ("8","op_val","0","50","50","قيمه العمليه","2024-03-13 20:32:08","2024-03-13 20:32:08","0","0","0");
INSERT INTO shw_optns VALUES ("9","op_profit","0","50","50","الربح","2024-03-13 20:32:08","2024-03-13 20:33:07","0","0","0");
INSERT INTO shw_optns VALUES ("10","emb_id","0","50","50","البائع","2024-03-13 20:32:08","2024-03-13 20:33:15","0","0","0");
INSERT INTO shw_optns VALUES ("11","usid","0","50","50","المستخدم","2024-03-13 20:32:08","2024-03-13 20:33:22","0","0","0");
INSERT INTO shw_optns VALUES ("12","fatcost","0","50","50","تكلفه المبيعات","2024-03-13 20:32:08","2024-03-13 20:33:28","0","0","0");
INSERT INTO shw_optns VALUES ("13","crtime","0","50","50","الوقت","2024-03-13 20:32:08","2024-03-13 20:32:08","0","0","0");
INSERT INTO shw_optns VALUES ("14","cl_code","0","50","50","رقم العميل","2024-03-13 20:47:10","2024-03-13 20:47:10","0","0","0");
INSERT INTO shw_optns VALUES ("15","cl_id","0","50","50","اسم العميل","2024-03-13 20:47:10","2024-03-13 20:47:10","0","0","0");
INSERT INTO shw_optns VALUES ("16","acc_blance","0","50","50","الرصيد الحالى-بالعمله المحليه","2024-03-13 20:47:10","2024-03-13 20:47:10","0","0","0");
INSERT INTO shw_optns VALUES ("17","acc_cur","0","50","50","عمله الحساب","2024-03-13 20:47:10","2024-03-13 20:47:10","0","0","0");



DROP TABLE sitting_items;

CREATE TABLE `sitting_items` (
  `id` int(11) NOT NULL AUTO_INCREMENT,
  `iname` varchar(250) NOT NULL,
  `item_value` int(1) NOT NULL DEFAULT 0,
  `item_description` varchar(250) DEFAULT NULL,
  `crtime` timestamp NOT NULL DEFAULT current_timestamp(),
  `mdtime` timestamp NOT NULL DEFAULT current_timestamp() ON UPDATE current_timestamp(),
  `isdeleted` tinyint(1) DEFAULT 0,
  `tenant` int(11) DEFAULT 0,
  `branch` int(11) DEFAULT 0,
  PRIMARY KEY (`id`)
) ENGINE=InnoDB AUTO_INCREMENT=5 DEFAULT CHARSET=utf8mb4 COLLATE=utf8mb4_general_ci;

INSERT INTO sitting_items VALUES ("1","الموظف يحاسب علي اساس ساعات العمل","0","","2023-12-27 00:32:16","2023-12-27 00:32:16","0","0","0");
INSERT INTO sitting_items VALUES ("2","الموظف يحاسب علي اساس ساعات العمل التقديريه 26 يوم","0","","2023-12-27 00:33:03","2023-12-27 00:33:03","0","0","0");
INSERT INTO sitting_items VALUES ("3","الشهر عباره عن 30 يوم","0","","2023-12-27 00:35:34","2023-12-27 00:35:34","0","0","0");
INSERT INTO sitting_items VALUES ("4","البصمه المفقوده يتم تجاهلها","0","","2023-12-27 00:35:34","2023-12-27 00:35:34","0","0","0");



DROP TABLE skills;

CREATE TABLE `skills` (
  `id` int(11) NOT NULL AUTO_INCREMENT,
  `sname` varchar(200) NOT NULL,
  `icon` varchar(100) DEFAULT NULL,
  `info` varchar(200) DEFAULT NULL,
  `scolor` varchar(100) DEFAULT NULL,
  `crtime` timestamp NOT NULL DEFAULT current_timestamp(),
  `mdtime` timestamp NOT NULL DEFAULT current_timestamp() ON UPDATE current_timestamp(),
  `user` int(11) NOT NULL DEFAULT 1,
  `isdeleted` tinyint(1) DEFAULT 0,
  `tenant` int(11) DEFAULT 0,
  `branch` int(11) DEFAULT 0,
  PRIMARY KEY (`id`)
) ENGINE=InnoDB DEFAULT CHARSET=utf8mb4 COLLATE=utf8mb4_general_ci;




DROP TABLE tasks;

CREATE TABLE `tasks` (
  `id` int(11) NOT NULL AUTO_INCREMENT,
  `name` varchar(50) NOT NULL,
  `ch_tybe` int(11) NOT NULL,
  `info` text DEFAULT NULL,
  `phone` varchar(20) DEFAULT NULL,
  `user` int(1) NOT NULL,
  `tasktybe` int(1) NOT NULL,
  `important` int(1) NOT NULL,
  `urgent` int(1) NOT NULL,
  `emp_comment` varchar(200) DEFAULT NULL,
  `cl_comment` varchar(200) DEFAULT NULL,
  `crtime` timestamp NOT NULL DEFAULT current_timestamp(),
  `mdtime` timestamp NOT NULL DEFAULT current_timestamp() ON UPDATE current_timestamp(),
  `isdeleted` tinyint(1) DEFAULT 0,
  `tenant` int(11) DEFAULT 0,
  `branch` int(11) DEFAULT 0,
  PRIMARY KEY (`id`)
) ENGINE=InnoDB AUTO_INCREMENT=2 DEFAULT CHARSET=utf8mb4 COLLATE=utf8mb4_general_ci;




DROP TABLE tasktybes;

CREATE TABLE `tasktybes` (
  `id` int(1) NOT NULL AUTO_INCREMENT,
  `name` varchar(25) NOT NULL,
  `info` text DEFAULT NULL,
  `crtime` timestamp NOT NULL DEFAULT current_timestamp(),
  `isdeleted` tinyint(1) DEFAULT 0,
  `tenant` int(11) DEFAULT 0,
  `branch` int(11) DEFAULT 0,
  PRIMARY KEY (`id`)
) ENGINE=InnoDB AUTO_INCREMENT=6 DEFAULT CHARSET=utf8mb4 COLLATE=utf8mb4_general_ci;

INSERT INTO tasktybes VALUES ("1","زياره اعطال","","2023-07-27 15:13:07","0","0","0");
INSERT INTO tasktybes VALUES ("2","زياره تسويق","","2023-07-27 15:13:07","0","0","0");
INSERT INTO tasktybes VALUES ("3","زياره علاقات","","2023-07-27 15:13:07","0","0","0");
INSERT INTO tasktybes VALUES ("4","تركيب","","2023-12-23 03:44:24","0","0","0");
INSERT INTO tasktybes VALUES ("5","كلينت","","2023-12-23 03:44:24","0","0","0");



DROP TABLE test;

CREATE TABLE `test` (
  `id` int(11) NOT NULL AUTO_INCREMENT,
  `first_name` varchar(50) DEFAULT NULL,
  `last_name` varchar(50) DEFAULT NULL,
  `email` varchar(50) DEFAULT NULL,
  `phone` varchar(15) DEFAULT NULL,
  `created` datetime NOT NULL,
  `modified` datetime NOT NULL,
  `status` enum('Active','Inactive') NOT NULL DEFAULT 'Active',
  `name` varchar(50) DEFAULT NULL,
  `date` date DEFAULT NULL,
  `test` varchar(1) DEFAULT NULL,
  `time` time DEFAULT NULL,
  `isdeleted` tinyint(1) DEFAULT 0,
  `tenant` int(11) DEFAULT 0,
  `branch` int(11) DEFAULT 0,
  PRIMARY KEY (`id`)
) ENGINE=InnoDB DEFAULT CHARSET=utf8 COLLATE=utf8_unicode_ci;




DROP TABLE towns;

CREATE TABLE `towns` (
  `id` int(11) NOT NULL AUTO_INCREMENT,
  `name` varchar(20) NOT NULL,
  `info` text DEFAULT NULL,
  `crtime` timestamp NOT NULL DEFAULT current_timestamp(),
  `isdeleted` tinyint(1) DEFAULT 0,
  `tenant` int(11) DEFAULT 0,
  `branch` int(11) DEFAULT 0,
  PRIMARY KEY (`id`)
) ENGINE=InnoDB AUTO_INCREMENT=8 DEFAULT CHARSET=utf8mb4 COLLATE=utf8mb4_general_ci;

INSERT INTO towns VALUES ("1","سمنود ","","0000-00-00 00:00:00","0","0","0");
INSERT INTO towns VALUES ("2","المحله","","0000-00-00 00:00:00","0","0","0");
INSERT INTO towns VALUES ("3","المنيا","","0000-00-00 00:00:00","0","0","0");
INSERT INTO towns VALUES ("4","اجا","","2023-07-25 22:20:26","0","0","0");
INSERT INTO towns VALUES ("5","طنطا","","2024-07-21 04:33:34","0","0","0");
INSERT INTO towns VALUES ("6","كفر الشيخ","","2024-07-21 04:34:25","0","0","0");
INSERT INTO towns VALUES ("7","كفر الشيخ","","2024-07-21 04:34:27","0","0","0");



DROP TABLE transactions;

CREATE TABLE `transactions` (
  `id` int(11) NOT NULL AUTO_INCREMENT,
  `tdate` date NOT NULL,
  `details` varchar(200) DEFAULT NULL,
  `crtime` timestamp NOT NULL DEFAULT current_timestamp(),
  `mdtime` timestamp NOT NULL DEFAULT current_timestamp() ON UPDATE current_timestamp(),
  `isdeleted` tinyint(1) DEFAULT 0,
  `tenant` int(11) DEFAULT 0,
  `branch` int(11) DEFAULT 0,
  PRIMARY KEY (`id`)
) ENGINE=InnoDB DEFAULT CHARSET=utf8mb4 COLLATE=utf8mb4_general_ci;




DROP TABLE users;

CREATE TABLE `users` (
  `id` int(1) NOT NULL AUTO_INCREMENT,
  `uname` varchar(20) NOT NULL,
  `password` varchar(255) NOT NULL,
  `crtime` timestamp NOT NULL DEFAULT current_timestamp(),
  `isdeleted` tinyint(1) DEFAULT 0,
  `usertype` int(11) NOT NULL,
  `userrole` int(11) NOT NULL DEFAULT 1,
  `img` varchar(255) NOT NULL,
  `def_client` int(11) DEFAULT NULL,
  `def_fund` int(11) DEFAULT NULL,
  `def_store` int(11) DEFAULT NULL,
  `def_prod` int(11) DEFAULT NULL,
  `def_emp` int(11) DEFAULT NULL,
  `tasksindex` int(11) DEFAULT NULL,
  `tasksadd` int(11) DEFAULT NULL,
  `tasksedit` int(11) DEFAULT NULL,
  `tenant` int(11) DEFAULT 0,
  `branch` int(11) DEFAULT 0,
  PRIMARY KEY (`id`)
) ENGINE=InnoDB AUTO_INCREMENT=22 DEFAULT CHARSET=utf8mb4 COLLATE=utf8mb4_general_ci;

INSERT INTO users VALUES ("1","admin","202cb962ac59075b964b07152d234b70","2022-12-05 17:01:33","0","2","1","22947314.png","","","","","","","1","","0","0");



DROP TABLE usr_pwrs;

CREATE TABLE `usr_pwrs` (
  `id` int(11) NOT NULL AUTO_INCREMENT,
  `rollname` varchar(50) DEFAULT NULL,
  `is_active` int(11) DEFAULT 1,
  `is_fav_users` int(11) DEFAULT 0,
  `show_users` int(11) DEFAULT 1,
  `add_users` int(11) DEFAULT 1,
  `edit_users` int(11) DEFAULT 1,
  `delete_users` int(11) DEFAULT 1,
  `is_fav_general_entrys` int(11) DEFAULT 0,
  `show_general_entrys` int(11) DEFAULT 1,
  `add_general_entrys` int(11) DEFAULT 1,
  `edit_general_entrys` int(11) DEFAULT 1,
  `delete_general_entrys` int(11) DEFAULT 1,
  `is_fav_clients` int(11) DEFAULT 0,
  `show_clients` int(11) DEFAULT 1,
  `add_clients` int(11) DEFAULT 1,
  `edit_clients` int(11) DEFAULT 1,
  `is_fav_suppliers` int(11) DEFAULT 0,
  `delete_clients` int(11) DEFAULT 1,
  `show_suppliers` int(11) DEFAULT 1,
  `add_suppliers` int(11) DEFAULT 1,
  `edit_suppliers` int(11) DEFAULT 1,
  `delete_suppliers` int(11) DEFAULT 1,
  `is_fav_funds` int(11) DEFAULT 0,
  `show_funds` int(11) DEFAULT 1,
  `add_funds` int(11) DEFAULT 1,
  `edit_funds` int(11) DEFAULT 1,
  `delete_funds` int(11) DEFAULT 1,
  `is_fav_banks` int(11) DEFAULT 0,
  `show_banks` int(11) DEFAULT 1,
  `add_banks` int(11) DEFAULT 1,
  `edit_banks` int(11) DEFAULT 1,
  `delete_banks` int(11) DEFAULT 1,
  `is_fav_stock` int(11) DEFAULT 0,
  `show_stock` int(11) DEFAULT 1,
  `add_stock` int(11) DEFAULT 1,
  `edit_stock` int(11) DEFAULT 1,
  `delete_stock` int(11) DEFAULT 1,
  `is_fav_expenses` int(11) DEFAULT 0,
  `show_expenses` int(11) DEFAULT 1,
  `add_expenses` int(11) DEFAULT 1,
  `edit_expenses` int(11) DEFAULT 1,
  `delete_expenses` int(11) DEFAULT 1,
  `is_fav_revenuses` int(11) DEFAULT 0,
  `show_revenuses` int(11) DEFAULT 1,
  `add_revenuses` int(11) DEFAULT 1,
  `edit_revenuses` int(11) DEFAULT 1,
  `delete_revenuses` int(11) DEFAULT 1,
  `is_fav_credits` int(11) DEFAULT 0,
  `show_credits` int(11) DEFAULT 1,
  `add_credits` int(11) DEFAULT 1,
  `edit_credits` int(11) DEFAULT 1,
  `delete_credits` int(11) DEFAULT 1,
  `is_fav_depits` int(11) DEFAULT 0,
  `show_depits` int(11) DEFAULT 1,
  `add_depits` int(11) DEFAULT 1,
  `edit_depits` int(11) DEFAULT 1,
  `delete_depits` int(11) DEFAULT 1,
  `is_fav_partners` int(11) DEFAULT 0,
  `show_partners` int(11) DEFAULT 1,
  `add_partners` int(11) DEFAULT 1,
  `edit_partners` int(11) DEFAULT 1,
  `delete_partners` int(11) DEFAULT 1,
  `is_fav_assets` int(11) DEFAULT 0,
  `show_assets` int(11) DEFAULT 1,
  `add_assets` int(11) DEFAULT 1,
  `edit_assets` int(11) DEFAULT 1,
  `delete_assets` int(11) DEFAULT 1,
  `is_fav_rentables` int(11) DEFAULT 0,
  `show_rentables` int(11) DEFAULT 1,
  `add_rentables` int(11) DEFAULT 1,
  `edit_rentables` int(11) DEFAULT 1,
  `delete_rentables` int(11) DEFAULT 1,
  `is_fav_employees` int(11) DEFAULT 0,
  `show_employees` int(11) DEFAULT 1,
  `add_employees` int(11) DEFAULT 1,
  `edit_employees` int(11) DEFAULT 1,
  `delete_employees` int(11) DEFAULT 1,
  `is_fav_items` int(11) DEFAULT 0,
  `show_items` int(11) DEFAULT 1,
  `add_items` int(11) DEFAULT 1,
  `edit_items` int(11) DEFAULT 1,
  `delete_items` int(11) DEFAULT 1,
  `is_fav_item_groups` int(11) DEFAULT 0,
  `show_item_groups` int(11) DEFAULT 1,
  `add_item_groups` int(11) DEFAULT 1,
  `edit_item_groups` int(11) DEFAULT 1,
  `delete_item_groups` int(11) DEFAULT 1,
  `is_fav_sales` int(11) DEFAULT 0,
  `show_sales` int(11) DEFAULT 1,
  `add_sales` int(11) DEFAULT 1,
  `edit_sales` int(11) DEFAULT 1,
  `delete_sales` int(11) DEFAULT 1,
  `is_fav_resale` int(11) DEFAULT 0,
  `show_resale` int(11) DEFAULT 1,
  `add_resale` int(11) DEFAULT 1,
  `edit_resale` int(11) DEFAULT 1,
  `delete_resale` int(11) DEFAULT 1,
  `is_fav_purcases` int(11) DEFAULT 0,
  `show_purchases` int(11) DEFAULT 1,
  `add_purchases` int(11) DEFAULT 1,
  `edit_purchases` int(11) DEFAULT 1,
  `delete_purchases` int(11) DEFAULT 1,
  `is_fav_repurchases` int(11) DEFAULT 0,
  `show_repurchases` int(11) DEFAULT 1,
  `add_repurchases` int(11) DEFAULT 1,
  `edit_repurchases` int(11) DEFAULT 1,
  `delete_repurchases` int(11) DEFAULT 1,
  `is_fav_recive` int(11) DEFAULT 0,
  `show_recive` int(11) DEFAULT 1,
  `add_recive` int(11) DEFAULT 1,
  `edit_recive` int(11) DEFAULT 1,
  `delete_recive` int(11) DEFAULT 1,
  `show_payment` int(11) DEFAULT 1,
  `is_fav_payment` int(11) DEFAULT 0,
  `add_payment` int(11) DEFAULT 1,
  `edit_payment` int(11) DEFAULT 1,
  `delete_payment` int(11) DEFAULT 1,
  `is_fav_clinic_clients` int(11) DEFAULT 0,
  `show_clinic_clients` int(11) DEFAULT 1,
  `add_clinic_clients` int(11) DEFAULT 1,
  `edit_clinic_clients` int(11) DEFAULT 1,
  `delete_clinic_clients` int(11) DEFAULT 1,
  `is_fav_reservations` int(11) DEFAULT 0,
  `show_reservations` int(11) DEFAULT 1,
  `add_reservations` int(11) DEFAULT 1,
  `edit_reservations` int(11) DEFAULT 1,
  `delete_reservations` int(11) DEFAULT 1,
  `is_fav_drugs` int(11) DEFAULT 0,
  `show_drugs` int(11) DEFAULT 1,
  `add_drugs` int(11) DEFAULT 1,
  `edit_drugs` int(11) DEFAULT 1,
  `is_fav_attandance` int(11) DEFAULT 1,
  `delete_attandance` int(11) DEFAULT 1,
  `edit_attandance` int(11) DEFAULT 1,
  `show_attandance` int(11) DEFAULT 1,
  `add_attandance` int(11) DEFAULT 1,
  `delete_drugs` int(11) DEFAULT 1,
  `is_fav_client_profile` int(11) DEFAULT 0,
  `show_client_profile` int(11) DEFAULT 1,
  `add_client_profile` int(11) DEFAULT 1,
  `edit_client_profile` int(11) DEFAULT 1,
  `delete_client_profile` int(11) DEFAULT 1,
  `is_fav_advanced_clients` int(11) DEFAULT 0,
  `show_advanced_clients` int(11) DEFAULT 1,
  `add_advanced_clients` int(11) DEFAULT 1,
  `edit_advanced_clients` int(11) DEFAULT 1,
  `delete_advanced_clients` int(11) DEFAULT 1,
  `is_fav_chances` int(11) DEFAULT 0,
  `show_chances` int(11) DEFAULT 1,
  `add_chances` int(11) DEFAULT 1,
  `edit_chances` int(11) DEFAULT 1,
  `delete_chances` int(11) DEFAULT 1,
  `is_fav_calls` int(11) DEFAULT 0,
  `show_calls` int(11) DEFAULT 1,
  `add_calls` int(11) DEFAULT 1,
  `edit_calls` int(11) DEFAULT 1,
  `delete_calls` int(11) DEFAULT 1,
  `is_fav_journals` int(11) DEFAULT 0,
  `show_journals` int(11) DEFAULT 1,
  `add_journals` int(11) DEFAULT 1,
  `edit_journals` int(11) DEFAULT 1,
  `delete_journals` int(11) DEFAULT 1,
  `show_gl_reports` int(11) DEFAULT 1,
  `show_clinic_reports` int(11) DEFAULT 1,
  `show_rent_reports` int(11) DEFAULT 1,
  `show_payroll_report` int(11) DEFAULT 1,
  `show_hr_report` int(11) DEFAULT 1,
  `sid_entry` int(11) DEFAULT 1,
  `sid_stock` int(11) DEFAULT 1,
  `sid_sales` int(11) DEFAULT 1,
  `sid_purchases` int(11) DEFAULT 1,
  `sid_vouchers` int(11) DEFAULT 1,
  `sid_clinics` int(11) DEFAULT 1,
  `sid_crm` int(11) DEFAULT 1,
  `sid_accounts` int(11) DEFAULT 1,
  `sid_assets` int(11) DEFAULT 1,
  `sid_reports` int(11) DEFAULT 1,
  `sid_hr` int(11) DEFAULT 1,
  `sid_payroll` int(11) DEFAULT 1,
  `sid_rents` int(11) NOT NULL DEFAULT 1,
  `show_total_reservation` int(11) DEFAULT 1,
  `show_ended_reservation` int(11) DEFAULT 1,
  `info` varchar(250) DEFAULT NULL,
  `isdeleted` tinyint(1) DEFAULT 0,
  `crtime` timestamp NOT NULL DEFAULT current_timestamp(),
  `mdtime` timestamp NOT NULL DEFAULT current_timestamp() ON UPDATE current_timestamp(),
  `tenant` int(11) DEFAULT 0,
  `branch` int(11) DEFAULT 0,
  PRIMARY KEY (`id`),
  UNIQUE KEY `rollname` (`rollname`)
) ENGINE=InnoDB AUTO_INCREMENT=29 DEFAULT CHARSET=utf8mb4 COLLATE=utf8mb4_general_ci;

INSERT INTO usr_pwrs VALUES ("1","admin","1","1","1","1","1","1","0","0","0","0","0","1","1","1","1","1","1","1","1","1","1","1","1","1","1","1","1","1","1","1","1","1","1","1","1","1","1","1","1","1","1","1","1","1","1","1","1","1","1","1","1","1","1","1","1","1","1","1","1","1","1","1","1","1","1","1","1","1","1","1","1","1","1","1","1","1","1","1","1","1","1","1","1","1","1","1","1","1","1","1","1","1","1","1","1","1","1","1","1","1","1","1","1","1","1","1","1","1","1","1","1","1","1","1","1","1","0","0","0","0","0","1","1","1","1","1","1","1","1","1","1","1","1","1","1","1","1","1","1","1","1","1","1","1","1","1","1","1","1","1","1","1","1","1","1","1","1","1","1","1","1","1","1","1","1","1","1","1","1","1","1","0","0","1","0","1","1","1","0","1","1","wwww","1","2024-05-12 18:05:26","2024-07-19 02:02:05","0","0");
INSERT INTO usr_pwrs VALUES ("2","user","1","0","1","1","1","1","0","1","1","1","1","0","1","1","1","0","1","1","1","1","1","0","1","1","1","1","0","1","1","1","1","0","1","1","1","1","0","1","1","1","1","0","1","1","1","1","0","1","1","1","1","0","1","1","1","1","0","1","1","1","1","0","1","1","1","1","0","1","1","1","1","0","1","1","1","1","0","1","1","1","1","0","1","1","1","1","0","1","1","1","1","0","1","1","1","1","1","1","1","1","1","0","1","1","1","1","0","1","1","1","1","1","0","1","1","1","0","1","1","1","1","0","1","0","1","1","0","1","1","1","1","1","1","1","1","1","0","1","1","1","1","0","1","1","1","1","0","1","1","1","1","0","1","1","1","1","0","1","1","1","1","1","1","1","1","1","1","1","1","1","1","1","1","1","1","1","1","1","1","1","1","","1","2024-05-12 18:11:21","2024-05-16 23:34:20","0","0");
INSERT INTO usr_pwrs VALUES ("26","دكتور","1","1","1","1","1","1","0","0","0","0","0","1","1","1","1","1","1","1","1","1","1","1","1","1","1","1","1","1","1","1","1","1","1","1","1","1","1","1","1","1","1","1","1","1","1","1","1","1","1","1","1","1","1","1","1","1","1","1","1","1","1","1","1","1","1","1","1","1","1","1","1","1","1","1","1","1","1","1","1","1","1","1","1","1","1","1","1","1","1","1","1","1","1","1","1","1","1","1","1","1","1","1","1","1","1","1","1","1","1","1","1","1","1","1","1","1","0","0","0","0","0","1","1","1","1","1","1","1","1","1","1","1","1","1","1","1","1","1","1","1","1","1","1","1","1","1","1","1","1","1","1","1","1","1","1","1","1","1","1","1","1","1","1","1","1","1","1","0","0","0","0","1","0","1","0","0","0","0","0","1","1","دكتور","1","2024-05-19 22:04:27","2024-05-24 09:52:09","0","0");
INSERT INTO usr_pwrs VALUES ("27","مساعد دكتور","1","0","0","0","0","0","0","0","0","0","0","0","0","0","0","0","0","0","0","0","0","0","0","0","0","0","0","0","0","0","0","0","0","0","0","0","0","0","0","0","0","0","0","0","0","0","0","0","0","0","0","0","0","0","0","0","0","0","0","0","0","0","0","0","0","0","0","0","0","0","0","0","0","0","0","0","0","0","0","0","0","0","0","0","0","0","0","0","0","0","0","0","0","0","0","0","0","0","0","0","0","0","0","0","0","0","0","0","0","0","0","0","0","0","0","0","0","0","0","0","0","0","0","0","0","0","0","0","0","0","0","0","0","0","0","0","0","0","0","0","0","0","0","0","0","0","0","0","0","0","0","0","0","0","0","0","0","0","0","0","0","0","0","0","0","0","0","0","0","0","0","1","0","0","0","0","0","0","0","0","0","مساعد دكتور","1","2024-05-30 23:48:11","2024-05-31 01:02:13","0","0");
INSERT INTO usr_pwrs VALUES ("28","بائع كاشير","1","0","0","0","0","0","0","0","0","0","0","0","0","0","0","0","0","0","0","0","0","0","0","0","0","0","0","0","0","0","0","0","0","0","0","0","0","0","0","0","0","0","0","0","0","0","0","0","0","0","0","0","0","0","0","0","0","0","0","0","0","0","0","0","0","0","0","0","0","0","0","0","0","0","0","0","0","0","0","0","0","0","0","0","0","0","1","1","1","1","1","0","0","0","0","0","0","0","0","0","0","0","0","0","0","0","0","0","0","0","0","0","0","0","0","0","0","0","0","0","0","0","0","0","0","0","0","0","0","0","0","0","0","0","0","0","0","0","0","0","0","0","0","0","0","0","0","0","0","0","0","0","0","0","0","0","0","0","0","0","0","0","0","0","0","0","0","0","0","0","0","0","0","0","0","0","0","0","0","0","0","مبيعات كاشير فقط","0","2024-07-28 20:02:09","2024-07-28 20:02:09","0","0");



DROP TABLE vacancies;

CREATE TABLE `vacancies` (
  `id` int(1) NOT NULL AUTO_INCREMENT,
  `name` varchar(20) NOT NULL,
  `info` text DEFAULT NULL,
  `crtime` timestamp NOT NULL DEFAULT current_timestamp(),
  `isdeleted` tinyint(1) DEFAULT 0,
  `tenant` int(11) DEFAULT 0,
  `branch` int(11) DEFAULT 0,
  PRIMARY KEY (`id`)
) ENGINE=InnoDB DEFAULT CHARSET=utf8mb4 COLLATE=utf8mb4_general_ci;




DROP TABLE visits;

CREATE TABLE `visits` (
  `id` int(11) NOT NULL AUTO_INCREMENT,
  `client` int(11) NOT NULL,
  `complaint` varchar(250) DEFAULT NULL,
  `diagnosis` varchar(250) DEFAULT NULL,
  `recommendation` varchar(250) DEFAULT NULL,
  `prescription` varchar(250) DEFAULT NULL,
  `crtime` timestamp NOT NULL DEFAULT current_timestamp(),
  `mdtime` timestamp NOT NULL DEFAULT current_timestamp(),
  `info` varchar(250) NOT NULL,
  `isdeleted` tinyint(1) DEFAULT 0,
  `tenant` int(11) DEFAULT 0,
  `branch` int(11) DEFAULT 0,
  PRIMARY KEY (`id`)
) ENGINE=InnoDB DEFAULT CHARSET=utf8mb4 COLLATE=utf8mb4_general_ci;




DROP TABLE visittybes;

CREATE TABLE `visittybes` (
  `id` int(1) NOT NULL AUTO_INCREMENT,
  `name` varchar(25) NOT NULL,
  `value` double DEFAULT NULL,
  `crtime` timestamp NOT NULL DEFAULT current_timestamp(),
  `isdeleted` tinyint(1) DEFAULT 0,
  `tenant` int(11) DEFAULT 0,
  `branch` int(11) DEFAULT 0,
  PRIMARY KEY (`id`)
) ENGINE=InnoDB AUTO_INCREMENT=6 DEFAULT CHARSET=utf8mb4 COLLATE=utf8mb4_general_ci;

INSERT INTO visittybes VALUES ("1","كشف 1","400","2023-09-04 02:57:36","0","0","0");
INSERT INTO visittybes VALUES ("2","اعادة","250","2023-09-04 02:57:36","0","0","0");
INSERT INTO visittybes VALUES ("3","مستعجل","500","2024-05-03 23:57:27","0","0","0");
INSERT INTO visittybes VALUES ("4","زيارة 2","500","2024-05-04 20:57:54","0","0","0");
INSERT INTO visittybes VALUES ("5","private","800","2024-05-04 20:58:28","1","0","0");



DROP TABLE zankat;

CREATE TABLE `zankat` (
  `id` int(1) NOT NULL AUTO_INCREMENT,
  `zname` varchar(100) NOT NULL,
  `colors` int(1) NOT NULL DEFAULT 1,
  `ctp` int(1) DEFAULT NULL,
  `zncase` int(1) DEFAULT NULL,
  `print` int(1) DEFAULT NULL,
  `ptype` int(1) DEFAULT NULL,
  `service` int(1) DEFAULT NULL,
  `prod` int(1) DEFAULT NULL,
  `measure` int(1) NOT NULL,
  `draw` int(1) NOT NULL,
  `farkh` int(1) NOT NULL,
  `info` varchar(255) DEFAULT NULL,
  `crtime` timestamp NOT NULL DEFAULT current_timestamp(),
  `date` varchar(20) NOT NULL,
  `user` varchar(20) NOT NULL,
  `fatid` int(11) DEFAULT 0,
  `isdeleted` tinyint(1) DEFAULT 0,
  `tenant` int(11) DEFAULT 0,
  `branch` int(11) DEFAULT 0,
  PRIMARY KEY (`id`)
) ENGINE=InnoDB DEFAULT CHARSET=utf8mb4 COLLATE=utf8mb4_general_ci;




