DROP TABLE acc_groups;

CREATE TABLE `acc_groups` (
  `id` int(1) NOT NULL AUTO_INCREMENT,
  `aname` varchar(40) NOT NULL,
  `acc_type` int(1) NOT NULL,
  `parent_id` int(1) DEFAULT NULL,
  `crtime` timestamp NOT NULL DEFAULT current_timestamp(),
  `mdtime` timestamp NOT NULL DEFAULT current_timestamp() ON UPDATE current_timestamp(),
  `code` varchar(30) DEFAULT NULL,
  PRIMARY KEY (`id`)
) ENGINE=InnoDB DEFAULT CHARSET=utf8mb4;




DROP TABLE acc_head;

CREATE TABLE `acc_head` (
  `id` int(1) NOT NULL AUTO_INCREMENT,
  `code` varchar(20) NOT NULL,
  `aname` varchar(50) NOT NULL,
  `phone` varchar(200) DEFAULT NULL,
  `address` varchar(200) DEFAULT NULL,
  `constant` int(11) NOT NULL DEFAULT 0,
  `is_stock` int(1) NOT NULL DEFAULT 0,
  `is_fund` int(11) DEFAULT 0,
  `rentable` int(11) DEFAULT NULL,
  `parent_id` int(1) NOT NULL,
  `nature` int(1) DEFAULT NULL,
  `kind` int(1) DEFAULT NULL,
  `is_basic` int(1) NOT NULL,
  `start_balance` decimal(3,0) NOT NULL DEFAULT 0,
  `credit` decimal(3,0) NOT NULL DEFAULT 0,
  `debit` decimal(3,0) NOT NULL DEFAULT 0,
  `balance` decimal(12,3) NOT NULL DEFAULT 0.000,
  `secret` int(1) NOT NULL DEFAULT 0,
  `crtime` timestamp NOT NULL DEFAULT current_timestamp(),
  `mdtime` timestamp NOT NULL DEFAULT current_timestamp() ON UPDATE current_timestamp(),
  `info` varchar(250) DEFAULT NULL,
  `isdeleted` int(11) NOT NULL DEFAULT 0,
  PRIMARY KEY (`id`),
  UNIQUE KEY `code` (`code`)
) ENGINE=InnoDB AUTO_INCREMENT=126 DEFAULT CHARSET=utf8mb4;

INSERT INTO acc_head VALUES ("1","1","الاصول","","","0","0","0","","0","1","1","1","0","0","0","0.000","0","2023-11-25 02:55:49","2023-12-09 10:27:29","","0");
INSERT INTO acc_head VALUES ("2","2","الخصوم","","","0","0","0","","0","1","1","1","0","0","0","0.000","0","2023-11-26 04:10:59","2023-12-09 10:27:34","","0");
INSERT INTO acc_head VALUES ("3","22","حقوق الملكية","","","0","0","0","","2","1","1","1","0","0","0","0.000","0","2023-11-26 04:14:04","2024-01-22 04:36:24","","0");
INSERT INTO acc_head VALUES ("4","3","الايرادات","","","0","0","0","","0","1","2","1","0","0","0","0.000","0","2023-11-26 04:14:29","2024-01-23 06:35:33","","0");
INSERT INTO acc_head VALUES ("5","4","المصروفات","","","0","0","0","","0","1","2","1","0","0","0","0.000","0","2023-11-26 04:14:59","2024-01-23 06:35:48","","0");
INSERT INTO acc_head VALUES ("6","11","الاصول الثابته","","","0","0","0","","1","1","1","1","0","0","0","0.000","0","2023-11-26 04:38:23","2023-12-09 10:30:28","","0");
INSERT INTO acc_head VALUES ("7","12","الاصول المتداوله","","","0","0","0","","1","","1","1","0","0","0","0.000","0","2023-11-26 04:45:08","2023-12-09 10:30:33","","0");
INSERT INTO acc_head VALUES ("8","21","الخصوم المتداولة","","","0","0","0","","2","","1","1","0","0","0","0.000","0","2023-11-26 04:45:47","2023-12-09 10:28:39","","0");
INSERT INTO acc_head VALUES ("9","221","الشركاء","","","0","0","0","","3","","1","1","0","0","0","0.000","0","2023-11-26 04:46:20","2024-01-22 05:37:56","","0");
INSERT INTO acc_head VALUES ("10","222","ارباح غير موزعة","","","0","0","0","","3","","1","1","0","0","0","0.000","0","2023-11-26 04:47:03","2024-01-22 05:38:17","","0");
INSERT INTO acc_head VALUES ("11","223","ارباح غير موزعة لفترات سابقة","","","0","0","0","","3","","1","1","0","0","0","0.000","0","2023-11-26 04:47:50","2024-01-22 05:38:29","","0");
INSERT INTO acc_head VALUES ("13","31","ايرادات المبيعات","","","0","0","0","","4","","2","1","0","0","0","0.000","0","2023-11-26 21:37:49","2024-01-23 06:35:37","","0");
INSERT INTO acc_head VALUES ("14","32","ايرادات غير تشغيليه","","","0","0","0","","4","","2","1","0","0","0","0.000","0","2023-11-26 21:38:15","2024-01-23 06:35:40","","0");
INSERT INTO acc_head VALUES ("15","41","تكاليف المبيعات","","","0","0","0","0","5","","2","1","0","0","0","0.000","0","2023-11-26 21:39:10","2024-03-08 00:55:13","","0");
INSERT INTO acc_head VALUES ("16","42","تكلفه البضاعه المباعه","","","0","0","0","","5","","2","1","0","0","0","0.000","0","2023-11-26 21:39:49","2024-01-23 06:35:55","","0");
INSERT INTO acc_head VALUES ("17","43","رواتب و اجور","","","0","0","0","","5","","2","1","0","0","0","0.000","0","2023-11-26 21:40:07","2024-01-23 06:35:59","","0");
INSERT INTO acc_head VALUES ("18","121","الصناديق","","","0","0","0","","7","","1","1","0","0","0","0.000","0","2023-12-08 12:50:49","2023-12-09 10:30:05","","0");
INSERT INTO acc_head VALUES ("19","122","العملاء","","","0","0","0","","7","","1","1","0","0","0","0.000","0","2023-12-08 12:52:13","2023-12-09 10:30:11","","0");
INSERT INTO acc_head VALUES ("20","123","المخزون","","","0","0","0","","7","","1","1","0","0","0","0.000","0","2023-12-08 12:52:51","2023-12-09 10:30:17","","0");
INSERT INTO acc_head VALUES ("21","1211","الصندوق الافتراضي","","","0","0","1","","18","","1","0","0","0","0","-14000.000","0","2023-12-09 10:46:52","2024-04-14 20:09:57","","0");
INSERT INTO acc_head VALUES ("24","1221","العميل النقدي","","","0","0","0","","19","","1","0","0","0","0","12900.000","0","2023-12-28 01:25:46","2024-03-27 14:56:39","","0");
INSERT INTO acc_head VALUES ("27","12301","المخزن الرئيسي","","","0","1","0","","20","","1","0","0","0","0","158675.000","0","2023-12-28 03:35:35","2024-04-14 20:09:57","","0");
INSERT INTO acc_head VALUES ("28","1222","عميل اجل","","","0","0","0","","19","","1","1","0","0","0","0.000","0","2023-12-28 03:36:35","2023-12-28 03:36:35","","0");
INSERT INTO acc_head VALUES ("29","2211","الشريك الرئيسي","","","0","0","0","","9","","1","0","0","0","0","0.000","0","2023-12-30 02:12:22","2024-03-25 15:13:08","","0");
INSERT INTO acc_head VALUES ("32","111","اثاث مكتبي","","","0","0","0","","6","","1","0","0","0","0","0.000","0","2024-01-04 02:24:30","2024-01-23 06:29:27","","0");
INSERT INTO acc_head VALUES ("33","211","الموردين","","","0","0","0","","8","","1","1","0","0","0","0.000","0","2024-01-22 05:41:26","2024-01-22 05:41:26","","0");
INSERT INTO acc_head VALUES ("34","212","الدائنين الاخرين","","","0","0","0","","8","","1","0","0","0","0","0.000","0","2024-01-22 05:42:08","2024-01-22 05:42:08","","0");
INSERT INTO acc_head VALUES ("35","213","الموظفين","","","0","0","0","","8","","1","1","0","0","0","0.000","0","2024-01-22 05:42:29","2024-01-24 01:03:03","","0");
INSERT INTO acc_head VALUES ("36","2111","المورد الافتراضي","","","0","0","0","","33","","1","0","0","0","0","0.000","0","2024-01-23 06:17:26","2024-03-25 15:13:08","","0");
INSERT INTO acc_head VALUES ("37","124","البنوك","","","0","0","0","","7","","1","1","0","0","0","0.000","0","2024-01-23 06:22:23","2024-01-23 06:22:23","","0");
INSERT INTO acc_head VALUES ("38","125","مدينين آخرين","","","0","0","0","","7","","1","1","0","0","0","0.000","0","2024-01-23 06:30:11","2024-01-23 06:30:11","","0");
INSERT INTO acc_head VALUES ("39","1241","البنك الافتراضي","","","0","0","0","","37","","1","0","0","0","0","0.000","0","2024-01-23 06:32:21","2024-01-23 06:32:21","","0");
INSERT INTO acc_head VALUES ("40","44","مصروفات عامه ","","","0","0","0","","5","","2","1","0","0","0","0.000","0","2024-01-23 06:34:08","2024-01-23 06:36:03","","0");
INSERT INTO acc_head VALUES ("41","2131","عبدالهادي العدوي","","","0","0","0","","35","","1","0","0","0","0","0.000","0","2024-01-24 01:40:06","2024-03-24 16:55:22","","0");
INSERT INTO acc_head VALUES ("42","2132","مصطفي حماده","","","0","0","0","","35","","1","0","0","0","0","0.000","0","2024-01-24 01:42:23","2024-01-24 01:42:23","","0");
INSERT INTO acc_head VALUES ("43","2133","محمود عادل","","","0","0","0","","35","","1","0","0","0","0","0.000","0","2024-01-24 01:45:15","2024-03-25 15:13:08","","0");
INSERT INTO acc_head VALUES ("54","1212","اتصالات كاش","","","0","0","1","","18","","1","0","0","0","0","0.000","0","2024-02-08 17:31:02","2024-02-08 17:31:02","","0");
INSERT INTO acc_head VALUES ("55","112","اصول قابله للتأجير","","","0","0","0","0","6","","1","1","0","0","0","0.000","0","2024-02-20 05:16:57","2024-02-20 05:21:43","","0");
INSERT INTO acc_head VALUES ("61","122002","عبدالهادي العدوي","","","0","0","0","0","19","","1","0","0","0","0","0.000","0","2024-02-21 23:26:30","2024-03-24 16:55:22","","0");
INSERT INTO acc_head VALUES ("62","1223","محمود علي","","","0","0","0","0","19","","1","0","0","0","0","1000.000","0","2024-02-22 00:22:49","2024-04-12 05:58:38","","0");
INSERT INTO acc_head VALUES ("63","1224","الحج علي","","","0","0","0","0","19","","1","0","0","0","0","0.000","0","2024-02-22 00:23:23","2024-02-22 00:23:23","","0");
INSERT INTO acc_head VALUES ("64","1213","صندوق المحل","","","0","0","0","0","18","","0","0","0","0","0","0.000","0","2024-02-22 00:49:34","2024-03-25 15:13:08","","0");
INSERT INTO acc_head VALUES ("67","112001","شقة رقم 1 عمارة 1","","","0","0","0","2","55","","1","0","0","0","0","0.000","0","2024-02-22 06:01:12","2024-03-18 04:59:46","","0");
INSERT INTO acc_head VALUES ("68","1122","شقة 2 غمارة 1","","","0","0","0","2","55","","1","0","0","0","0","0.000","0","2024-02-22 06:02:27","2024-03-18 17:13:50","","0");
INSERT INTO acc_head VALUES ("69","1123","شقة 3 عمارة 1","","","0","0","0","1","55","","1","0","0","0","0","0.000","0","2024-02-22 06:04:57","2024-03-04 01:32:19","","0");
INSERT INTO acc_head VALUES ("70","112004","شقة 4 عمارة 1","","","0","0","0","1","55","","1","0","0","0","0","0.000","0","2024-02-22 06:05:38","2024-03-04 01:32:19","","0");
INSERT INTO acc_head VALUES ("71","122005","خديجه عبدالهادي","","","0","0","0","0","19","","1","0","0","0","0","3385.000","0","2024-02-25 01:34:28","2024-03-27 15:00:05","","0");
INSERT INTO acc_head VALUES ("72","112005","شقه 1 عمارة 2","","","0","0","0","1","55","","1","0","0","0","0","0.000","0","2024-02-25 01:35:18","2024-03-14 16:44:04","","0");
INSERT INTO acc_head VALUES ("73","112006","شقة 4 عمارة 2","","","0","0","0","1","55","","1","0","0","0","0","0.000","0","2024-02-25 16:13:33","2024-03-13 23:27:43","","0");
INSERT INTO acc_head VALUES ("74","112007","شقه 1عماره 3","","","0","0","0","1","55","","1","0","0","0","0","0.000","0","2024-03-01 00:43:10","2024-03-25 15:13:08","","0");
INSERT INTO acc_head VALUES ("75","112008","شقه 2 عمارة 3","","","0","0","0","2","55","","1","0","0","0","0","0.000","0","2024-03-01 00:43:19","2024-03-19 00:19:48","","0");
INSERT INTO acc_head VALUES ("76","112009","شقه 3 عمارة 3","","","0","0","0","2","55","","1","0","0","0","0","0.000","0","2024-03-01 00:43:29","2024-03-18 17:00:17","","0");
INSERT INTO acc_head VALUES ("77","112010","شقه 1 عمارة 3","","","0","0","0","1","55","","1","0","0","0","0","0.000","0","2024-03-01 03:32:18","2024-03-25 15:13:08","","0");
INSERT INTO acc_head VALUES ("78","112011","ojj","","","0","0","0","1","55","","1","0","0","0","0","0.000","0","2024-03-01 03:36:08","2024-03-14 16:17:28","","0");
INSERT INTO acc_head VALUES ("79","112012","ekfpdw g","","","0","0","0","1","55","","1","0","0","0","0","0.000","0","2024-03-01 03:36:54","2024-03-13 23:27:51","","0");
INSERT INTO acc_head VALUES ("80","112013","joi","","","0","0","0","1","55","","1","0","0","0","0","0.000","0","2024-03-01 03:36:57","2024-03-17 15:59:49","","0");
INSERT INTO acc_head VALUES ("81","112014","efkhqgfiugqyfgewqf","","","0","0","0","1","55","","1","1","0","0","0","0.000","0","2024-03-01 03:36:59","2024-03-05 02:36:57","","0");
INSERT INTO acc_head VALUES ("82","112015","ewiorhewufeqyfyeqgf","","","0","0","0","1","55","","1","0","0","0","0","0.000","0","2024-03-01 03:37:02","2024-03-04 00:59:14","","0");
INSERT INTO acc_head VALUES ("83","112016","شقة 4 عمارة 4","","","0","0","0","1","55","","1","0","0","0","0","0.000","0","2024-03-02 15:03:56","2024-03-17 02:32:24","","0");
INSERT INTO acc_head VALUES ("84","122006","habiba","","","0","0","0","0","19","","1","0","0","0","0","0.000","0","2024-03-05 02:26:45","2024-03-25 15:13:08","","0");
INSERT INTO acc_head VALUES ("85","112017","شقه 3 عملره 6","","","0","0","0","1","55","","1","0","0","0","0","0.000","0","2024-03-06 22:45:41","2024-03-13 23:27:53","","0");
INSERT INTO acc_head VALUES ("86","411","صافي المشتريات","","","0","0","0","0","15","","2","1","0","0","0","0.000","0","2024-03-08 00:56:24","2024-03-08 21:36:19","","0");
INSERT INTO acc_head VALUES ("88","41101","555454","","","0","1","0","0","86","","2","0","0","0","0","0.000","0","2024-03-08 01:35:26","2024-03-08 21:31:47","","1");
INSERT INTO acc_head VALUES ("89","4111","المشتربات","","","0","0","0","0","86","","2","1","0","0","0","0.000","0","2024-03-08 21:37:09","2024-03-08 21:37:09","","0");
INSERT INTO acc_head VALUES ("90","4112","مردود المشتريات","","","0","0","0","0","86","","2","1","0","0","0","0.000","0","2024-03-08 21:38:25","2024-03-08 21:38:25","","0");
INSERT INTO acc_head VALUES ("91","41103","خصم مسموح به","","","0","0","0","0","86","","2","0","0","0","0","100.000","0","2024-03-08 21:43:40","2024-04-14 20:08:43","","0");
INSERT INTO acc_head VALUES ("92","311","صافي المبيعات","","","0","0","0","0","13","","2","1","0","0","0","0.000","0","2024-03-08 21:48:15","2024-03-08 21:48:15","","0");
INSERT INTO acc_head VALUES ("93","3111","المبيعات","","","0","0","0","0","92","","2","1","0","0","0","0.000","0","2024-03-08 21:49:07","2024-03-08 21:49:07","","0");
INSERT INTO acc_head VALUES ("94","3112","مردود المبيعات","","","0","0","0","0","92","","2","1","0","0","0","0.000","0","2024-03-08 21:50:03","2024-03-08 21:50:03","","0");
INSERT INTO acc_head VALUES ("95","3113","خصومات تشغيل","","","0","0","0","0","92","","2","1","0","0","0","0.000","0","2024-03-08 21:54:56","2024-03-16 17:28:11","","0");
INSERT INTO acc_head VALUES ("96","123002","مخزن 2","","","0","1","0","0","20","","1","1","0","0","0","0.000","0","2024-03-09 23:40:58","2024-03-24 16:55:22","","0");
INSERT INTO acc_head VALUES ("97","31131","خصم مكتسب","","","0","0","0","0","95","","2","0","0","0","0","0.000","0","2024-03-10 00:38:24","2024-03-24 16:55:23","","0");
INSERT INTO acc_head VALUES ("98","321","ايرادات من تأجير أصول","","","0","0","0","0","14","","2","1","0","0","0","0.000","0","2024-03-14 14:58:05","2024-03-14 14:58:05","","0");
INSERT INTO acc_head VALUES ("99","32101","ايرادات من التأجير","","","0","0","0","0","98","","2","0","0","0","0","-14000.000","0","2024-03-14 15:01:19","2024-04-12 05:58:38","","0");
INSERT INTO acc_head VALUES ("100","112018","شقة 1 عمارة 4","","","0","0","0","1","55","","1","0","0","0","0","0.000","0","2024-03-16 15:59:27","2024-03-16 16:06:36","","0");
INSERT INTO acc_head VALUES ("101","122007","مصطفي","","","0","0","0","0","19","","1","0","0","0","0","0.000","0","2024-03-16 15:59:55","2024-03-25 15:13:08","","0");
INSERT INTO acc_head VALUES ("102","112019","ari 4 l","","","0","0","0","1","55","","1","0","0","0","0","0.000","0","2024-03-16 21:14:32","2024-03-27 01:08:33","","1");
INSERT INTO acc_head VALUES ("103","211002","مورد س","","","0","0","0","0","33","","1","0","0","0","0","-60525.000","0","2024-03-17 05:35:31","2024-04-14 20:09:57","","0");
INSERT INTO acc_head VALUES ("104","122008","ميادة ","","","0","0","0","0","19","","1","0","0","0","0","0.000","0","2024-03-17 15:24:24","2024-03-18 04:55:41","","0");
INSERT INTO acc_head VALUES ("105","122009","الرمادي","","","0","0","0","0","19","","1","0","0","0","0","0.000","0","2024-03-17 15:55:52","2024-03-17 15:55:52","","0");
INSERT INTO acc_head VALUES ("106","122010","محمد دراز","","","0","0","0","0","19","","1","0","0","0","0","11500.000","0","2024-03-17 16:52:03","2024-04-12 05:58:38","","0");
INSERT INTO acc_head VALUES ("107","122011","عميل تجريبي","","","0","0","0","0","19","","1","0","0","0","0","0.000","0","2024-03-17 19:22:04","2024-03-17 19:22:04","","0");
INSERT INTO acc_head VALUES ("108","112020","شقه 5 عمارة 5","","","0","0","0","2","55","","1","0","0","0","0","0.000","0","2024-03-17 19:49:39","2024-03-18 17:06:32","","0");
INSERT INTO acc_head VALUES ("109","122012","عميل تجريبي ","","","0","0","0","0","19","","1","0","0","0","0","500.000","0","2024-03-19 13:23:48","2024-04-12 05:58:38","","0");
INSERT INTO acc_head VALUES ("110","112021","شقة 15 عمارة 3","","","0","0","0","2","55","","1","0","0","0","0","0.000","0","2024-03-19 13:24:22","2024-03-19 13:25:07","","0");
INSERT INTO acc_head VALUES ("111","112022","شقة 5 عمارة 5","","","0","0","0","2","55","","1","0","0","0","0","0.000","0","2024-03-19 13:30:50","2024-03-19 13:32:07","","0");
INSERT INTO acc_head VALUES ("112","122013","محمد حسين علي محمود","","","0","0","0","0","19","","1","0","0","0","0","1000.000","0","2024-03-19 13:31:24","2024-04-12 05:58:38","","0");
INSERT INTO acc_head VALUES ("113","122014","احمد عباس ابو مالك","","","0","0","0","0","19","","1","0","0","0","0","0.000","0","2024-03-19 14:31:35","2024-03-24 16:55:22","","0");
INSERT INTO acc_head VALUES ("114","112023","غرفة 105 عمارة الربيع","","","0","0","0","1","55","","1","0","0","0","0","0.000","0","2024-03-19 14:32:04","2024-03-24 16:55:22","","0");
INSERT INTO acc_head VALUES ("115","122015","bulldog","","","0","0","0","0","19","","1","0","0","0","0","0.000","0","2024-03-24 01:18:32","2024-03-24 01:18:32","","0");
INSERT INTO acc_head VALUES ("116","211003","jac rabbit","","","0","0","0","0","33","","1","0","0","0","0","0.000","0","2024-03-24 01:20:23","2024-03-24 01:20:23","","0");
INSERT INTO acc_head VALUES ("118","12203","عملاء في الخارج","","","0","0","0","0","19","","1","1","0","0","0","0.000","0","2024-03-24 16:24:46","2024-03-24 16:24:46","","0");
INSERT INTO acc_head VALUES ("119","211004","uw,li","","","0","0","0","0","33","","1","0","0","0","0","0.000","0","2024-03-24 16:39:20","2024-03-24 16:39:20","","0");
INSERT INTO acc_head VALUES ("120","211005","عصومه","","","0","0","0","0","33","","1","0","0","0","0","-93285.000","0","2024-03-24 16:39:24","2024-03-24 17:02:44","","0");
INSERT INTO acc_head VALUES ("121","211006","مصطفي دياب","","","0","0","0","0","33","","1","0","0","0","0","-10500.000","0","2024-03-26 20:46:11","2024-03-26 20:47:12","","0");
INSERT INTO acc_head VALUES ("122","122016","محمود رشدي عطارة ابو صير","","","0","0","0","0","19","","1","0","0","0","0","0.000","0","2024-03-27 01:01:45","2024-03-27 01:01:45","","0");
INSERT INTO acc_head VALUES ("123","122017","","","","0","0","0","0","19","","1","0","0","0","0","0.000","0","2024-03-27 01:07:25","2024-03-27 01:08:30","","1");
INSERT INTO acc_head VALUES ("124","122018","محمد رسلان ","","","0","0","0","0","19","","1","0","0","0","0","0.000","0","2024-03-27 14:57:15","2024-03-27 14:57:15","","0");
INSERT INTO acc_head VALUES ("125","122019","محمود عادل","","","0","0","0","0","19","","1","0","0","0","0","6650.000","0","2024-04-14 20:05:26","2024-04-14 20:08:43","","0");



DROP TABLE allowances;

CREATE TABLE `allowances` (
  `id` int(11) NOT NULL AUTO_INCREMENT,
  `name` varchar(50) NOT NULL,
  `info` varchar(250) DEFAULT NULL,
  `crtime` timestamp NOT NULL DEFAULT current_timestamp(),
  `mdtime` timestamp NOT NULL DEFAULT current_timestamp() ON UPDATE current_timestamp(),
  `tybe` int(1) NOT NULL,
  `isdeleted` int(11) DEFAULT NULL,
  PRIMARY KEY (`id`)
) ENGINE=InnoDB DEFAULT CHARSET=utf8mb4;




DROP TABLE analisys;

CREATE TABLE `analisys` (
  `id` int(11) NOT NULL AUTO_INCREMENT,
  `client` int(11) NOT NULL,
  `lap` int(11) NOT NULL,
  `name` varchar(250) DEFAULT NULL,
  `comment` varchar(250) DEFAULT NULL,
  `crtime` timestamp NOT NULL DEFAULT current_timestamp(),
  `mdtime` timestamp NOT NULL DEFAULT current_timestamp() ON UPDATE current_timestamp(),
  `img` varchar(250) DEFAULT NULL,
  `info` varchar(250) DEFAULT NULL,
  PRIMARY KEY (`id`)
) ENGINE=InnoDB DEFAULT CHARSET=utf8mb4;




DROP TABLE attandance;

CREATE TABLE `attandance` (
  `id` int(11) NOT NULL AUTO_INCREMENT,
  `employee` int(11) NOT NULL,
  `fptybe` int(1) NOT NULL,
  `fpdate` date NOT NULL DEFAULT current_timestamp(),
  `time` time NOT NULL DEFAULT current_timestamp(),
  `user` int(1) DEFAULT NULL,
  `crtime` timestamp NOT NULL DEFAULT current_timestamp(),
  `isdeleted` int(1) DEFAULT NULL,
  `fromwhere` varchar(10) DEFAULT NULL,
  PRIMARY KEY (`id`),
  KEY `employee` (`employee`),
  CONSTRAINT `attandance_ibfk_1` FOREIGN KEY (`employee`) REFERENCES `employees` (`id`) ON DELETE CASCADE ON UPDATE CASCADE
) ENGINE=InnoDB AUTO_INCREMENT=334 DEFAULT CHARSET=utf8mb4;

INSERT INTO attandance VALUES ("1","118","1","2024-01-24","17:00:00","1","2024-01-24 16:00:23","","");
INSERT INTO attandance VALUES ("2","118","1","2024-01-28","18:46:00","1","2024-01-28 17:46:14","","");
INSERT INTO attandance VALUES ("3","118","1","2024-01-28","18:47:00","1","2024-01-28 17:47:06","","");
INSERT INTO attandance VALUES ("4","121","1","2024-02-01","12:00:00","4","2024-02-07 12:54:36","1","");
INSERT INTO attandance VALUES ("5","121","2","2024-02-01","17:40:00","4","2024-02-07 12:57:07","","");
INSERT INTO attandance VALUES ("6","121","1","2024-02-03","12:05:00","4","2024-02-07 12:59:14","","");
INSERT INTO attandance VALUES ("7","121","2","2024-02-05","18:00:00","4","2024-02-07 12:59:19","","");
INSERT INTO attandance VALUES ("8","122","1","2024-02-01","12:10:00","8","2024-02-07 12:59:42","","");
INSERT INTO attandance VALUES ("9","122","2","2024-02-01","18:00:00","8","2024-02-07 13:00:31","","");
INSERT INTO attandance VALUES ("10","121","2","2024-02-03","18:18:00","4","2024-02-07 13:00:45","","");
INSERT INTO attandance VALUES ("11","121","1","2024-02-04","12:03:00","4","2024-02-07 13:01:42","","");
INSERT INTO attandance VALUES ("12","122","1","2024-02-02","12:10:00","8","2024-02-07 13:02:07","1","");
INSERT INTO attandance VALUES ("13","122","2","2024-02-02","18:06:00","8","2024-02-07 13:02:35","","");
INSERT INTO attandance VALUES ("14","121","2","2024-02-04","18:01:00","4","2024-02-07 13:02:53","","");
INSERT INTO attandance VALUES ("15","122","1","2024-02-03","12:14:00","8","2024-02-07 13:04:41","","");
INSERT INTO attandance VALUES ("16","122","2","2024-02-03","18:10:00","8","2024-02-07 13:06:21","","");
INSERT INTO attandance VALUES ("17","122","1","2024-02-04","12:10:00","8","2024-02-07 13:06:55","","");
INSERT INTO attandance VALUES ("18","122","2","2024-02-04","18:00:00","8","2024-02-07 13:07:29","","");
INSERT INTO attandance VALUES ("19","122","1","2024-02-05","12:13:00","8","2024-02-07 13:08:24","","");
INSERT INTO attandance VALUES ("20","121","1","2024-02-05","12:00:00","4","2024-02-07 13:08:42","","");
INSERT INTO attandance VALUES ("21","126","1","2024-02-07","18:00:00","4","2024-02-07 13:09:23","","");
INSERT INTO attandance VALUES ("22","122","2","2024-02-05","18:11:00","8","2024-02-07 13:10:19","","");
INSERT INTO attandance VALUES ("23","126","1","2024-02-06","12:00:00","4","2024-02-07 13:10:38","","");
INSERT INTO attandance VALUES ("24","122","1","2024-02-06","12:08:00","8","2024-02-07 13:11:00","","");
INSERT INTO attandance VALUES ("25","121","2","2024-02-06","18:11:00","4","2024-02-07 13:11:12","","");
INSERT INTO attandance VALUES ("26","122","2","2024-02-06","18:11:00","8","2024-02-07 13:11:31","","");
INSERT INTO attandance VALUES ("27","121","1","2024-02-07","13:00:00","4","2024-02-07 13:11:48","","");
INSERT INTO attandance VALUES ("28","122","1","2024-02-07","12:10:00","8","2024-02-07 13:12:06","","");
INSERT INTO attandance VALUES ("29","120","1","2024-02-01","13:29:00","4","2024-02-07 13:32:16","","");
INSERT INTO attandance VALUES ("30","120","2","2024-02-01","19:55:00","4","2024-02-07 13:33:27","1","");
INSERT INTO attandance VALUES ("31","120","1","2024-02-03","13:12:00","4","2024-02-07 13:36:18","","");
INSERT INTO attandance VALUES ("32","120","2","2024-02-03","21:58:00","4","2024-02-07 13:37:06","","");
INSERT INTO attandance VALUES ("33","120","1","2024-02-04","13:09:00","4","2024-02-07 13:38:09","","");
INSERT INTO attandance VALUES ("34","120","2","2024-02-04","21:00:00","4","2024-02-07 13:41:13","1","");
INSERT INTO attandance VALUES ("35","120","1","2024-02-05","12:05:00","4","2024-02-07 13:42:00","1","");
INSERT INTO attandance VALUES ("36","120","2","2024-02-05","21:47:00","4","2024-02-07 13:42:42","","");
INSERT INTO attandance VALUES ("37","120","1","2024-02-06","12:08:00","4","2024-02-07 13:43:56","","");
INSERT INTO attandance VALUES ("38","120","2","2024-02-06","21:30:00","4","2024-02-07 13:45:38","","");
INSERT INTO attandance VALUES ("39","120","1","2024-02-07","13:11:00","4","2024-02-07 13:46:33","1","");
INSERT INTO attandance VALUES ("40","119","1","2024-02-01","13:07:00","8","2024-02-07 13:50:41","1","");
INSERT INTO attandance VALUES ("41","119","2","2024-02-01","23:14:00","8","2024-02-07 13:56:22","","");
INSERT INTO attandance VALUES ("42","119","1","2024-02-03","13:00:00","8","2024-02-07 13:57:31","","");
INSERT INTO attandance VALUES ("43","119","2","2024-02-03","23:15:00","8","2024-02-07 14:00:38","","");
INSERT INTO attandance VALUES ("44","119","1","2024-02-04","11:28:00","8","2024-02-07 14:01:35","","");
INSERT INTO attandance VALUES ("45","119","2","2024-02-04","22:00:00","8","2024-02-07 14:02:23","","");
INSERT INTO attandance VALUES ("46","126","1","2024-02-05","13:23:00","8","2024-02-07 14:03:07","","");
INSERT INTO attandance VALUES ("47","119","2","2024-02-05","02:05:00","8","2024-02-07 14:04:10","","");
INSERT INTO attandance VALUES ("48","119","1","2024-02-06","12:51:00","8","2024-02-07 14:04:53","","");
INSERT INTO attandance VALUES ("49","119","2","2024-02-06","22:27:00","8","2024-02-07 14:05:27","","");
INSERT INTO attandance VALUES ("50","119","1","2024-02-07","12:57:00","8","2024-02-07 14:06:03","","");
INSERT INTO attandance VALUES ("51","123","1","2024-02-01","12:10:00","8","2024-02-07 14:06:42","","");
INSERT INTO attandance VALUES ("52","123","2","2024-02-01","21:58:00","8","2024-02-07 14:07:50","","");
INSERT INTO attandance VALUES ("53","123","1","2024-02-03","12:13:00","8","2024-02-07 14:08:58","","");
INSERT INTO attandance VALUES ("54","123","2","2024-02-03","22:03:00","8","2024-02-07 14:09:46","","");
INSERT INTO attandance VALUES ("55","123","1","2024-02-04","12:01:00","8","2024-02-07 14:10:41","","");
INSERT INTO attandance VALUES ("56","123","2","2024-02-04","22:04:00","8","2024-02-07 14:13:36","","");
INSERT INTO attandance VALUES ("57","123","1","2024-02-05","12:07:00","8","2024-02-07 14:14:21","","");
INSERT INTO attandance VALUES ("58","123","2","2024-02-05","21:57:00","8","2024-02-07 14:15:16","","");
INSERT INTO attandance VALUES ("59","123","1","2024-02-06","12:06:00","8","2024-02-07 14:15:53","","");
INSERT INTO attandance VALUES ("60","123","2","2024-02-06","22:01:00","8","2024-02-07 14:16:40","","");
INSERT INTO attandance VALUES ("61","118","1","2024-02-08","20:44:00","1","2024-02-08 19:44:36","","");
INSERT INTO attandance VALUES ("62","118","2","2024-02-08","20:45:00","1","2024-02-08 19:45:51","","");
INSERT INTO attandance VALUES ("63","121","2","2024-02-07","18:00:00","8","2024-02-10 12:07:28","","");
INSERT INTO attandance VALUES ("64","128","2","2024-02-22","20:00:00","8","2024-02-10 12:07:30","","");
INSERT INTO attandance VALUES ("65","121","1","2024-02-10","12:03:00","8","2024-02-10 12:08:00","","");
INSERT INTO attandance VALUES ("66","123","1","2024-02-08","11:59:00","8","2024-02-10 12:09:52","","");
INSERT INTO attandance VALUES ("67","123","2","2024-02-08","21:53:00","8","2024-02-10 12:10:58","","");
INSERT INTO attandance VALUES ("68","120","1","2024-02-08","14:04:00","8","2024-02-10 12:12:04","","");
INSERT INTO attandance VALUES ("69","120","2","2024-02-08","22:10:00","8","2024-02-10 12:12:58","","");
INSERT INTO attandance VALUES ("70","119","1","2024-02-08","13:08:00","8","2024-02-10 12:13:41","","");
INSERT INTO attandance VALUES ("71","119","2","2024-02-08","21:17:00","8","2024-02-10 12:14:21","","");
INSERT INTO attandance VALUES ("72","122","2","2024-02-07","18:00:00","8","2024-02-10 12:15:28","","");
INSERT INTO attandance VALUES ("73","122","1","2024-02-08","12:15:00","8","2024-02-10 12:16:15","","");
INSERT INTO attandance VALUES ("74","122","2","2024-02-08","18:00:00","8","2024-02-10 12:17:03","","");
INSERT INTO attandance VALUES ("75","122","1","2024-02-10","12:20:00","8","2024-02-10 12:17:41","","");
INSERT INTO attandance VALUES ("76","119","1","2024-02-10","12:49:00","8","2024-02-10 12:18:51","","");
INSERT INTO attandance VALUES ("77","120","1","2024-02-10","13:51:00","8","2024-02-10 12:19:43","","");
INSERT INTO attandance VALUES ("78","120","1","2024-02-10","13:51:00","8","2024-02-10 12:19:47","","");
INSERT INTO attandance VALUES ("79","123","1","2024-02-10","12:06:00","8","2024-02-10 12:20:33","","");
INSERT INTO attandance VALUES ("80","121","2","2024-02-10","18:10:00","4","2024-02-11 11:18:35","","");
INSERT INTO attandance VALUES ("81","122","2","2024-02-10","18:10:00","4","2024-02-11 11:19:09","","");
INSERT INTO attandance VALUES ("82","123","2","2024-02-10","22:16:00","4","2024-02-11 11:20:46","","");
INSERT INTO attandance VALUES ("83","119","2","2024-02-10","22:27:00","4","2024-02-11 11:21:39","","");
INSERT INTO attandance VALUES ("84","121","1","2024-02-11","12:05:00","4","2024-02-11 11:31:04","","");
INSERT INTO attandance VALUES ("85","122","1","2024-02-11","12:15:00","4","2024-02-11 11:31:36","","");
INSERT INTO attandance VALUES ("86","123","1","2024-02-11","12:07:00","4","2024-02-11 11:32:45","","");
INSERT INTO attandance VALUES ("87","120","2","2024-02-10","22:00:00","4","2024-02-11 12:41:30","","");
INSERT INTO attandance VALUES ("88","121","2","2024-02-11","17:56:00","4","2024-02-12 12:02:34","","");
INSERT INTO attandance VALUES ("89","122","2","2024-02-11","17:55:00","4","2024-02-12 12:03:09","","");
INSERT INTO attandance VALUES ("90","123","2","2024-02-11","22:04:00","4","2024-02-12 12:05:29","","");
INSERT INTO attandance VALUES ("91","119","1","2024-02-11","12:52:00","4","2024-02-12 12:06:55","","");
INSERT INTO attandance VALUES ("92","119","2","2024-02-11","21:45:00","4","2024-02-12 12:07:38","","");
INSERT INTO attandance VALUES ("93","121","1","2024-02-12","12:05:00","4","2024-02-12 12:08:12","","");
INSERT INTO attandance VALUES ("94","122","1","2024-02-12","12:15:00","4","2024-02-12 12:09:11","","");
INSERT INTO attandance VALUES ("95","123","1","2024-02-12","12:08:00","4","2024-02-12 12:10:25","","");
INSERT INTO attandance VALUES ("96","120","1","2024-02-12","23:19:00","4","2024-02-12 12:11:11","","");
INSERT INTO attandance VALUES ("97","119","1","2024-02-12","12:34:00","4","2024-02-12 12:11:56","","");
INSERT INTO attandance VALUES ("98","120","1","2024-02-11","14:01:00","4","2024-02-12 12:12:37","","");
INSERT INTO attandance VALUES ("99","120","2","2024-02-11","21:35:00","4","2024-02-12 12:15:27","","");
INSERT INTO attandance VALUES ("100","122","2","2024-02-12","17:55:00","4","2024-02-14 11:43:41","","");
INSERT INTO attandance VALUES ("101","121","2","2024-02-12","17:56:00","4","2024-02-14 11:43:48","","");
INSERT INTO attandance VALUES ("102","120","2","2024-02-12","20:58:00","4","2024-02-14 11:47:57","","");
INSERT INTO attandance VALUES ("103","123","2","2024-02-12","21:59:00","4","2024-02-14 11:49:51","","");
INSERT INTO attandance VALUES ("104","119","2","2024-02-12","23:07:00","4","2024-02-14 11:51:14","","");
INSERT INTO attandance VALUES ("105","119","2","2024-02-12","23:07:00","4","2024-02-14 11:51:17","","");
INSERT INTO attandance VALUES ("106","121","1","2024-02-13","12:10:00","4","2024-02-14 11:52:08","","");
INSERT INTO attandance VALUES ("107","121","2","2024-02-13","18:00:00","4","2024-02-14 11:52:46","","");
INSERT INTO attandance VALUES ("108","122","1","2024-02-13","12:05:00","4","2024-02-14 11:53:27","","");
INSERT INTO attandance VALUES ("109","122","2","2024-02-13","18:00:00","4","2024-02-14 11:54:11","","");
INSERT INTO attandance VALUES ("110","119","1","2024-02-13","13:19:00","4","2024-02-14 11:57:45","","");
INSERT INTO attandance VALUES ("111","119","2","2024-02-13","21:49:00","4","2024-02-14 11:58:43","","");
INSERT INTO attandance VALUES ("112","120","1","2024-02-13","12:50:00","4","2024-02-14 12:03:54","","");
INSERT INTO attandance VALUES ("113","120","2","2024-02-13","21:00:00","4","2024-02-14 12:06:10","","");
INSERT INTO attandance VALUES ("114","123","1","2024-02-13","12:13:00","4","2024-02-14 12:10:53","","");
INSERT INTO attandance VALUES ("115","123","2","2024-02-13","22:00:00","4","2024-02-14 12:11:43","","");
INSERT INTO attandance VALUES ("116","121","1","2024-02-14","12:05:00","4","2024-02-14 12:12:49","","");
INSERT INTO attandance VALUES ("117","122","1","2024-02-14","12:00:00","4","2024-02-14 12:13:24","","");
INSERT INTO attandance VALUES ("118","120","1","2024-02-14","11:54:00","4","2024-02-14 12:14:09","","");
INSERT INTO attandance VALUES ("119","119","1","2024-02-14","13:00:00","4","2024-02-14 12:14:53","","");
INSERT INTO attandance VALUES ("120","123","1","2024-02-14","12:05:00","4","2024-02-14 12:15:33","","");
INSERT INTO attandance VALUES ("121","128","1","2024-02-03","13:28:00","4","2024-02-14 12:28:58","","");
INSERT INTO attandance VALUES ("122","128","2","2024-02-03","13:29:00","4","2024-02-14 12:29:18","","");
INSERT INTO attandance VALUES ("123","128","1","2024-02-04","13:29:00","4","2024-02-14 12:29:46","","");
INSERT INTO attandance VALUES ("124","128","2","2024-02-04","13:30:00","4","2024-02-14 12:30:24","","");
INSERT INTO attandance VALUES ("125","128","1","2024-02-05","13:30:00","4","2024-02-14 12:30:51","","");
INSERT INTO attandance VALUES ("126","128","2","2024-02-05","13:31:00","4","2024-02-14 12:31:12","","");
INSERT INTO attandance VALUES ("127","128","1","2024-02-06","13:31:00","4","2024-02-14 12:31:32","","");
INSERT INTO attandance VALUES ("128","128","2","2024-02-06","13:31:00","4","2024-02-14 12:31:55","","");
INSERT INTO attandance VALUES ("129","128","1","2024-02-07","13:32:00","4","2024-02-14 12:32:11","","");
INSERT INTO attandance VALUES ("130","128","2","2024-02-07","13:32:00","4","2024-02-14 12:32:30","","");
INSERT INTO attandance VALUES ("131","128","1","2024-02-08","13:32:00","4","2024-02-14 12:32:49","","");
INSERT INTO attandance VALUES ("132","128","2","2024-02-08","13:33:00","4","2024-02-14 12:33:10","","");
INSERT INTO attandance VALUES ("133","128","1","2024-02-09","13:33:00","4","2024-02-14 12:33:38","","");
INSERT INTO attandance VALUES ("134","128","2","2024-02-09","13:33:00","4","2024-02-14 12:33:56","","");
INSERT INTO attandance VALUES ("135","128","1","2024-02-10","13:34:00","4","2024-02-14 12:34:37","","");
INSERT INTO attandance VALUES ("136","128","2","2024-02-10","13:34:00","4","2024-02-14 12:34:58","","");
INSERT INTO attandance VALUES ("137","128","1","2024-02-11","13:35:00","4","2024-02-14 12:35:26","","");
INSERT INTO attandance VALUES ("138","128","2","2024-02-11","13:35:00","4","2024-02-14 12:35:44","","");
INSERT INTO attandance VALUES ("139","128","1","2024-02-12","13:36:00","4","2024-02-14 12:36:12","","");
INSERT INTO attandance VALUES ("140","128","2","2024-02-12","13:36:00","4","2024-02-14 12:36:32","","");
INSERT INTO attandance VALUES ("141","128","1","2024-02-13","13:36:00","4","2024-02-14 12:36:56","","");
INSERT INTO attandance VALUES ("142","128","2","2024-02-13","20:15:00","4","2024-02-14 12:38:19","","");
INSERT INTO attandance VALUES ("143","128","1","2024-02-14","12:30:00","4","2024-02-14 12:38:48","","");
INSERT INTO attandance VALUES ("144","122","2","2024-02-14","16:00:00","4","2024-02-14 14:21:39","","");
INSERT INTO attandance VALUES ("145","121","2","2024-02-14","18:03:00","4","2024-02-15 11:49:06","","");
INSERT INTO attandance VALUES ("146","119","2","2024-02-14","18:44:00","4","2024-02-15 11:50:27","","");
INSERT INTO attandance VALUES ("147","120","2","2024-02-14","22:15:00","4","2024-02-15 11:51:27","","");
INSERT INTO attandance VALUES ("148","128","2","2024-02-14","20:00:00","4","2024-02-15 11:52:10","","");
INSERT INTO attandance VALUES ("149","123","2","2024-02-14","21:53:00","4","2024-02-15 11:53:06","","");
INSERT INTO attandance VALUES ("150","123","1","2024-02-15","12:03:00","4","2024-02-15 11:53:46","","");
INSERT INTO attandance VALUES ("151","128","1","2024-02-15","12:30:00","4","2024-02-15 11:54:19","","");
INSERT INTO attandance VALUES ("152","121","1","2024-02-15","12:07:00","4","2024-02-15 11:54:55","","");
INSERT INTO attandance VALUES ("153","122","1","2024-02-15","12:05:00","4","2024-02-15 11:55:43","","");
INSERT INTO attandance VALUES ("154","120","1","2024-02-15","11:45:00","4","2024-02-15 11:56:23","","");
INSERT INTO attandance VALUES ("155","119","1","2024-02-15","12:28:00","4","2024-02-15 11:57:12","","");
INSERT INTO attandance VALUES ("156","121","2","2024-02-15","17:45:00","4","2024-02-17 11:52:27","","");
INSERT INTO attandance VALUES ("157","122","2","2024-02-15","17:45:00","4","2024-02-17 11:54:21","","");
INSERT INTO attandance VALUES ("158","128","2","2024-02-15","19:45:00","4","2024-02-17 12:02:18","","");
INSERT INTO attandance VALUES ("159","119","2","2024-02-15","20:50:00","4","2024-02-17 12:02:55","","");
INSERT INTO attandance VALUES ("160","120","2","2024-02-15","23:02:00","4","2024-02-17 12:03:26","","");
INSERT INTO attandance VALUES ("161","123","2","2024-02-15","10:04:00","4","2024-02-17 12:46:07","","");
INSERT INTO attandance VALUES ("162","121","2","2024-02-25","17:53:00","4","2024-02-17 12:46:10","","");
INSERT INTO attandance VALUES ("163","121","1","2024-02-17","12:00:00","4","2024-02-17 12:47:27","","");
INSERT INTO attandance VALUES ("164","122","1","2024-02-17","12:05:00","4","2024-02-17 12:49:18","","");
INSERT INTO attandance VALUES ("165","123","1","2024-02-17","12:10:00","4","2024-02-17 12:52:14","","");
INSERT INTO attandance VALUES ("166","120","1","2024-02-17","11:45:00","4","2024-02-17 12:52:19","","");
INSERT INTO attandance VALUES ("167","128","1","2024-02-17","12:30:00","4","2024-02-17 12:59:59","","");
INSERT INTO attandance VALUES ("168","119","1","2024-02-17","12:21:00","4","2024-02-17 13:01:19","","");
INSERT INTO attandance VALUES ("169","121","2","2024-02-17","18:25:00","4","2024-02-18 14:26:49","","");
INSERT INTO attandance VALUES ("170","122","2","2024-02-17","18:25:00","4","2024-02-18 14:28:05","","");
INSERT INTO attandance VALUES ("171","119","2","2024-02-17","00:57:00","4","2024-02-18 14:28:45","","");
INSERT INTO attandance VALUES ("172","120","2","2024-02-17","20:00:00","4","2024-02-18 14:29:33","","");
INSERT INTO attandance VALUES ("173","128","2","2024-02-17","19:40:00","4","2024-02-18 14:30:30","","");
INSERT INTO attandance VALUES ("174","123","2","2024-02-17","22:03:00","4","2024-02-18 14:31:04","","");
INSERT INTO attandance VALUES ("175","121","1","2024-02-18","12:10:00","4","2024-02-18 14:33:35","","");
INSERT INTO attandance VALUES ("176","122","1","2024-02-18","12:15:00","4","2024-02-18 14:34:11","","");
INSERT INTO attandance VALUES ("177","120","1","2024-02-18","12:02:00","4","2024-02-18 14:36:11","","");
INSERT INTO attandance VALUES ("178","128","1","2024-02-18","12:30:00","4","2024-02-18 14:37:01","","");
INSERT INTO attandance VALUES ("179","119","1","2024-02-18","12:23:00","4","2024-02-18 14:37:34","","");
INSERT INTO attandance VALUES ("180","123","1","2024-02-18","12:17:00","4","2024-02-18 14:38:32","","");
INSERT INTO attandance VALUES ("181","121","2","2024-02-18","17:40:00","4","2024-02-19 11:13:55","","");
INSERT INTO attandance VALUES ("182","122","2","2024-02-18","17:40:00","4","2024-02-19 11:14:36","","");
INSERT INTO attandance VALUES ("183","128","2","2024-02-18","20:00:00","4","2024-02-19 11:15:27","","");
INSERT INTO attandance VALUES ("184","123","2","2024-02-18","22:00:00","4","2024-02-19 11:17:07","","");
INSERT INTO attandance VALUES ("185","120","2","2024-02-18","19:50:00","4","2024-02-19 11:17:59","","");
INSERT INTO attandance VALUES ("186","119","2","2024-02-18","19:53:00","4","2024-02-19 11:19:43","","");
INSERT INTO attandance VALUES ("187","121","1","2024-02-19","12:00:00","4","2024-02-19 11:20:29","","");
INSERT INTO attandance VALUES ("188","122","1","2024-02-19","12:10:00","4","2024-02-19 11:21:01","","");
INSERT INTO attandance VALUES ("189","120","1","2024-02-19","12:55:00","4","2024-02-19 11:25:09","","");
INSERT INTO attandance VALUES ("190","128","1","2024-02-19","12:30:00","4","2024-02-19 11:27:01","","");
INSERT INTO attandance VALUES ("191","119","1","2024-02-19","08:19:00","4","2024-02-19 11:30:46","","");
INSERT INTO attandance VALUES ("192","123","1","2024-02-19","12:11:00","4","2024-02-19 11:31:21","","");
INSERT INTO attandance VALUES ("193","121","2","2024-02-19","18:01:00","4","2024-02-20 12:41:25","","");
INSERT INTO attandance VALUES ("194","122","2","2024-02-19","18:01:00","4","2024-02-20 12:42:08","","");
INSERT INTO attandance VALUES ("195","119","2","2024-02-19","21:20:00","4","2024-02-20 12:42:53","","");
INSERT INTO attandance VALUES ("196","123","2","2024-02-19","22:06:00","4","2024-02-20 12:43:31","","");
INSERT INTO attandance VALUES ("197","128","2","2024-02-19","20:45:00","4","2024-02-20 12:44:05","","");
INSERT INTO attandance VALUES ("198","120","2","2024-02-19","18:30:00","4","2024-02-20 12:46:51","","");
INSERT INTO attandance VALUES ("199","121","1","2024-02-20","12:00:00","4","2024-02-20 12:47:29","","");
INSERT INTO attandance VALUES ("200","122","1","2024-02-20","12:10:00","4","2024-02-20 12:48:03","","");
INSERT INTO attandance VALUES ("201","128","1","2024-02-20","12:30:00","4","2024-02-20 12:48:39","","");
INSERT INTO attandance VALUES ("202","120","1","2024-02-20","06:44:00","4","2024-02-20 12:49:56","","");
INSERT INTO attandance VALUES ("203","123","1","2024-02-20","00:19:00","4","2024-02-20 12:50:31","","");
INSERT INTO attandance VALUES ("204","119","1","2024-02-20","12:49:00","4","2024-02-20 12:50:31","","");
INSERT INTO attandance VALUES ("205","121","2","2024-02-20","18:00:00","4","2024-02-21 11:03:00","","");
INSERT INTO attandance VALUES ("206","122","2","2024-02-20","18:00:00","4","2024-02-21 11:03:42","","");
INSERT INTO attandance VALUES ("207","119","2","2024-02-20","19:15:00","4","2024-02-21 11:04:16","","");
INSERT INTO attandance VALUES ("208","120","2","2024-02-20","20:00:00","4","2024-02-21 11:04:56","","");
INSERT INTO attandance VALUES ("209","128","2","2024-02-20","19:54:00","4","2024-02-21 11:07:18","","");
INSERT INTO attandance VALUES ("210","123","2","2024-02-20","22:01:00","4","2024-02-21 11:09:26","","");
INSERT INTO attandance VALUES ("211","121","1","2024-02-21","12:05:00","4","2024-02-21 11:11:01","","");
INSERT INTO attandance VALUES ("212","122","1","2024-02-21","12:00:00","4","2024-02-21 11:19:48","","");
INSERT INTO attandance VALUES ("213","123","1","2024-02-21","12:27:00","4","2024-02-21 11:20:21","","");
INSERT INTO attandance VALUES ("214","119","1","2024-02-21","12:13:00","4","2024-02-21 11:21:14","","");
INSERT INTO attandance VALUES ("215","120","1","2024-02-21","11:58:00","4","2024-02-21 11:21:58","","");
INSERT INTO attandance VALUES ("216","128","1","2024-02-21","12:30:00","4","2024-02-21 11:22:28","","");
INSERT INTO attandance VALUES ("217","121","2","2024-02-21","18:03:00","4","2024-02-22 11:17:26","","");
INSERT INTO attandance VALUES ("218","122","2","2024-02-21","18:03:00","4","2024-02-22 11:18:29","","");
INSERT INTO attandance VALUES ("219","128","2","2024-02-21","21:00:00","4","2024-02-22 11:19:41","","");
INSERT INTO attandance VALUES ("220","123","2","2024-02-21","22:00:00","4","2024-02-22 11:21:40","","");
INSERT INTO attandance VALUES ("221","119","2","2024-02-21","01:38:00","4","2024-02-22 11:23:29","","");
INSERT INTO attandance VALUES ("222","120","2","2024-02-21","21:00:00","4","2024-02-22 11:24:45","","");
INSERT INTO attandance VALUES ("223","121","1","2024-02-22","12:12:00","4","2024-02-22 11:25:53","","");
INSERT INTO attandance VALUES ("224","128","1","2024-02-22","12:30:00","4","2024-02-22 11:27:17","","");
INSERT INTO attandance VALUES ("225","123","1","2024-02-22","12:19:00","4","2024-02-22 11:28:04","","");
INSERT INTO attandance VALUES ("226","120","1","2024-02-22","12:30:00","4","2024-02-22 11:28:52","","");
INSERT INTO attandance VALUES ("227","119","1","2024-02-22","12:55:00","4","2024-02-22 11:29:54","","");
INSERT INTO attandance VALUES ("228","119","1","2024-02-22","12:55:00","4","2024-02-22 11:29:54","1","");
INSERT INTO attandance VALUES ("229","121","2","2024-02-22","17:45:00","4","2024-02-24 14:05:28","","");
INSERT INTO attandance VALUES ("230","119","2","2024-02-22","22:16:00","4","2024-02-24 14:07:22","","");
INSERT INTO attandance VALUES ("231","120","2","2024-02-22","01:15:00","4","2024-02-24 14:09:37","","");
INSERT INTO attandance VALUES ("232","123","2","2024-02-22","22:08:00","4","2024-02-24 14:11:15","","");
INSERT INTO attandance VALUES ("233","121","1","2024-02-24","12:10:00","4","2024-02-24 14:12:03","","");
INSERT INTO attandance VALUES ("234","122","1","2024-02-24","12:06:00","4","2024-02-24 14:14:04","","");
INSERT INTO attandance VALUES ("235","128","1","2024-02-24","12:50:00","4","2024-02-24 14:14:48","","");
INSERT INTO attandance VALUES ("236","120","1","2024-02-24","08:25:00","4","2024-02-24 14:15:42","","");
INSERT INTO attandance VALUES ("237","119","1","2024-02-24","12:53:00","4","2024-02-24 14:16:31","","");
INSERT INTO attandance VALUES ("238","123","1","2024-02-24","12:08:00","4","2024-02-24 14:18:47","","");
INSERT INTO attandance VALUES ("239","121","2","2024-02-24","18:00:00","4","2024-02-25 11:00:53","","");
INSERT INTO attandance VALUES ("240","122","2","2024-02-24","18:00:00","4","2024-02-25 11:01:31","","");
INSERT INTO attandance VALUES ("241","120","2","2024-02-24","19:20:00","4","2024-02-25 11:09:57","","");
INSERT INTO attandance VALUES ("242","119","2","2024-02-24","18:30:00","4","2024-02-25 11:10:47","","");
INSERT INTO attandance VALUES ("243","128","2","2024-02-24","20:00:00","4","2024-02-25 11:11:28","","");
INSERT INTO attandance VALUES ("244","123","2","2024-02-24","22:07:00","4","2024-02-25 11:12:10","","");
INSERT INTO attandance VALUES ("245","121","1","2024-02-25","12:00:00","4","2024-02-25 11:13:06","","");
INSERT INTO attandance VALUES ("246","122","1","2024-02-25","12:10:00","4","2024-02-25 11:13:31","","");
INSERT INTO attandance VALUES ("247","119","1","2024-02-25","13:09:00","4","2024-02-25 11:14:19","","");
INSERT INTO attandance VALUES ("248","120","1","2024-02-25","12:15:00","4","2024-02-25 11:15:02","","");
INSERT INTO attandance VALUES ("249","128","1","2024-02-25","12:30:00","4","2024-02-25 11:15:37","","");
INSERT INTO attandance VALUES ("250","123","1","2024-02-25","12:15:00","4","2024-02-25 11:16:02","","");
INSERT INTO attandance VALUES ("251","118","1","2024-02-25","15:23:00","1","2024-02-25 14:23:15","","");
INSERT INTO attandance VALUES ("252","119","2","2024-02-07","21:17:00","4","2024-02-25 14:31:31","","");
INSERT INTO attandance VALUES ("253","119","1","2024-02-01","13:07:00","4","2024-02-25 14:33:45","","");
INSERT INTO attandance VALUES ("254","119","1","2024-02-05","13:23:00","4","2024-02-25 14:37:04","","");
INSERT INTO attandance VALUES ("255","120","2","2024-02-01","19:55:00","4","2024-02-25 14:43:01","","");
INSERT INTO attandance VALUES ("256","120","1","2024-02-05","12:06:00","4","2024-02-25 14:46:06","","");
INSERT INTO attandance VALUES ("257","121","1","2024-02-06","12:00:00","4","2024-02-25 14:54:54","","");
INSERT INTO attandance VALUES ("258","121","1","2024-02-01","12:00:00","4","2024-02-25 15:06:02","","");
INSERT INTO attandance VALUES ("259","124","1","2024-02-25","19:33:00","1","2024-02-25 18:33:36","","");
INSERT INTO attandance VALUES ("260","118","1","2024-02-25","19:34:00","1","2024-02-25 18:34:53","","");
INSERT INTO attandance VALUES ("261","122","2","2024-02-25","17:53:00","4","2024-02-26 11:33:59","","");
INSERT INTO attandance VALUES ("262","119","2","2024-02-25","21:48:00","4","2024-02-26 11:36:49","","");
INSERT INTO attandance VALUES ("263","128","2","2024-02-25","20:00:00","4","2024-02-26 11:37:30","","");
INSERT INTO attandance VALUES ("264","123","2","2024-02-25","22:00:00","4","2024-02-26 11:41:28","","");
INSERT INTO attandance VALUES ("265","121","1","2024-02-26","12:10:00","4","2024-02-26 11:42:10","","");
INSERT INTO attandance VALUES ("266","122","1","2024-02-26","12:00:00","4","2024-02-26 11:42:53","","");
INSERT INTO attandance VALUES ("267","123","1","2024-02-26","12:14:00","4","2024-02-26 11:43:32","","");
INSERT INTO attandance VALUES ("268","128","1","2024-02-26","12:35:00","4","2024-02-26 11:44:02","","");
INSERT INTO attandance VALUES ("269","119","1","2024-02-26","13:16:00","4","2024-02-26 11:44:43","","");
INSERT INTO attandance VALUES ("270","121","2","2024-02-26","17:15:00","4","2024-02-27 11:07:25","","");
INSERT INTO attandance VALUES ("271","122","2","2024-02-26","17:15:00","4","2024-02-27 11:08:22","","");
INSERT INTO attandance VALUES ("272","123","2","2024-02-26","21:57:00","4","2024-02-27 11:09:23","","");
INSERT INTO attandance VALUES ("273","119","2","2024-02-26","23:32:00","4","2024-02-27 11:10:30","","");
INSERT INTO attandance VALUES ("274","128","2","2024-02-26","20:00:00","4","2024-02-27 11:11:20","","");
INSERT INTO attandance VALUES ("275","121","1","2024-02-27","12:00:00","4","2024-02-27 11:11:58","","");
INSERT INTO attandance VALUES ("276","122","1","2024-02-27","12:10:00","4","2024-02-27 11:12:53","","");
INSERT INTO attandance VALUES ("277","128","1","2024-02-27","12:35:00","4","2024-02-27 11:14:53","","");
INSERT INTO attandance VALUES ("278","123","1","2024-02-27","12:41:00","4","2024-02-27 11:15:36","","");
INSERT INTO attandance VALUES ("279","119","1","2024-02-27","13:23:00","4","2024-02-28 11:40:03","","");
INSERT INTO attandance VALUES ("280","121","2","2024-02-27","17:59:00","4","2024-02-28 11:40:47","","");
INSERT INTO attandance VALUES ("281","122","2","2024-02-27","17:59:00","4","2024-02-28 11:41:26","","");
INSERT INTO attandance VALUES ("282","128","2","2024-02-27","20:01:00","4","2024-02-28 11:42:02","","");
INSERT INTO attandance VALUES ("283","123","2","2024-02-27","22:00:00","4","2024-02-28 11:43:12","","");
INSERT INTO attandance VALUES ("284","119","2","2024-02-27","21:25:00","4","2024-02-28 11:43:57","","");
INSERT INTO attandance VALUES ("285","121","1","2024-02-28","12:05:00","4","2024-02-28 11:45:56","","");
INSERT INTO attandance VALUES ("286","122","1","2024-02-28","12:00:00","4","2024-02-28 11:47:09","","");
INSERT INTO attandance VALUES ("287","123","1","2024-02-28","12:18:00","4","2024-02-28 11:47:50","","");
INSERT INTO attandance VALUES ("288","128","1","2024-02-28","12:34:00","4","2024-02-28 11:48:31","","");
INSERT INTO attandance VALUES ("289","119","1","2024-02-28","13:01:00","4","2024-02-28 11:49:07","","");
INSERT INTO attandance VALUES ("290","120","1","2024-02-28","13:10:00","4","2024-02-28 11:49:41","","");
INSERT INTO attandance VALUES ("291","120","1","2024-02-27","18:00:00","4","2024-02-28 11:57:22","","");
INSERT INTO attandance VALUES ("292","120","2","2024-02-27","23:00:00","4","2024-02-28 11:57:56","","");
INSERT INTO attandance VALUES ("293","120","2","2024-02-04","18:30:00","4","2024-02-28 14:21:01","","");
INSERT INTO attandance VALUES ("294","121","2","2024-02-28","18:00:00","4","2024-02-29 11:45:36","","");
INSERT INTO attandance VALUES ("295","122","2","2024-02-28","18:00:00","4","2024-02-29 11:46:25","","");
INSERT INTO attandance VALUES ("296","128","2","2024-02-28","20:18:00","4","2024-02-29 11:47:32","","");
INSERT INTO attandance VALUES ("297","123","2","2024-02-28","21:58:00","4","2024-02-29 11:48:54","","");
INSERT INTO attandance VALUES ("298","119","2","2024-02-28","23:17:00","4","2024-02-29 11:49:57","","");
INSERT INTO attandance VALUES ("299","120","2","2024-02-28","22:30:00","4","2024-02-29 11:51:02","","");
INSERT INTO attandance VALUES ("300","121","1","2024-02-29","12:00:00","4","2024-02-29 11:52:29","","");
INSERT INTO attandance VALUES ("301","122","1","2024-02-29","12:13:00","4","2024-02-29 11:54:00","","");
INSERT INTO attandance VALUES ("302","120","1","2024-02-29","08:06:00","4","2024-02-29 12:01:58","","");
INSERT INTO attandance VALUES ("303","119","1","2024-02-29","13:13:00","4","2024-02-29 12:04:09","","");
INSERT INTO attandance VALUES ("304","123","1","2024-02-29","12:11:00","4","2024-02-29 12:04:55","","");
INSERT INTO attandance VALUES ("305","121","2","2024-02-29","18:11:00","4","2024-03-02 12:52:56","","");
INSERT INTO attandance VALUES ("306","122","2","2024-02-29","18:11:00","4","2024-03-02 12:53:30","","");
INSERT INTO attandance VALUES ("307","123","2","2024-02-29","21:55:00","4","2024-03-02 12:53:59","","");
INSERT INTO attandance VALUES ("308","119","2","2024-02-29","22:45:00","4","2024-03-02 12:54:46","","");
INSERT INTO attandance VALUES ("309","120","2","2024-02-29","21:38:00","4","2024-03-02 12:55:19","","");
INSERT INTO attandance VALUES ("310","121","1","2024-03-02","12:08:00","4","2024-03-02 12:56:27","","");
INSERT INTO attandance VALUES ("311","122","1","2024-03-02","12:13:00","4","2024-03-02 12:57:04","","");
INSERT INTO attandance VALUES ("312","128","1","2024-03-02","12:32:00","4","2024-03-02 12:57:42","","");
INSERT INTO attandance VALUES ("313","120","1","2024-03-02","12:46:00","4","2024-03-02 12:58:36","","");
INSERT INTO attandance VALUES ("314","119","1","2024-03-02","13:09:00","4","2024-03-02 12:59:07","","");
INSERT INTO attandance VALUES ("315","123","1","2024-03-02","12:20:00","4","2024-03-02 12:59:43","","");
INSERT INTO attandance VALUES ("316","118","1","2024-03-02","16:16:00","1","2024-03-02 15:16:36","","");
INSERT INTO attandance VALUES ("317","118","1","2024-03-02","16:16:00","1","2024-03-02 15:16:37","1","");
INSERT INTO attandance VALUES ("318","118","1","2024-03-02","16:16:00","1","2024-03-02 15:16:38","1","");
INSERT INTO attandance VALUES ("319","118","1","2024-03-02","16:16:00","1","2024-03-02 15:16:40","1","");
INSERT INTO attandance VALUES ("320","128","1","2024-03-02","12:32:00","1","2024-03-02 15:28:01","1","");
INSERT INTO attandance VALUES ("321","118","1","2024-03-02","16:28:00","1","2024-03-02 15:28:47","1","");
INSERT INTO attandance VALUES ("322","121","2","2024-03-02","18:00:00","4","2024-03-03 11:15:24","","");
INSERT INTO attandance VALUES ("323","122","2","2024-03-02","18:54:00","4","2024-03-03 11:16:06","","");
INSERT INTO attandance VALUES ("324","128","2","2024-03-02","20:12:00","4","2024-03-03 11:16:53","","");
INSERT INTO attandance VALUES ("325","120","2","2024-03-02","19:45:00","4","2024-03-03 11:17:32","","");
INSERT INTO attandance VALUES ("326","119","2","2024-03-02","20:32:00","4","2024-03-03 11:22:09","","");
INSERT INTO attandance VALUES ("327","123","2","2024-03-02","21:55:00","4","2024-03-03 11:23:00","","");
INSERT INTO attandance VALUES ("328","121","1","2024-03-03","12:09:00","4","2024-03-03 11:23:33","","");
INSERT INTO attandance VALUES ("329","122","1","2024-03-03","12:08:00","4","2024-03-03 11:24:02","","");
INSERT INTO attandance VALUES ("330","123","1","2024-03-03","12:14:00","4","2024-03-03 11:26:06","","");
INSERT INTO attandance VALUES ("331","128","1","2024-03-03","12:38:00","4","2024-03-03 11:26:47","","");
INSERT INTO attandance VALUES ("332","120","1","2024-03-03","13:00:00","4","2024-03-03 11:27:23","","");
INSERT INTO attandance VALUES ("333","118","1","2024-03-03","16:08:00","1","2024-03-03 15:08:44","1","");



DROP TABLE attdocs;

CREATE TABLE `attdocs` (
  `id` int(11) NOT NULL AUTO_INCREMENT,
  `empid` int(11) NOT NULL,
  `crtime` timestamp NOT NULL DEFAULT current_timestamp(),
  `mdtime` timestamp NOT NULL DEFAULT current_timestamp() ON UPDATE current_timestamp(),
  `fromdate` date DEFAULT NULL,
  `todate` date NOT NULL,
  `alldays` double NOT NULL,
  `workdays` double NOT NULL,
  `exphours` double NOT NULL,
  `accualhours` double NOT NULL,
  `attdays` int(11) NOT NULL,
  `absdays` int(11) NOT NULL,
  `holidays` int(11) NOT NULL,
  `earlyminits` double NOT NULL,
  `info` varchar(250) DEFAULT NULL,
  `isdeleted` int(11) DEFAULT NULL,
  PRIMARY KEY (`id`)
) ENGINE=InnoDB AUTO_INCREMENT=31 DEFAULT CHARSET=utf8mb4;

INSERT INTO attdocs VALUES ("29","121","2024-04-16 02:59:55","2024-04-16 02:59:55","2024-02-01","2024-02-29","29","25","175","128.77","22","22","4","0"," احتساب الرواتب من يوم2024-02-01 الي يوم2024-02-29","");
INSERT INTO attdocs VALUES ("30","122","2024-04-16 03:02:25","2024-04-16 03:02:25","2024-02-01","2024-02-29","29","26","182","131.72","23","23","3","0"," احتساب الرواتب من يوم2024-02-01 الي يوم2024-02-29","");



DROP TABLE attlog;

CREATE TABLE `attlog` (
  `id` int(11) NOT NULL AUTO_INCREMENT,
  `employee` int(1) NOT NULL,
  `day` date NOT NULL,
  `starttime` time DEFAULT NULL,
  `endtime` time DEFAULT NULL,
  `fpin` time DEFAULT NULL,
  `fpout` time DEFAULT NULL,
  `defhours` double DEFAULT NULL,
  `curhours` double DEFAULT NULL,
  `dueforhour` double DEFAULT NULL,
  `realdue` double DEFAULT NULL,
  `statue` int(1) NOT NULL,
  `crtime` timestamp NOT NULL DEFAULT current_timestamp(),
  `mdtime` timestamp NOT NULL DEFAULT current_timestamp() ON UPDATE current_timestamp(),
  `info` int(11) DEFAULT NULL,
  `attdoc` int(1) DEFAULT NULL,
  PRIMARY KEY (`id`)
) ENGINE=InnoDB AUTO_INCREMENT=1150 DEFAULT CHARSET=utf8mb4;

INSERT INTO attlog VALUES ("1092","121","2024-02-01","12:00:00","19:00:00","12:00:00","17:40:00","7","5.67","11.9","67","2","2024-04-16 02:59:55","2024-04-16 02:59:55","","29");
INSERT INTO attlog VALUES ("1093","121","2024-02-02","12:00:00","19:00:00","00:00:00","00:00:00","7","0","11.9","0","0","2024-04-16 02:59:55","2024-04-16 02:59:55","","29");
INSERT INTO attlog VALUES ("1094","121","2024-02-03","12:00:00","19:00:00","12:05:00","18:18:00","7","6.22","11.9","74","2","2024-04-16 02:59:55","2024-04-16 02:59:55","","29");
INSERT INTO attlog VALUES ("1095","121","2024-02-04","12:00:00","19:00:00","12:03:00","18:01:00","7","5.97","11.9","71","2","2024-04-16 02:59:55","2024-04-16 02:59:55","","29");
INSERT INTO attlog VALUES ("1096","121","2024-02-05","12:00:00","19:00:00","12:00:00","18:00:00","7","6","11.9","71","2","2024-04-16 02:59:55","2024-04-16 02:59:55","","29");
INSERT INTO attlog VALUES ("1097","121","2024-02-06","12:00:00","19:00:00","12:00:00","18:11:00","7","6.18","11.9","73","2","2024-04-16 02:59:55","2024-04-16 02:59:55","","29");
INSERT INTO attlog VALUES ("1098","121","2024-02-07","12:00:00","19:00:00","13:00:00","18:00:00","7","5","11.9","59","2","2024-04-16 02:59:55","2024-04-16 02:59:55","","29");
INSERT INTO attlog VALUES ("1099","121","2024-02-08","12:00:00","19:00:00","00:00:00","00:00:00","7","0","11.9","0","1","2024-04-16 02:59:55","2024-04-16 02:59:55","","29");
INSERT INTO attlog VALUES ("1100","121","2024-02-09","12:00:00","19:00:00","00:00:00","00:00:00","7","0","11.9","0","0","2024-04-16 02:59:55","2024-04-16 02:59:55","","29");
INSERT INTO attlog VALUES ("1101","121","2024-02-10","12:00:00","19:00:00","12:03:00","18:10:00","7","6.12","11.9","72","2","2024-04-16 02:59:55","2024-04-16 02:59:55","","29");
INSERT INTO attlog VALUES ("1102","121","2024-02-11","12:00:00","19:00:00","12:05:00","17:56:00","7","5.85","11.9","69","2","2024-04-16 02:59:55","2024-04-16 02:59:55","","29");
INSERT INTO attlog VALUES ("1103","121","2024-02-12","12:00:00","19:00:00","12:05:00","17:56:00","7","5.85","11.9","69","2","2024-04-16 02:59:55","2024-04-16 02:59:55","","29");
INSERT INTO attlog VALUES ("1104","121","2024-02-13","12:00:00","19:00:00","12:10:00","18:00:00","7","5.83","11.9","69","2","2024-04-16 02:59:55","2024-04-16 02:59:55","","29");
INSERT INTO attlog VALUES ("1105","121","2024-02-14","12:00:00","19:00:00","12:05:00","18:03:00","7","5.97","11.9","71","2","2024-04-16 02:59:55","2024-04-16 02:59:55","","29");
INSERT INTO attlog VALUES ("1106","121","2024-02-15","12:00:00","19:00:00","12:07:00","17:45:00","7","5.63","11.9","66","2","2024-04-16 02:59:55","2024-04-16 02:59:55","","29");
INSERT INTO attlog VALUES ("1107","121","2024-02-16","12:00:00","19:00:00","00:00:00","00:00:00","7","0","11.9","0","0","2024-04-16 02:59:55","2024-04-16 02:59:55","","29");
INSERT INTO attlog VALUES ("1108","121","2024-02-17","12:00:00","19:00:00","12:00:00","18:25:00","7","6.42","11.9","76","2","2024-04-16 02:59:55","2024-04-16 02:59:55","","29");
INSERT INTO attlog VALUES ("1109","121","2024-02-18","12:00:00","19:00:00","12:10:00","17:40:00","7","5.5","11.9","65","2","2024-04-16 02:59:55","2024-04-16 02:59:55","","29");
INSERT INTO attlog VALUES ("1110","121","2024-02-19","12:00:00","19:00:00","12:00:00","18:01:00","7","6.02","11.9","71","2","2024-04-16 02:59:55","2024-04-16 02:59:55","","29");
INSERT INTO attlog VALUES ("1111","121","2024-02-20","12:00:00","19:00:00","12:00:00","18:00:00","7","6","11.9","71","2","2024-04-16 02:59:55","2024-04-16 02:59:55","","29");
INSERT INTO attlog VALUES ("1112","121","2024-02-21","12:00:00","19:00:00","12:05:00","18:03:00","7","5.97","11.9","71","2","2024-04-16 02:59:55","2024-04-16 02:59:55","","29");
INSERT INTO attlog VALUES ("1113","121","2024-02-22","12:00:00","19:00:00","12:12:00","17:45:00","7","5.55","11.9","66","2","2024-04-16 02:59:55","2024-04-16 02:59:55","","29");
INSERT INTO attlog VALUES ("1114","121","2024-02-23","12:00:00","19:00:00","00:00:00","00:00:00","7","0","11.9","0","0","2024-04-16 02:59:55","2024-04-16 02:59:55","","29");
INSERT INTO attlog VALUES ("1115","121","2024-02-24","12:00:00","19:00:00","12:10:00","18:00:00","7","5.83","11.9","69","2","2024-04-16 02:59:55","2024-04-16 02:59:55","","29");
INSERT INTO attlog VALUES ("1116","121","2024-02-25","12:00:00","19:00:00","12:00:00","17:53:00","7","5.88","11.9","69","2","2024-04-16 02:59:55","2024-04-16 02:59:55","","29");
INSERT INTO attlog VALUES ("1117","121","2024-02-26","12:00:00","19:00:00","12:10:00","17:15:00","7","5.08","11.9","60","2","2024-04-16 02:59:55","2024-04-16 02:59:55","","29");
INSERT INTO attlog VALUES ("1118","121","2024-02-27","12:00:00","19:00:00","12:00:00","17:59:00","7","5.98","11.9","71","2","2024-04-16 02:59:55","2024-04-16 02:59:55","","29");
INSERT INTO attlog VALUES ("1119","121","2024-02-28","12:00:00","19:00:00","12:05:00","18:00:00","7","5.92","11.9","70","2","2024-04-16 02:59:55","2024-04-16 02:59:55","","29");
INSERT INTO attlog VALUES ("1120","121","2024-02-29","12:00:00","19:00:00","12:00:00","18:11:00","7","6.18","11.9","73","2","2024-04-16 02:59:55","2024-04-16 02:59:55","","29");
INSERT INTO attlog VALUES ("1121","122","2024-02-01","12:00:00","19:00:00","12:10:00","18:00:00","7","5.83","9.52","55","2","2024-04-16 03:02:25","2024-04-16 03:02:25","","30");
INSERT INTO attlog VALUES ("1122","122","2024-02-02","12:00:00","19:00:00","12:10:00","18:06:00","7","5.93","9.52","56","2","2024-04-16 03:02:25","2024-04-16 03:02:25","","30");
INSERT INTO attlog VALUES ("1123","122","2024-02-03","12:00:00","19:00:00","12:14:00","18:10:00","7","5.93","9.52","56","2","2024-04-16 03:02:25","2024-04-16 03:02:25","","30");
INSERT INTO attlog VALUES ("1124","122","2024-02-04","12:00:00","19:00:00","12:10:00","18:00:00","7","5.83","9.52","55","2","2024-04-16 03:02:25","2024-04-16 03:02:25","","30");
INSERT INTO attlog VALUES ("1125","122","2024-02-05","12:00:00","19:00:00","12:13:00","18:11:00","7","5.97","9.52","56","2","2024-04-16 03:02:25","2024-04-16 03:02:25","","30");
INSERT INTO attlog VALUES ("1126","122","2024-02-06","12:00:00","19:00:00","12:08:00","18:11:00","7","6.05","9.52","57","2","2024-04-16 03:02:25","2024-04-16 03:02:25","","30");
INSERT INTO attlog VALUES ("1127","122","2024-02-07","12:00:00","19:00:00","12:10:00","18:00:00","7","5.83","9.52","55","2","2024-04-16 03:02:25","2024-04-16 03:02:25","","30");
INSERT INTO attlog VALUES ("1128","122","2024-02-08","12:00:00","19:00:00","12:15:00","18:00:00","7","5.75","9.52","54","2","2024-04-16 03:02:25","2024-04-16 03:02:25","","30");
INSERT INTO attlog VALUES ("1129","122","2024-02-09","12:00:00","19:00:00","00:00:00","00:00:00","7","0","9.52","0","0","2024-04-16 03:02:25","2024-04-16 03:02:25","","30");
INSERT INTO attlog VALUES ("1130","122","2024-02-10","12:00:00","19:00:00","12:20:00","18:10:00","7","5.83","9.52","55","2","2024-04-16 03:02:25","2024-04-16 03:02:25","","30");
INSERT INTO attlog VALUES ("1131","122","2024-02-11","12:00:00","19:00:00","12:15:00","17:55:00","7","5.67","9.52","53","2","2024-04-16 03:02:25","2024-04-16 03:02:25","","30");
INSERT INTO attlog VALUES ("1132","122","2024-02-12","12:00:00","19:00:00","12:15:00","17:55:00","7","5.67","9.52","53","2","2024-04-16 03:02:25","2024-04-16 03:02:25","","30");
INSERT INTO attlog VALUES ("1133","122","2024-02-13","12:00:00","19:00:00","12:05:00","18:00:00","7","5.92","9.52","56","2","2024-04-16 03:02:25","2024-04-16 03:02:25","","30");
INSERT INTO attlog VALUES ("1134","122","2024-02-14","12:00:00","19:00:00","12:00:00","00:00:00","7","3.5","9.52","33","2","2024-04-16 03:02:25","2024-04-16 03:02:25","","30");
INSERT INTO attlog VALUES ("1135","122","2024-02-15","12:00:00","19:00:00","12:05:00","17:45:00","7","5.67","9.52","53","2","2024-04-16 03:02:25","2024-04-16 03:02:25","","30");
INSERT INTO attlog VALUES ("1136","122","2024-02-16","12:00:00","19:00:00","00:00:00","00:00:00","7","0","9.52","0","0","2024-04-16 03:02:25","2024-04-16 03:02:25","","30");
INSERT INTO attlog VALUES ("1137","122","2024-02-17","12:00:00","19:00:00","12:05:00","18:25:00","7","6.33","9.52","60","2","2024-04-16 03:02:25","2024-04-16 03:02:25","","30");
INSERT INTO attlog VALUES ("1138","122","2024-02-18","12:00:00","19:00:00","12:15:00","17:40:00","7","5.42","9.52","51","2","2024-04-16 03:02:25","2024-04-16 03:02:25","","30");
INSERT INTO attlog VALUES ("1139","122","2024-02-19","12:00:00","19:00:00","12:10:00","18:01:00","7","5.85","9.52","55","2","2024-04-16 03:02:25","2024-04-16 03:02:25","","30");
INSERT INTO attlog VALUES ("1140","122","2024-02-20","12:00:00","19:00:00","12:10:00","18:00:00","7","5.83","9.52","55","2","2024-04-16 03:02:25","2024-04-16 03:02:25","","30");
INSERT INTO attlog VALUES ("1141","122","2024-02-21","12:00:00","19:00:00","12:00:00","18:03:00","7","6.05","9.52","57","2","2024-04-16 03:02:25","2024-04-16 03:02:25","","30");
INSERT INTO attlog VALUES ("1142","122","2024-02-22","12:00:00","19:00:00","00:00:00","00:00:00","7","0","9.52","0","1","2024-04-16 03:02:25","2024-04-16 03:02:25","","30");
INSERT INTO attlog VALUES ("1143","122","2024-02-23","12:00:00","19:00:00","00:00:00","00:00:00","7","0","9.52","0","0","2024-04-16 03:02:25","2024-04-16 03:02:25","","30");
INSERT INTO attlog VALUES ("1144","122","2024-02-24","12:00:00","19:00:00","12:06:00","18:00:00","7","5.9","9.52","56","2","2024-04-16 03:02:25","2024-04-16 03:02:25","","30");
INSERT INTO attlog VALUES ("1145","122","2024-02-25","12:00:00","19:00:00","12:10:00","17:53:00","7","5.72","9.52","54","2","2024-04-16 03:02:25","2024-04-16 03:02:25","","30");
INSERT INTO attlog VALUES ("1146","122","2024-02-26","12:00:00","19:00:00","12:00:00","17:15:00","7","5.25","9.52","49","2","2024-04-16 03:02:25","2024-04-16 03:02:25","","30");
INSERT INTO attlog VALUES ("1147","122","2024-02-27","12:00:00","19:00:00","12:10:00","17:59:00","7","5.82","9.52","55","2","2024-04-16 03:02:25","2024-04-16 03:02:25","","30");
INSERT INTO attlog VALUES ("1148","122","2024-02-28","12:00:00","19:00:00","12:00:00","18:00:00","7","6","9.52","57","2","2024-04-16 03:02:25","2024-04-16 03:02:25","","30");
INSERT INTO attlog VALUES ("1149","122","2024-02-29","12:00:00","19:00:00","12:13:00","18:11:00","7","5.97","9.52","56","2","2024-04-16 03:02:25","2024-04-16 03:02:25","","30");



DROP TABLE barcodes;

CREATE TABLE `barcodes` (
  `id` int(11) NOT NULL,
  `item_id` int(11) NOT NULL,
  `barcode` varchar(25) NOT NULL,
  PRIMARY KEY (`id`),
  UNIQUE KEY `barcode` (`barcode`)
) ENGINE=InnoDB DEFAULT CHARSET=utf8mb4;




DROP TABLE calls;

CREATE TABLE `calls` (
  `id` int(11) NOT NULL AUTO_INCREMENT,
  `subject` varchar(100) NOT NULL,
  `call_type` int(1) NOT NULL DEFAULT 1,
  `call_date` date NOT NULL DEFAULT current_timestamp(),
  `call_time` time NOT NULL DEFAULT current_timestamp(),
  `duration` varchar(100) DEFAULT NULL,
  `client_id` int(11) NOT NULL DEFAULT 1,
  `emp_comment` varchar(250) DEFAULT NULL,
  `content` text DEFAULT NULL,
  `next_date` date NOT NULL DEFAULT current_timestamp(),
  `next_time` time NOT NULL DEFAULT current_timestamp(),
  `mod_comment` varchar(250) DEFAULT NULL,
  `mod_rate` int(1) NOT NULL DEFAULT 5,
  `user_id` int(11) NOT NULL DEFAULT 1,
  `crtime` timestamp NOT NULL DEFAULT current_timestamp(),
  `mdtime` timestamp NOT NULL DEFAULT current_timestamp() ON UPDATE current_timestamp(),
  PRIMARY KEY (`id`)
) ENGINE=InnoDB DEFAULT CHARSET=utf8mb4;




DROP TABLE cases;

CREATE TABLE `cases` (
  `id` int(1) NOT NULL AUTO_INCREMENT,
  `cname` varchar(50) NOT NULL,
  `info` varchar(100) DEFAULT NULL,
  `crtime` timestamp NOT NULL DEFAULT current_timestamp(),
  PRIMARY KEY (`id`)
) ENGINE=InnoDB AUTO_INCREMENT=2 DEFAULT CHARSET=utf8mb4;

INSERT INTO cases VALUES ("1","name1","","2023-11-05 15:49:53");



DROP TABLE chances;

CREATE TABLE `chances` (
  `id` int(1) NOT NULL AUTO_INCREMENT,
  `client` varchar(50) DEFAULT NULL,
  `cname` varchar(50) NOT NULL,
  `phone` varchar(20) DEFAULT NULL,
  `cdate` date DEFAULT NULL,
  `important` int(1) DEFAULT NULL,
  `expected` double NOT NULL DEFAULT 0,
  `tybe` int(1) NOT NULL DEFAULT 1,
  `crtime` timestamp NOT NULL DEFAULT current_timestamp(),
  `mdtime` timestamp NOT NULL DEFAULT current_timestamp() ON UPDATE current_timestamp(),
  `isdeleted` int(1) DEFAULT NULL,
  PRIMARY KEY (`id`)
) ENGINE=InnoDB DEFAULT CHARSET=utf8mb4;




DROP TABLE chances_tybes;

CREATE TABLE `chances_tybes` (
  `id` int(1) NOT NULL AUTO_INCREMENT,
  `cname` varchar(50) NOT NULL,
  `info` varchar(50) DEFAULT NULL,
  `crtime` timestamp NOT NULL DEFAULT current_timestamp() ON UPDATE current_timestamp(),
  PRIMARY KEY (`id`)
) ENGINE=InnoDB AUTO_INCREMENT=6 DEFAULT CHARSET=utf8mb4;

INSERT INTO chances_tybes VALUES ("1","جديد","","2023-11-28 03:20:13");
INSERT INTO chances_tybes VALUES ("2","تم الاتفاق","","2023-11-28 03:27:21");
INSERT INTO chances_tybes VALUES ("3","دفع عربون","","2023-11-28 03:27:21");
INSERT INTO chances_tybes VALUES ("4","صفقه تامه","","2023-11-28 03:27:42");



DROP TABLE cities;

CREATE TABLE `cities` (
  `id` int(1) NOT NULL AUTO_INCREMENT,
  `cname` varchar(150) NOT NULL,
  `info` varchar(150) DEFAULT NULL,
  `crtime` timestamp NOT NULL DEFAULT current_timestamp(),
  `mdtime` timestamp NOT NULL DEFAULT current_timestamp() ON UPDATE current_timestamp(),
  `user` int(1) NOT NULL DEFAULT 1,
  PRIMARY KEY (`id`)
) ENGINE=InnoDB DEFAULT CHARSET=utf8mb4;




DROP TABLE clients;

CREATE TABLE `clients` (
  `id` int(1) NOT NULL AUTO_INCREMENT,
  `name` varchar(100) NOT NULL,
  `phone` varchar(20) DEFAULT NULL,
  `address` varchar(250) DEFAULT NULL,
  `city` int(11) DEFAULT NULL,
  `height` double DEFAULT NULL,
  `weight` double DEFAULT NULL,
  `dateofbirth` date DEFAULT NULL,
  `ref` varchar(20) DEFAULT NULL,
  `diseses` varchar(200) DEFAULT NULL,
  `info` varchar(200) DEFAULT NULL,
  `crtime` timestamp NOT NULL DEFAULT current_timestamp(),
  `mdtime` timestamp NOT NULL DEFAULT current_timestamp() ON UPDATE current_timestamp(),
  `imgs` varchar(250) DEFAULT NULL,
  `jop` varchar(50) DEFAULT NULL,
  `gender` int(1) DEFAULT NULL,
  `drugs` varchar(250) DEFAULT NULL,
  `seriousdes` varchar(250) DEFAULT NULL,
  `familydes` varchar(250) DEFAULT NULL,
  `allergy` varchar(250) DEFAULT NULL,
  `temp` varchar(9) DEFAULT NULL,
  `pressure` varchar(9) DEFAULT NULL,
  `diabetes` varchar(9) DEFAULT NULL,
  `brate` varchar(9) DEFAULT NULL,
  PRIMARY KEY (`id`)
) ENGINE=InnoDB DEFAULT CHARSET=utf8mb4;




DROP TABLE cost_centers;

CREATE TABLE `cost_centers` (
  `id` int(11) NOT NULL AUTO_INCREMENT,
  `cname` varchar(100) NOT NULL,
  `info` varchar(200) DEFAULT NULL,
  `crtime` timestamp NOT NULL DEFAULT current_timestamp() ON UPDATE current_timestamp(),
  `mdtime` timestamp NOT NULL DEFAULT current_timestamp() ON UPDATE current_timestamp(),
  PRIMARY KEY (`id`)
) ENGINE=InnoDB AUTO_INCREMENT=2 DEFAULT CHARSET=utf8mb4;

INSERT INTO cost_centers VALUES ("1","المركز الافتراضي","","2024-01-19 03:17:02","2024-01-19 03:17:02");



DROP TABLE criminals;

CREATE TABLE `criminals` (
  `id` int(11) NOT NULL AUTO_INCREMENT,
  `cname` varchar(200) NOT NULL,
  `nickname` varchar(200) NOT NULL,
  `dateofbirth` date DEFAULT NULL,
  `jop` varchar(200) NOT NULL,
  `station` varchar(111) DEFAULT NULL,
  `mname` varchar(200) NOT NULL,
  `crmaddress` varchar(200) NOT NULL,
  `idcardnum` varchar(200) NOT NULL,
  `scar` int(11) NOT NULL,
  `otherdetails` varchar(200) NOT NULL,
  `prtnrs` varchar(200) NOT NULL,
  `crmstyle` int(11) DEFAULT NULL,
  `dngrs` int(11) DEFAULT NULL,
  `fesh` int(11) DEFAULT NULL,
  `karta` int(11) DEFAULT NULL,
  `entry` int(11) DEFAULT NULL,
  `crtime` timestamp NOT NULL DEFAULT current_timestamp(),
  `mdtime` timestamp NULL DEFAULT current_timestamp(),
  PRIMARY KEY (`id`)
) ENGINE=InnoDB AUTO_INCREMENT=19 DEFAULT CHARSET=utf8mb4;

INSERT INTO criminals VALUES ("1","Lillian Figueroa","Adria Flynn ","1973-11-19","Maiores fuga Commod ","","Clarke Head ","Exercitation optio  ","51531355351351","5135135","At eos doloremque ve ","Cumque ratione quide ","0","2","","0","0","0000-00-00 00:00:00","2024-01-17 21:57:48");
INSERT INTO criminals VALUES ("2","Lillian Figueroa","Adria Flynn ","1973-11-19","Maiores fuga Commod ","","Clarke Head ","Exercitation optio  ","51531355351351","5135135","At eos doloremque ve ","Cumque ratione quide ","0","2","","0","0","0000-00-00 00:00:00","2024-01-17 21:58:49");
INSERT INTO criminals VALUES ("3","Lillian Figueroa","Adria Flynn ","1973-11-19","Maiores fuga Commod ","","Clarke Head ","Exercitation optio  ","51531355351351","5135135","At eos doloremque ve ","Cumque ratione quide ","0","2","0","0","0","0000-00-00 00:00:00","2024-01-17 21:59:01");
INSERT INTO criminals VALUES ("4","Lillian Figueroa","Adria Flynn ","1973-11-19","Maiores fuga Commod ","","Clarke Head ","Exercitation optio  ","51531355351351","5135135","At eos doloremque ve ","Cumque ratione quide ","0","2","0","0","0","0000-00-00 00:00:00","2024-01-17 21:59:08");
INSERT INTO criminals VALUES ("5","Lillian Figueroa","Adria Flynn ","1973-11-19","Maiores fuga Commod ","","Clarke Head ","Exercitation optio  ","51531355351351","5135135","At eos doloremque ve ","Cumque ratione quide ","0","2","0","0","0","0000-00-00 00:00:00","2024-01-17 22:01:09");
INSERT INTO criminals VALUES ("6","Oleg Larson","Dillon Deleon ","2012-02-21","Nam aliquid corrupti ","","Hollee William ","Quidem aliquid ea ma ","71 ","0","Id qui sed accusamu ","Eos amet quis sint  ","0","2","0","0","0","0000-00-00 00:00:00","2024-01-17 22:02:04");
INSERT INTO criminals VALUES ("7","Ezra Townsend","Yvonne Randall ","1992-10-04","Eum dolor dolorem pr ","","Jordan Clemons ","Non animi aliqua Q ","97 ","0","Reprehenderit delec ","Eius mollit dicta te ","0","0","0","1","0","0000-00-00 00:00:00","2024-01-17 22:18:32");
INSERT INTO criminals VALUES ("8","Miranda Pickett","Tate Spencer ","1991-03-05","Asperiores sit cum i ","","Heidi Davidson ","Dolor nemo impedit  ","46 ","0","Adipisci ex ut occae ","Molestiae error pari ","0","0","1","1","0","0000-00-00 00:00:00","2024-01-17 22:20:15");
INSERT INTO criminals VALUES ("9","Ora Strickland","Bert Mcmahon ","1994-08-28","Nisi ratione qui max ","","Alec Wilkinson ","Velit eaque animi  ","9 ","0","Architecto at qui au ","Omnis et est dolor u ","0","1","0","1","0","0000-00-00 00:00:00","2024-01-17 22:20:29");
INSERT INTO criminals VALUES ("10","Denton Wilson","Dorothy Guy ","2008-06-05","Sit sed odio exercit ","","Daria Dickerson ","Possimus iure qui p ","57 ","0","Et quos officia aliq ","Dolore iste nisi qui ","0","0","1","1","0","0000-00-00 00:00:00","2024-01-17 22:21:02");
INSERT INTO criminals VALUES ("11","Louis Acevedo","Harding Gillespie ","2021-04-16","Aperiam a reiciendis ","","Jeremy Dudley ","Ducimus temporibus ","61","0","Quas pariatur Id ra ","1","2","1","1","1","0","2024-01-17 22:27:50","2024-01-17 22:27:50");
INSERT INTO criminals VALUES ("12","Eleanor Mcclure","Rhiannon Richardson ","1991-11-18","Reprehenderit laboru ","","Whoopi Boone ","Accusamus sit perfe ","81 ","0","Ut in enim eaque mag ","Dolores sed esse vol ","0","0","0","1","0","2024-01-17 22:29:32","2024-01-17 22:29:32");
INSERT INTO criminals VALUES ("13","Wayne Delgado","Anthony Griffin ","2000-12-28","Quia quo quo qui inc ","","Petra Donaldson ","Sed est ipsam minim ","27 ","0","Officia odio volupta ","Possimus qui qui ul ","0","2","0","1","0","2024-01-17 22:30:11","2024-01-17 22:30:11");
INSERT INTO criminals VALUES ("14","Ariel Crawford","Donna Wise ","2002-04-07","Aut consectetur in a ","","Scarlet Ortega ","Odio velit labore de ","40 ","0","Eos deserunt et rec ","Quaerat at in fuga  ","0","1","0","1","0","2024-01-17 23:07:50","2024-01-17 23:07:50");
INSERT INTO criminals VALUES ("15","محمد احمد حسين الحسن","بالو ","0000-00-00"," ","","امينه محمد علي ","سمنود ش السكه ","12456789 ","0"," ","جكجك ","0","0","0","1","0","2024-01-17 23:42:11","2024-01-17 23:42:11");
INSERT INTO criminals VALUES ("16","عبدالرحمن احمد علي","بالو ","1988-01-17","بائع ","","مي السيد ","سمنود ش الترعه ","123456789 ","0","نشاط خطير ","محمد احمد ","0","1","1","1","0","2024-01-17 23:44:12","2024-01-17 23:44:12");
INSERT INTO criminals VALUES ("17","محمود علي","Maryam Barber ","2007-12-24","Aperiam sed culpa q ","","Bruno Woodward ","Sed enim rerum sunt ","50 ","0","Qui nihil aute asper ","Nisi in est fuga Qu ","0","2","0","1","0","2024-01-18 00:00:26","2024-01-18 00:00:26");
INSERT INTO criminals VALUES ("18","عبدالهادي العدوي محمد المنير","بتاع السيستم ","1988-12-08","تكنولوجيا المعلومات ","","-- ","سمنود ش الترعه ","1281988 ","0","__ ","مصطفي , محمود عادل ","0","0","0","1","0","2024-01-20 15:24:57","2024-01-20 15:24:57");



DROP TABLE crm_style;

CREATE TABLE `crm_style` (
  `id` int(11) NOT NULL,
  `cname` varchar(200) NOT NULL,
  `info` varchar(200) DEFAULT NULL,
  `crtime` timestamp NOT NULL DEFAULT current_timestamp(),
  `mdtime` timestamp NULL DEFAULT current_timestamp()
) ENGINE=InnoDB DEFAULT CHARSET=utf8mb4;

INSERT INTO crm_style VALUES ("0","تهريب مخدرات","","2024-01-17 21:47:06","2024-01-17 21:47:06");



DROP TABLE ctp;

CREATE TABLE `ctp` (
  `id` int(1) NOT NULL AUTO_INCREMENT,
  `cname` varchar(50) NOT NULL,
  `type` varchar(100) DEFAULT NULL,
  `number` varchar(100) DEFAULT NULL,
  `info` varchar(100) DEFAULT NULL,
  `crtime` timestamp NOT NULL DEFAULT current_timestamp(),
  PRIMARY KEY (`id`)
) ENGINE=InnoDB DEFAULT CHARSET=utf8mb4;




DROP TABLE cvs;

CREATE TABLE `cvs` (
  `id` int(1) NOT NULL AUTO_INCREMENT,
  `userid` int(1) NOT NULL,
  `crtime` timestamp NOT NULL DEFAULT current_timestamp(),
  `mdtime` timestamp NOT NULL DEFAULT current_timestamp() ON UPDATE current_timestamp(),
  `name` varchar(50) NOT NULL,
  `degree` varchar(50) DEFAULT NULL,
  `address` varchar(100) DEFAULT NULL,
  `birthdate` date DEFAULT NULL,
  `phone` varchar(20) DEFAULT NULL,
  `email` varchar(50) NOT NULL,
  `skills` text DEFAULT NULL,
  `exp1` varchar(250) DEFAULT NULL,
  `exp2` varchar(250) DEFAULT NULL,
  `exp3` varchar(250) DEFAULT NULL,
  `lastsalary` double NOT NULL,
  `expsalary` double NOT NULL,
  `referances` text DEFAULT NULL,
  PRIMARY KEY (`id`,`email`),
  UNIQUE KEY `email` (`email`)
) ENGINE=InnoDB DEFAULT CHARSET=utf8mb4;




DROP TABLE departments;

CREATE TABLE `departments` (
  `id` int(1) NOT NULL AUTO_INCREMENT,
  `name` varchar(50) NOT NULL,
  `info` varchar(250) DEFAULT NULL,
  `crtime` timestamp NOT NULL DEFAULT current_timestamp() ON UPDATE current_timestamp(),
  `isdeleted` int(1) DEFAULT NULL,
  PRIMARY KEY (`id`)
) ENGINE=InnoDB AUTO_INCREMENT=5 DEFAULT CHARSET=utf8mb4;

INSERT INTO departments VALUES ("1","قسم الدعم","","2023-07-22 21:19:25","");
INSERT INTO departments VALUES ("2","قسم المبيعات","
                                
                                Awesome

                                                                                                                    ","2023-08-04 16:34:21","");
INSERT INTO departments VALUES ("3","قسم التطوير","قسم تطوير البرمجيات","2023-08-11 06:59:44","");
INSERT INTO departments VALUES ("4","قسم الدعم الفني ..","
                                                            ","2023-08-11 07:01:55","");



DROP TABLE drugs;

CREATE TABLE `drugs` (
  `id` int(11) NOT NULL AUTO_INCREMENT,
  `name` varchar(40) NOT NULL,
  `purpose` varchar(200) DEFAULT NULL,
  `effectivematerial` varchar(200) DEFAULT NULL,
  `sideeffects` text DEFAULT NULL,
  `info` varchar(250) DEFAULT NULL,
  `crtime` timestamp NOT NULL DEFAULT current_timestamp(),
  `mdtime` timestamp NOT NULL DEFAULT current_timestamp() ON UPDATE current_timestamp(),
  `user` int(11) NOT NULL DEFAULT 1,
  PRIMARY KEY (`id`)
) ENGINE=InnoDB AUTO_INCREMENT=3 DEFAULT CHARSET=utf8mb4;

INSERT INTO drugs VALUES ("1","Sonya Flynn","Commodi necessitatib","Et dolor quis except","Ad adipisicing sit m","Repellendus Ut dolo","2023-08-28 15:52:44","2023-08-28 15:52:44","1");
INSERT INTO drugs VALUES ("2","August Collins","Velit pariatur Aliq","Aut nostrud sit eos","Unde qui laboriosam","Sunt voluptas expli","2023-08-28 15:53:59","2023-08-28 15:53:59","1");



DROP TABLE emp_allowences;

CREATE TABLE `emp_allowences` (
  `id` int(11) NOT NULL AUTO_INCREMENT,
  `empid` int(1) NOT NULL,
  `allowid` int(1) NOT NULL,
  `value` double NOT NULL,
  `info` int(1) DEFAULT NULL,
  `crtime` timestamp NOT NULL DEFAULT current_timestamp(),
  `mdtime` timestamp NOT NULL DEFAULT current_timestamp() ON UPDATE current_timestamp(),
  PRIMARY KEY (`id`)
) ENGINE=InnoDB DEFAULT CHARSET=utf8mb4;




DROP TABLE emplog;

CREATE TABLE `emplog` (
  `id` int(1) NOT NULL AUTO_INCREMENT,
  `employee` int(1) NOT NULL,
  `date` date NOT NULL,
  `chkin` time DEFAULT NULL,
  `chkout` time DEFAULT NULL,
  `addin` time DEFAULT NULL,
  `addout` time DEFAULT NULL,
  `latecost` double DEFAULT NULL,
  `earlcost` double DEFAULT NULL,
  `absent` int(11) DEFAULT NULL,
  `holiday` int(11) DEFAULT NULL,
  `deducation` double DEFAULT NULL,
  `additional` double DEFAULT NULL,
  `user` int(11) NOT NULL,
  `crtime` timestamp NOT NULL DEFAULT current_timestamp(),
  `mdtime` timestamp NOT NULL DEFAULT current_timestamp() ON UPDATE current_timestamp(),
  PRIMARY KEY (`id`)
) ENGINE=InnoDB DEFAULT CHARSET=utf8mb4;




DROP TABLE employees;

CREATE TABLE `employees` (
  `id` int(11) NOT NULL AUTO_INCREMENT,
  `basma_id` int(11) DEFAULT NULL,
  `basma_name` varchar(50) DEFAULT NULL,
  `name` varchar(100) NOT NULL,
  `info` varchar(250) DEFAULT NULL,
  `crtime` timestamp NOT NULL DEFAULT current_timestamp(),
  `imgs` varchar(250) DEFAULT NULL,
  `email` varchar(50) DEFAULT NULL,
  `number` varchar(13) DEFAULT NULL,
  `active` int(1) NOT NULL DEFAULT 1,
  `dateofbirth` date DEFAULT NULL,
  `gender` varchar(10) DEFAULT NULL,
  `country` int(1) DEFAULT NULL,
  `address` varchar(250) DEFAULT NULL,
  `address2` varchar(250) DEFAULT NULL,
  `town` int(1) DEFAULT NULL,
  `jop` int(1) DEFAULT NULL,
  `department` int(1) DEFAULT NULL,
  `joptybe` int(1) DEFAULT NULL,
  `joplevel` int(1) DEFAULT NULL,
  `dateofhire` date DEFAULT NULL,
  `dateofend` date DEFAULT NULL,
  `shift` int(1) DEFAULT NULL,
  `vacancy` int(1) DEFAULT NULL,
  `holiday` int(1) DEFAULT NULL,
  `salary` decimal(11,2) DEFAULT NULL,
  `password` varchar(250) DEFAULT NULL,
  `education` varchar(100) DEFAULT NULL,
  `skills` varchar(200) DEFAULT NULL,
  `isdeleted` int(1) DEFAULT NULL,
  PRIMARY KEY (`id`)
) ENGINE=InnoDB AUTO_INCREMENT=130 DEFAULT CHARSET=utf8mb4;

INSERT INTO employees VALUES ("118","1","hadi","عبدالهادي العدوي المنير","","2023-11-07 20:41:48","expenses-126086.jpg","abdelhadeeladawy@gmail.com","01005366038","0","1988-12-08","0","","","","1","5","4","1","0","2019-11-07","2030-12-08","10","","","5000.00","0100","","","1");
INSERT INTO employees VALUES ("119","2","mostafa","مصطفي حماده","","2024-01-16 15:01:46","","","01557931232","0","2002-04-13","0","","سمنود","","1","2","4","1","0","2023-01-01","0000-00-00","8","","","3500.00","0100","","","");
INSERT INTO employees VALUES ("120","3","mahmoud","محمود الرمادي","","2024-01-16 15:05:05","","","01288615890","0","1998-06-09","0","","","المحلة ","2","2","4","1","0","2023-07-01","0000-00-00","8","","","2000.00","0100","","","");
INSERT INTO employees VALUES ("121","4","donia","دنيا سامى","","2024-01-16 15:11:15","","","01229516374","0","1994-07-24","1","","سمنود","","1","4","1","1","0","2023-11-25","0000-00-00","5","","","2500.00","0100","","","");
INSERT INTO employees VALUES ("122","5","maiada","ميادة الشرقاوي","","2024-01-16 15:18:42","","","01021578506","0","1999-03-15","1","","منيا سمنود","","3","4","1","1","0","2024-01-01","2030-03-31","7","","","2000.00","0100","","","");
INSERT INTO employees VALUES ("123","6","mohamed","محمد العريان","","2024-01-16 15:23:03","","","01270924094","0","1995-07-23","0","","سمنود","","1","6","1","1","0","0000-00-00","0000-00-00","13","","","2000.00","0100","","","");
INSERT INTO employees VALUES ("124","7","abd elrahman","عبد الرحمن الخزرجى شريف","","2024-01-16 15:32:02","","","01095132871","1","2000-08-19","0","","اجا","","4","5","1","1","2","2024-01-16","0000-00-00","9","","","2000.00","0100","","","");
INSERT INTO employees VALUES ("125","8","taha","طه حسام دمياط","","2024-01-16 15:37:41","","","","0","1996-07-13","0","","","المحلة","2","5","2","1","0","2024-01-16","0000-00-00","9","","","2000.00","0100","","","");
INSERT INTO employees VALUES ("126","9","دروووش","مصطفي طارق","","2024-01-17 10:19:40","","","","0","1990-09-04","0","","منيا سمنود","","3","5","2","1","0","2024-01-16","0000-00-00","13","","","50000.00","0100","","","");
INSERT INTO employees VALUES ("127","10","alaa","علاء الاسماعيلية","","2024-01-17 10:21:55","","","","1","1980-06-22","0","","","","4","5","2","1","5","2024-01-16","0000-00-00","9","","","2000.00","0100","","","1");
INSERT INTO employees VALUES ("128","11","zyad","زياد فوزي","","2024-02-14 12:27:32","","","01212257854","1","2004-04-09","0","","المحلة","","2","2","4","1","5","2024-02-03","0000-00-00","8","","","2000.00","0100","","","1");
INSERT INTO employees VALUES ("129","1","hadi","عبدالهادي المنير","","2024-04-16 01:05:35","","abdelhadeeladawy@gmail.com","01005366038","1","1988-12-08","0","","سمنود ش الترعه","","1","2","1","1","4","2020-01-01","2030-12-31","8","","","5000.00","0100","","","");



DROP TABLE extras;

CREATE TABLE `extras` (
  `id` int(11) NOT NULL,
  `empid` int(1) NOT NULL,
  `info` varchar(100) DEFAULT NULL,
  `crtime` timestamp NOT NULL DEFAULT current_timestamp(),
  `mdtime` timestamp NOT NULL DEFAULT current_timestamp() ON UPDATE current_timestamp(),
  `val` double NOT NULL,
  `tybe` int(1) NOT NULL
) ENGINE=InnoDB DEFAULT CHARSET=utf8mb4;




DROP TABLE fat_details;

CREATE TABLE `fat_details` (
  `id` int(11) NOT NULL AUTO_INCREMENT,
  `pro_tybe` int(11) DEFAULT NULL,
  `det_store` int(11) DEFAULT 1,
  `pro_id` int(11) DEFAULT NULL,
  `item_id` int(11) DEFAULT 0,
  `qty_in` double DEFAULT 0,
  `qty_out` double DEFAULT 0,
  `price` double DEFAULT 0,
  `discount` double DEFAULT NULL,
  `plus` double DEFAULT NULL,
  `det_value` double DEFAULT 0,
  `fatid` int(11) DEFAULT NULL,
  `fat_tybe` int(11) NOT NULL,
  `crtime` timestamp NOT NULL DEFAULT current_timestamp(),
  PRIMARY KEY (`id`),
  KEY `item_id` (`item_id`),
  CONSTRAINT `fat_details_ibfk_1` FOREIGN KEY (`item_id`) REFERENCES `myitems` (`id`)
) ENGINE=InnoDB AUTO_INCREMENT=57 DEFAULT CHARSET=utf8mb4;

INSERT INTO fat_details VALUES ("40","4","27","80","482","20","0","1465","0","","0","80","4","2024-03-24 16:57:11");
INSERT INTO fat_details VALUES ("41","4","27","81","482","1","0","1465","0","","0","81","4","2024-03-24 16:58:34");
INSERT INTO fat_details VALUES ("42","4","27","82","484","25","0","2500","0","","0","82","4","2024-03-24 17:02:44");
INSERT INTO fat_details VALUES ("43","4","27","82","487","1","0","20","0","","0","82","4","2024-03-24 17:02:44");
INSERT INTO fat_details VALUES ("44","4","27","83","482","15","0","1465","0","","0","83","4","2024-03-24 17:08:35");
INSERT INTO fat_details VALUES ("45","4","27","84","487","10","0","2250","0","","0","84","4","2024-03-25 23:40:34");
INSERT INTO fat_details VALUES ("46","4","27","84","481","8","0","1000","0","","0","84","4","2024-03-25 23:40:34");
INSERT INTO fat_details VALUES ("47","4","27","85","487","5","0","2250","0","","0","85","4","2024-03-26 01:55:17");
INSERT INTO fat_details VALUES ("48","4","27","87","499","150","0","35","0","","0","87","4","2024-03-26 20:47:12");
INSERT INTO fat_details VALUES ("49","3","27","88","487","0","1","2250","0","","0","88","3","2024-03-27 14:49:03");
INSERT INTO fat_details VALUES ("50","3","27","88","484","0","1","2950","0","","0","88","3","2024-03-27 14:49:03");
INSERT INTO fat_details VALUES ("51","3","27","88","482","0","2","1600","0","","0","88","3","2024-03-27 14:49:03");
INSERT INTO fat_details VALUES ("52","3","27","89","487","0","1","2250","0","","0","89","3","2024-03-27 14:56:39");
INSERT INTO fat_details VALUES ("53","3","27","90","509","0","1","185","0","","0","90","3","2024-03-27 14:59:44");
INSERT INTO fat_details VALUES ("54","3","27","91","482","0","1","1600","0","","0","91","3","2024-03-27 15:00:05");
INSERT INTO fat_details VALUES ("55","3","27","99","487","0","3","2250","0","","0","99","3","2024-04-14 20:08:43");
INSERT INTO fat_details VALUES ("56","4","27","101","486","2","0","2400","0","","0","101","4","2024-04-14 20:09:57");



DROP TABLE fat_tybes;

CREATE TABLE `fat_tybes` (
  `id` int(11) NOT NULL AUTO_INCREMENT,
  `fname` varchar(200) NOT NULL,
  `info` varchar(200) DEFAULT NULL,
  `crttime` timestamp NOT NULL DEFAULT current_timestamp(),
  PRIMARY KEY (`id`)
) ENGINE=InnoDB AUTO_INCREMENT=13 DEFAULT CHARSET=utf8mb4;

INSERT INTO fat_tybes VALUES ("1","فاتورة مبيعات","","2024-01-29 20:39:27");
INSERT INTO fat_tybes VALUES ("2","فاتورة مشنريات","","2024-01-29 20:41:22");
INSERT INTO fat_tybes VALUES ("3","فاتورة مردود مبيعات","","2024-03-06 19:25:41");
INSERT INTO fat_tybes VALUES ("4","فاتورة مردود مشتريات","","2024-03-06 19:26:30");
INSERT INTO fat_tybes VALUES ("5","اذن تسليم بضاعه","","2024-03-06 19:26:30");
INSERT INTO fat_tybes VALUES ("6","اذن استلام بضاعه","","2024-03-06 19:26:57");
INSERT INTO fat_tybes VALUES ("7","اذن تسليم بضاعه","","2024-03-06 19:26:57");
INSERT INTO fat_tybes VALUES ("8","اذن حجز","","2024-03-06 19:29:32");
INSERT INTO fat_tybes VALUES ("9","امر بيع","","2024-03-06 19:29:32");
INSERT INTO fat_tybes VALUES ("10","امر شراء","","2024-03-06 19:29:32");
INSERT INTO fat_tybes VALUES ("11","فاتورة تصنيع حر","","2024-03-06 19:29:32");
INSERT INTO fat_tybes VALUES ("12","تصنيع نموذجي","","2024-03-06 19:29:32");



DROP TABLE fats;

CREATE TABLE `fats` (
  `id` int(11) NOT NULL AUTO_INCREMENT,
  `fat_id` int(11) NOT NULL,
  `zanka_id` int(11) NOT NULL,
  `crtime` timestamp NOT NULL DEFAULT current_timestamp(),
  PRIMARY KEY (`id`)
) ENGINE=InnoDB AUTO_INCREMENT=1012 DEFAULT CHARSET=utf8mb4;

INSERT INTO fats VALUES ("10","1","1","2023-02-21 17:57:52");
INSERT INTO fats VALUES ("11","1","2","2023-02-21 17:57:52");
INSERT INTO fats VALUES ("12","1","12","2023-02-25 10:33:59");
INSERT INTO fats VALUES ("13","1","13","2023-02-25 10:33:59");
INSERT INTO fats VALUES ("14","1","14","2023-02-25 10:33:59");
INSERT INTO fats VALUES ("15","1","15","2023-03-01 18:03:59");
INSERT INTO fats VALUES ("16","1","16","2023-03-01 18:03:59");
INSERT INTO fats VALUES ("17","1","17","2023-03-01 18:03:59");
INSERT INTO fats VALUES ("18","1","18","2023-03-01 18:03:59");
INSERT INTO fats VALUES ("19","1","19","2023-03-01 18:03:59");
INSERT INTO fats VALUES ("20","1","20","2023-03-01 18:03:59");
INSERT INTO fats VALUES ("21","1","21","2023-03-01 18:03:59");
INSERT INTO fats VALUES ("22","1","22","2023-03-01 18:03:59");
INSERT INTO fats VALUES ("23","1","23","2023-03-01 18:03:59");
INSERT INTO fats VALUES ("24","1","29","2023-03-08 14:24:02");
INSERT INTO fats VALUES ("25","1","30","2023-03-08 14:24:02");
INSERT INTO fats VALUES ("26","1","32","2023-03-18 16:10:32");
INSERT INTO fats VALUES ("27","1","33","2023-03-18 16:10:32");
INSERT INTO fats VALUES ("28","1","34","2023-03-18 16:10:32");
INSERT INTO fats VALUES ("29","1","35","2023-03-18 16:37:55");
INSERT INTO fats VALUES ("30","1","36","2023-03-18 16:37:55");
INSERT INTO fats VALUES ("31","1","37","2023-03-18 16:37:55");
INSERT INTO fats VALUES ("32","1","38","2023-03-18 16:37:55");
INSERT INTO fats VALUES ("33","1","39","2023-03-18 16:37:55");
INSERT INTO fats VALUES ("34","1","40","2023-03-18 16:37:55");
INSERT INTO fats VALUES ("35","1","41","2023-03-18 16:37:55");
INSERT INTO fats VALUES ("36","1","42","2023-03-18 16:37:55");
INSERT INTO fats VALUES ("37","1","43","2023-07-15 10:38:43");
INSERT INTO fats VALUES ("38","1","44","2023-07-15 10:38:43");
INSERT INTO fats VALUES ("39","1","45","2023-07-15 10:38:43");
INSERT INTO fats VALUES ("40","1","46","2023-07-15 10:38:43");
INSERT INTO fats VALUES ("41","1","47","2023-07-15 10:38:43");
INSERT INTO fats VALUES ("42","1","48","2023-07-15 10:42:15");
INSERT INTO fats VALUES ("43","1","49","2023-07-15 10:42:15");
INSERT INTO fats VALUES ("44","1","50","2023-07-15 10:42:15");
INSERT INTO fats VALUES ("45","1","51","2023-07-15 10:49:41");
INSERT INTO fats VALUES ("46","1","52","2023-07-15 16:07:27");
INSERT INTO fats VALUES ("47","1","53","2023-07-15 16:07:27");
INSERT INTO fats VALUES ("48","1","54","2023-07-15 16:07:27");
INSERT INTO fats VALUES ("49","1","55","2023-07-15 16:07:27");
INSERT INTO fats VALUES ("50","1","56","2023-07-15 16:09:15");
INSERT INTO fats VALUES ("51","1","57","2023-07-15 16:23:27");
INSERT INTO fats VALUES ("52","1","58","2023-07-15 16:23:27");
INSERT INTO fats VALUES ("53","1","59","2023-07-15 16:23:27");
INSERT INTO fats VALUES ("54","1","60","2023-07-15 16:23:27");
INSERT INTO fats VALUES ("55","1","61","2023-07-16 09:29:17");
INSERT INTO fats VALUES ("56","1","62","2023-07-16 09:29:17");
INSERT INTO fats VALUES ("57","1","63","2023-07-16 09:29:17");
INSERT INTO fats VALUES ("58","1","64","2023-07-16 09:29:17");
INSERT INTO fats VALUES ("59","1","65","2023-07-16 09:29:17");
INSERT INTO fats VALUES ("60","1","66","2023-07-16 09:29:17");
INSERT INTO fats VALUES ("61","1","67","2023-07-16 13:42:52");
INSERT INTO fats VALUES ("62","1","68","2023-07-16 13:42:52");
INSERT INTO fats VALUES ("63","1","69","2023-07-16 13:42:52");
INSERT INTO fats VALUES ("64","1","70","2023-07-16 13:42:52");
INSERT INTO fats VALUES ("65","1","72","2023-07-16 17:03:04");
INSERT INTO fats VALUES ("66","1","73","2023-07-16 17:03:04");
INSERT INTO fats VALUES ("67","1","74","2023-07-16 17:03:04");
INSERT INTO fats VALUES ("68","1","75","2023-07-16 17:03:04");
INSERT INTO fats VALUES ("69","1","76","2023-07-16 17:03:04");
INSERT INTO fats VALUES ("70","1","77","2023-07-16 17:03:04");
INSERT INTO fats VALUES ("71","1","78","2023-07-16 17:03:04");
INSERT INTO fats VALUES ("72","1","80","2023-07-16 17:03:04");
INSERT INTO fats VALUES ("73","1","82","2023-07-17 10:22:12");
INSERT INTO fats VALUES ("74","1","83","2023-07-17 14:29:50");
INSERT INTO fats VALUES ("75","1","84","2023-07-17 14:29:50");
INSERT INTO fats VALUES ("76","1","85","2023-07-17 14:29:50");
INSERT INTO fats VALUES ("77","1","86","2023-07-17 14:29:50");
INSERT INTO fats VALUES ("78","1","87","2023-07-17 14:29:50");
INSERT INTO fats VALUES ("79","1","88","2023-07-17 14:29:50");
INSERT INTO fats VALUES ("80","1","89","2023-07-17 17:05:03");
INSERT INTO fats VALUES ("81","1","90","2023-07-17 17:05:03");
INSERT INTO fats VALUES ("82","1","91","2023-07-17 17:05:03");
INSERT INTO fats VALUES ("83","1","92","2023-07-17 17:05:03");
INSERT INTO fats VALUES ("84","1","93","2023-07-17 17:53:25");
INSERT INTO fats VALUES ("85","1","94","2023-07-17 17:53:25");
INSERT INTO fats VALUES ("86","1","96","2023-07-18 13:46:27");
INSERT INTO fats VALUES ("87","1","97","2023-07-18 13:46:27");
INSERT INTO fats VALUES ("88","1","98","2023-07-18 13:46:27");
INSERT INTO fats VALUES ("89","1","99","2023-07-18 13:46:27");
INSERT INTO fats VALUES ("90","1","100","2023-07-19 11:32:03");
INSERT INTO fats VALUES ("91","1","101","2023-07-19 11:32:03");
INSERT INTO fats VALUES ("92","1","102","2023-07-19 11:32:03");
INSERT INTO fats VALUES ("93","1","103","2023-07-19 11:32:03");
INSERT INTO fats VALUES ("94","1","104","2023-07-19 11:32:03");
INSERT INTO fats VALUES ("95","1","105","2023-07-19 11:32:03");
INSERT INTO fats VALUES ("96","1","106","2023-07-19 11:32:03");
INSERT INTO fats VALUES ("97","1","107","2023-07-19 11:53:46");
INSERT INTO fats VALUES ("98","1","108","2023-07-19 11:53:46");
INSERT INTO fats VALUES ("99","1","109","2023-07-20 09:36:33");
INSERT INTO fats VALUES ("100","1","110","2023-07-20 09:36:33");
INSERT INTO fats VALUES ("101","1","111","2023-07-20 09:36:33");
INSERT INTO fats VALUES ("102","1","112","2023-07-20 09:36:33");
INSERT INTO fats VALUES ("103","1","113","2023-07-20 09:36:33");
INSERT INTO fats VALUES ("104","1","114","2023-07-20 09:36:33");
INSERT INTO fats VALUES ("105","1","115","2023-07-20 09:36:33");
INSERT INTO fats VALUES ("106","1","116","2023-07-20 09:41:36");
INSERT INTO fats VALUES ("107","1","117","2023-07-22 14:34:46");
INSERT INTO fats VALUES ("108","1","118","2023-07-22 14:34:46");
INSERT INTO fats VALUES ("109","1","119","2023-07-22 14:34:46");
INSERT INTO fats VALUES ("110","1","120","2023-07-22 14:34:46");
INSERT INTO fats VALUES ("111","1","121","2023-07-22 14:34:46");
INSERT INTO fats VALUES ("112","1","122","2023-07-22 14:34:46");
INSERT INTO fats VALUES ("113","1","123","2023-07-22 14:34:46");
INSERT INTO fats VALUES ("114","1","124","2023-07-22 15:20:54");
INSERT INTO fats VALUES ("115","1","125","2023-07-22 15:20:54");
INSERT INTO fats VALUES ("116","1","126","2023-07-22 15:20:54");
INSERT INTO fats VALUES ("117","1","127","2023-07-22 15:20:54");
INSERT INTO fats VALUES ("118","1","128","2023-07-22 15:20:54");
INSERT INTO fats VALUES ("119","1","129","2023-07-22 15:20:54");
INSERT INTO fats VALUES ("120","1","130","2023-07-22 17:54:05");
INSERT INTO fats VALUES ("121","1","131","2023-07-23 09:31:40");
INSERT INTO fats VALUES ("122","1","132","2023-07-23 09:31:40");
INSERT INTO fats VALUES ("123","1","133","2023-07-23 14:33:43");
INSERT INTO fats VALUES ("124","1","134","2023-07-23 14:33:43");
INSERT INTO fats VALUES ("125","1","135","2023-07-23 14:33:43");
INSERT INTO fats VALUES ("126","1","136","2023-07-23 16:44:43");
INSERT INTO fats VALUES ("127","1","137","2023-07-23 16:44:43");
INSERT INTO fats VALUES ("128","1","138","2023-07-23 16:44:43");
INSERT INTO fats VALUES ("129","1","139","2023-07-23 17:30:59");
INSERT INTO fats VALUES ("130","1","141","2023-07-23 17:30:59");
INSERT INTO fats VALUES ("131","1","142","2023-07-24 09:54:48");
INSERT INTO fats VALUES ("132","1","143","2023-07-24 14:34:25");
INSERT INTO fats VALUES ("133","1","144","2023-07-24 14:34:25");
INSERT INTO fats VALUES ("134","1","145","2023-07-24 14:34:25");
INSERT INTO fats VALUES ("135","1","146","2023-07-24 14:35:04");
INSERT INTO fats VALUES ("136","1","147","2023-07-24 16:55:24");
INSERT INTO fats VALUES ("137","1","148","2023-07-24 16:56:23");
INSERT INTO fats VALUES ("138","1","149","2023-07-24 17:41:07");
INSERT INTO fats VALUES ("139","1","150","2023-07-24 17:44:18");
INSERT INTO fats VALUES ("140","1","151","2023-07-24 17:51:21");
INSERT INTO fats VALUES ("141","1","152","2023-07-24 17:51:21");
INSERT INTO fats VALUES ("142","1","153","2023-07-24 17:51:21");
INSERT INTO fats VALUES ("143","1","154","2023-07-25 09:13:14");
INSERT INTO fats VALUES ("144","1","155","2023-07-25 09:13:14");
INSERT INTO fats VALUES ("145","1","156","2023-07-25 09:13:14");
INSERT INTO fats VALUES ("146","1","157","2023-07-25 17:05:09");
INSERT INTO fats VALUES ("147","1","158","2023-07-25 17:05:09");
INSERT INTO fats VALUES ("148","1","159","2023-07-25 17:05:09");
INSERT INTO fats VALUES ("149","1","161","2023-07-25 17:05:09");
INSERT INTO fats VALUES ("150","1","162","2023-07-25 17:05:09");
INSERT INTO fats VALUES ("151","1","163","2023-07-25 17:05:09");
INSERT INTO fats VALUES ("152","1","164","2023-07-26 09:37:40");
INSERT INTO fats VALUES ("153","1","165","2023-07-26 10:34:15");
INSERT INTO fats VALUES ("154","1","166","2023-07-26 10:34:15");
INSERT INTO fats VALUES ("155","1","167","2023-07-26 10:34:15");
INSERT INTO fats VALUES ("156","1","168","2023-07-26 10:34:15");
INSERT INTO fats VALUES ("157","1","169","2023-07-26 10:34:15");
INSERT INTO fats VALUES ("158","1","170","2023-07-26 10:34:15");
INSERT INTO fats VALUES ("159","1","171","2023-07-26 10:34:15");
INSERT INTO fats VALUES ("160","1","172","2023-07-26 10:34:15");
INSERT INTO fats VALUES ("161","1","173","2023-07-26 10:34:15");
INSERT INTO fats VALUES ("162","1","174","2023-07-26 10:34:15");
INSERT INTO fats VALUES ("163","1","175","2023-07-26 10:43:07");
INSERT INTO fats VALUES ("164","1","176","2023-07-26 10:43:07");
INSERT INTO fats VALUES ("165","1","177","2023-07-26 10:43:07");
INSERT INTO fats VALUES ("166","1","178","2023-07-26 10:43:07");
INSERT INTO fats VALUES ("167","1","179","2023-07-26 10:43:07");
INSERT INTO fats VALUES ("168","1","180","2023-07-26 10:43:07");
INSERT INTO fats VALUES ("169","1","181","2023-07-26 10:43:07");
INSERT INTO fats VALUES ("170","1","182","2023-07-26 10:43:07");
INSERT INTO fats VALUES ("171","1","183","2023-07-26 10:47:40");
INSERT INTO fats VALUES ("172","1","184","2023-07-26 10:47:40");
INSERT INTO fats VALUES ("173","1","185","2023-07-26 10:47:40");
INSERT INTO fats VALUES ("174","1","186","2023-07-26 10:47:40");
INSERT INTO fats VALUES ("175","1","187","2023-07-26 10:47:40");
INSERT INTO fats VALUES ("176","1","188","2023-07-26 10:50:27");
INSERT INTO fats VALUES ("177","1","189","2023-07-26 10:50:27");
INSERT INTO fats VALUES ("178","1","190","2023-07-26 10:50:27");
INSERT INTO fats VALUES ("179","1","191","2023-07-26 10:50:27");
INSERT INTO fats VALUES ("180","1","192","2023-07-26 10:52:08");
INSERT INTO fats VALUES ("181","1","193","2023-07-26 10:52:08");
INSERT INTO fats VALUES ("182","1","194","2023-07-26 10:53:49");
INSERT INTO fats VALUES ("183","1","195","2023-07-26 10:55:38");
INSERT INTO fats VALUES ("184","1","196","2023-07-26 10:55:38");
INSERT INTO fats VALUES ("185","1","197","2023-07-26 10:55:38");
INSERT INTO fats VALUES ("186","1","198","2023-07-26 10:59:59");
INSERT INTO fats VALUES ("187","1","199","2023-07-26 10:59:59");
INSERT INTO fats VALUES ("188","1","200","2023-07-26 10:59:59");
INSERT INTO fats VALUES ("189","1","201","2023-07-26 10:59:59");
INSERT INTO fats VALUES ("190","1","202","2023-07-26 10:59:59");
INSERT INTO fats VALUES ("191","1","203","2023-07-26 11:00:42");
INSERT INTO fats VALUES ("192","1","206","2023-07-26 11:10:01");
INSERT INTO fats VALUES ("193","1","207","2023-07-26 11:10:01");
INSERT INTO fats VALUES ("194","1","208","2023-07-26 11:10:01");
INSERT INTO fats VALUES ("195","1","209","2023-07-26 11:10:01");
INSERT INTO fats VALUES ("196","1","210","2023-07-26 11:14:50");
INSERT INTO fats VALUES ("197","1","211","2023-07-26 11:14:50");
INSERT INTO fats VALUES ("198","1","212","2023-07-26 11:14:50");
INSERT INTO fats VALUES ("199","1","213","2023-07-26 11:14:50");
INSERT INTO fats VALUES ("200","1","214","2023-07-26 11:14:50");
INSERT INTO fats VALUES ("201","1","215","2023-07-26 11:18:25");
INSERT INTO fats VALUES ("202","1","216","2023-07-26 11:26:09");
INSERT INTO fats VALUES ("203","1","217","2023-07-26 11:26:09");
INSERT INTO fats VALUES ("204","1","219","2023-07-26 11:33:31");
INSERT INTO fats VALUES ("205","1","220","2023-07-26 11:33:31");
INSERT INTO fats VALUES ("206","1","221","2023-07-26 11:33:31");
INSERT INTO fats VALUES ("207","1","222","2023-07-26 11:33:31");
INSERT INTO fats VALUES ("208","1","223","2023-07-26 11:33:31");
INSERT INTO fats VALUES ("209","1","224","2023-07-26 11:33:31");
INSERT INTO fats VALUES ("210","1","225","2023-07-26 11:35:47");
INSERT INTO fats VALUES ("211","1","226","2023-07-26 11:35:47");
INSERT INTO fats VALUES ("212","1","227","2023-07-26 11:35:47");
INSERT INTO fats VALUES ("213","1","228","2023-07-26 11:35:47");
INSERT INTO fats VALUES ("214","1","229","2023-07-26 11:53:50");
INSERT INTO fats VALUES ("215","1","230","2023-07-26 11:55:54");
INSERT INTO fats VALUES ("216","1","231","2023-07-26 16:31:14");
INSERT INTO fats VALUES ("217","1","232","2023-07-26 16:31:14");
INSERT INTO fats VALUES ("218","1","233","2023-07-26 16:31:14");
INSERT INTO fats VALUES ("219","1","234","2023-07-26 16:31:14");
INSERT INTO fats VALUES ("220","1","235","2023-07-26 16:31:14");
INSERT INTO fats VALUES ("221","1","236","2023-07-26 16:31:14");
INSERT INTO fats VALUES ("222","1","237","2023-07-26 16:31:14");
INSERT INTO fats VALUES ("223","1","239","2023-07-26 16:44:35");
INSERT INTO fats VALUES ("224","1","241","2023-07-26 16:44:35");
INSERT INTO fats VALUES ("225","1","242","2023-07-26 16:44:35");
INSERT INTO fats VALUES ("226","1","243","2023-07-26 16:44:35");
INSERT INTO fats VALUES ("227","1","244","2023-07-26 16:44:35");
INSERT INTO fats VALUES ("228","1","245","2023-07-26 17:09:26");
INSERT INTO fats VALUES ("229","1","246","2023-07-26 17:09:26");
INSERT INTO fats VALUES ("230","1","247","2023-07-26 17:09:26");
INSERT INTO fats VALUES ("231","1","248","2023-07-26 17:14:25");
INSERT INTO fats VALUES ("232","1","249","2023-07-26 17:51:39");
INSERT INTO fats VALUES ("233","1","250","2023-07-26 17:51:40");
INSERT INTO fats VALUES ("234","1","251","2023-07-27 10:28:57");
INSERT INTO fats VALUES ("235","1","252","2023-07-27 10:32:12");
INSERT INTO fats VALUES ("236","1","253","2023-07-27 10:33:38");
INSERT INTO fats VALUES ("237","1","254","2023-07-27 13:36:55");
INSERT INTO fats VALUES ("238","1","255","2023-07-27 13:36:55");
INSERT INTO fats VALUES ("239","1","256","2023-07-27 14:52:22");
INSERT INTO fats VALUES ("240","1","257","2023-07-27 14:52:22");
INSERT INTO fats VALUES ("241","1","258","2023-07-29 09:18:11");
INSERT INTO fats VALUES ("242","1","259","2023-07-29 09:18:11");
INSERT INTO fats VALUES ("243","1","260","2023-07-29 16:48:50");
INSERT INTO fats VALUES ("244","1","261","2023-07-29 16:48:50");
INSERT INTO fats VALUES ("245","1","262","2023-07-29 17:41:22");
INSERT INTO fats VALUES ("246","1","263","2023-07-29 17:41:22");
INSERT INTO fats VALUES ("247","1","264","2023-07-29 17:41:22");
INSERT INTO fats VALUES ("248","1","265","2023-07-30 09:37:20");
INSERT INTO fats VALUES ("249","1","268","2023-07-30 09:47:55");
INSERT INTO fats VALUES ("250","1","269","2023-07-30 09:48:48");
INSERT INTO fats VALUES ("251","1","270","2023-07-30 17:54:51");
INSERT INTO fats VALUES ("252","1","272","2023-07-30 17:54:51");
INSERT INTO fats VALUES ("253","1","273","2023-07-30 17:54:51");
INSERT INTO fats VALUES ("254","1","274","2023-07-30 17:54:51");
INSERT INTO fats VALUES ("255","1","275","2023-07-30 17:54:51");
INSERT INTO fats VALUES ("256","1","276","2023-07-30 17:54:51");
INSERT INTO fats VALUES ("257","1","277","2023-07-30 17:55:48");
INSERT INTO fats VALUES ("258","1","278","2023-07-30 18:02:27");
INSERT INTO fats VALUES ("259","1","279","2023-07-30 18:02:27");
INSERT INTO fats VALUES ("260","1","280","2023-07-30 18:02:27");
INSERT INTO fats VALUES ("261","1","281","2023-07-30 18:02:27");
INSERT INTO fats VALUES ("262","1","282","2023-07-30 18:02:27");
INSERT INTO fats VALUES ("263","1","283","2023-07-31 14:13:30");
INSERT INTO fats VALUES ("264","1","284","2023-07-31 14:13:30");
INSERT INTO fats VALUES ("265","1","285","2023-07-31 15:22:39");
INSERT INTO fats VALUES ("266","1","287","2023-08-01 09:29:31");
INSERT INTO fats VALUES ("267","1","288","2023-08-01 09:29:31");
INSERT INTO fats VALUES ("268","1","289","2023-08-01 09:29:31");
INSERT INTO fats VALUES ("269","1","290","2023-08-01 09:29:31");
INSERT INTO fats VALUES ("270","1","291","2023-08-01 09:29:31");
INSERT INTO fats VALUES ("271","1","292","2023-08-01 09:29:31");
INSERT INTO fats VALUES ("272","1","293","2023-08-01 09:29:31");
INSERT INTO fats VALUES ("273","1","294","2023-08-01 09:31:23");
INSERT INTO fats VALUES ("274","1","295","2023-08-01 09:31:23");
INSERT INTO fats VALUES ("275","1","296","2023-08-01 09:35:05");
INSERT INTO fats VALUES ("276","1","297","2023-08-01 12:58:43");
INSERT INTO fats VALUES ("277","1","298","2023-08-02 09:35:32");
INSERT INTO fats VALUES ("278","1","299","2023-08-02 09:35:32");
INSERT INTO fats VALUES ("279","1","300","2023-08-02 09:35:32");
INSERT INTO fats VALUES ("280","1","301","2023-08-02 09:35:32");
INSERT INTO fats VALUES ("281","1","302","2023-08-03 09:31:27");
INSERT INTO fats VALUES ("282","1","303","2023-08-03 09:31:27");
INSERT INTO fats VALUES ("283","1","304","2023-08-03 09:31:27");
INSERT INTO fats VALUES ("284","1","305","2023-08-03 09:31:27");
INSERT INTO fats VALUES ("285","1","306","2023-08-03 16:56:48");
INSERT INTO fats VALUES ("286","1","307","2023-08-03 16:56:48");
INSERT INTO fats VALUES ("287","1","308","2023-08-03 16:56:48");
INSERT INTO fats VALUES ("288","1","309","2023-08-03 16:56:48");
INSERT INTO fats VALUES ("289","1","311","2023-08-03 18:17:25");
INSERT INTO fats VALUES ("290","1","312","2023-08-03 18:17:25");
INSERT INTO fats VALUES ("291","1","313","2023-08-03 18:17:25");
INSERT INTO fats VALUES ("292","1","314","2023-08-05 09:22:30");
INSERT INTO fats VALUES ("293","1","315","2023-08-05 09:22:30");
INSERT INTO fats VALUES ("294","1","316","2023-08-05 09:24:47");
INSERT INTO fats VALUES ("295","1","317","2023-08-05 16:00:22");
INSERT INTO fats VALUES ("296","1","318","2023-08-05 16:00:22");
INSERT INTO fats VALUES ("297","1","319","2023-08-05 16:00:22");
INSERT INTO fats VALUES ("298","1","320","2023-08-05 16:00:22");
INSERT INTO fats VALUES ("299","1","321","2023-08-05 16:00:22");
INSERT INTO fats VALUES ("300","1","322","2023-08-05 16:00:22");
INSERT INTO fats VALUES ("301","1","323","2023-08-05 16:00:22");
INSERT INTO fats VALUES ("302","1","324","2023-08-05 16:00:22");
INSERT INTO fats VALUES ("303","1","325","2023-08-05 16:00:22");
INSERT INTO fats VALUES ("304","1","326","2023-08-05 16:00:22");
INSERT INTO fats VALUES ("305","1","327","2023-08-05 16:00:22");
INSERT INTO fats VALUES ("306","1","328","2023-08-05 16:00:22");
INSERT INTO fats VALUES ("307","1","330","2023-08-06 16:21:42");
INSERT INTO fats VALUES ("308","1","331","2023-08-06 16:21:42");
INSERT INTO fats VALUES ("309","1","332","2023-08-06 16:21:42");
INSERT INTO fats VALUES ("310","1","333","2023-08-07 14:36:43");
INSERT INTO fats VALUES ("311","1","334","2023-08-07 14:36:43");
INSERT INTO fats VALUES ("312","1","335","2023-08-07 14:36:43");
INSERT INTO fats VALUES ("313","1","336","2023-08-07 14:36:43");
INSERT INTO fats VALUES ("314","1","337","2023-08-07 14:36:43");
INSERT INTO fats VALUES ("315","1","338","2023-08-07 14:36:43");
INSERT INTO fats VALUES ("316","1","339","2023-08-07 14:36:43");
INSERT INTO fats VALUES ("317","1","340","2023-08-07 14:36:43");
INSERT INTO fats VALUES ("318","1","341","2023-08-07 14:36:43");
INSERT INTO fats VALUES ("319","1","342","2023-08-07 14:36:43");
INSERT INTO fats VALUES ("320","1","343","2023-08-07 14:36:43");
INSERT INTO fats VALUES ("321","1","344","2023-08-07 14:36:43");
INSERT INTO fats VALUES ("322","1","345","2023-08-07 14:36:43");
INSERT INTO fats VALUES ("323","1","346","2023-08-07 14:36:43");
INSERT INTO fats VALUES ("324","1","348","2023-08-07 14:53:06");
INSERT INTO fats VALUES ("325","1","349","2023-08-07 14:53:06");
INSERT INTO fats VALUES ("326","1","350","2023-08-07 14:53:06");
INSERT INTO fats VALUES ("327","1","351","2023-08-07 14:53:06");
INSERT INTO fats VALUES ("328","1","352","2023-08-07 14:53:06");
INSERT INTO fats VALUES ("329","1","353","2023-08-07 15:29:03");
INSERT INTO fats VALUES ("330","1","354","2023-08-07 15:29:03");
INSERT INTO fats VALUES ("331","1","355","2023-08-07 15:29:03");
INSERT INTO fats VALUES ("332","1","356","2023-08-07 17:03:35");
INSERT INTO fats VALUES ("333","1","357","2023-08-07 17:54:25");
INSERT INTO fats VALUES ("334","1","360","2023-08-08 14:03:26");
INSERT INTO fats VALUES ("335","1","361","2023-08-08 14:03:26");
INSERT INTO fats VALUES ("336","1","362","2023-08-08 14:03:26");
INSERT INTO fats VALUES ("337","1","363","2023-08-08 16:22:07");
INSERT INTO fats VALUES ("338","1","364","2023-08-08 16:22:07");
INSERT INTO fats VALUES ("339","1","365","2023-08-09 09:44:20");
INSERT INTO fats VALUES ("340","1","366","2023-08-09 09:44:20");
INSERT INTO fats VALUES ("341","1","367","2023-08-09 09:44:20");
INSERT INTO fats VALUES ("342","1","368","2023-08-09 09:44:20");
INSERT INTO fats VALUES ("343","1","369","2023-08-09 09:44:20");
INSERT INTO fats VALUES ("344","1","370","2023-08-09 09:44:20");
INSERT INTO fats VALUES ("345","1","371","2023-08-09 14:57:14");
INSERT INTO fats VALUES ("346","1","372","2023-08-09 14:57:14");
INSERT INTO fats VALUES ("347","1","373","2023-08-09 14:57:14");
INSERT INTO fats VALUES ("348","1","374","2023-08-09 15:00:18");
INSERT INTO fats VALUES ("349","1","375","2023-08-09 17:42:03");
INSERT INTO fats VALUES ("350","1","376","2023-08-10 09:33:30");
INSERT INTO fats VALUES ("351","1","377","2023-08-10 09:33:30");
INSERT INTO fats VALUES ("352","1","378","2023-08-10 14:44:02");
INSERT INTO fats VALUES ("353","1","379","2023-08-10 14:44:02");
INSERT INTO fats VALUES ("354","1","380","2023-08-10 16:35:07");
INSERT INTO fats VALUES ("355","1","381","2023-08-10 17:06:38");
INSERT INTO fats VALUES ("356","1","382","2023-08-12 09:26:32");
INSERT INTO fats VALUES ("357","1","383","2023-08-12 09:26:32");
INSERT INTO fats VALUES ("358","1","384","2023-08-12 12:37:45");
INSERT INTO fats VALUES ("359","1","385","2023-08-12 16:53:38");
INSERT INTO fats VALUES ("360","1","386","2023-08-12 16:53:38");
INSERT INTO fats VALUES ("361","1","387","2023-08-12 16:53:38");
INSERT INTO fats VALUES ("362","1","388","2023-08-12 16:53:38");
INSERT INTO fats VALUES ("363","1","389","2023-08-12 18:00:21");
INSERT INTO fats VALUES ("364","1","390","2023-08-12 18:00:21");
INSERT INTO fats VALUES ("365","1","391","2023-08-13 09:40:22");
INSERT INTO fats VALUES ("366","1","392","2023-08-13 09:40:22");
INSERT INTO fats VALUES ("367","1","393","2023-08-13 09:40:22");
INSERT INTO fats VALUES ("368","1","394","2023-08-13 14:50:16");
INSERT INTO fats VALUES ("369","1","395","2023-08-13 14:50:16");
INSERT INTO fats VALUES ("370","1","396","2023-08-13 15:26:08");
INSERT INTO fats VALUES ("371","1","397","2023-08-13 15:26:08");
INSERT INTO fats VALUES ("372","1","398","2023-08-13 15:34:54");
INSERT INTO fats VALUES ("373","1","399","2023-08-13 16:58:46");
INSERT INTO fats VALUES ("374","1","400","2023-08-14 09:47:59");
INSERT INTO fats VALUES ("375","1","401","2023-08-14 09:47:59");
INSERT INTO fats VALUES ("376","1","402","2023-08-14 09:47:59");
INSERT INTO fats VALUES ("377","1","403","2023-08-14 09:47:59");
INSERT INTO fats VALUES ("378","1","404","2023-08-14 09:47:59");
INSERT INTO fats VALUES ("379","1","405","2023-08-14 09:47:59");
INSERT INTO fats VALUES ("380","1","406","2023-08-14 09:47:59");
INSERT INTO fats VALUES ("381","1","407","2023-08-14 14:42:12");
INSERT INTO fats VALUES ("382","1","408","2023-08-14 14:42:12");
INSERT INTO fats VALUES ("383","1","409","2023-08-14 14:42:12");
INSERT INTO fats VALUES ("384","1","410","2023-08-14 14:42:12");
INSERT INTO fats VALUES ("385","1","411","2023-08-14 14:45:16");
INSERT INTO fats VALUES ("386","1","412","2023-08-14 17:04:19");
INSERT INTO fats VALUES ("387","1","413","2023-08-14 17:04:19");
INSERT INTO fats VALUES ("388","1","414","2023-08-14 17:04:19");
INSERT INTO fats VALUES ("389","1","415","2023-08-14 17:04:19");
INSERT INTO fats VALUES ("390","1","416","2023-08-14 17:04:19");
INSERT INTO fats VALUES ("391","1","417","2023-08-15 09:25:58");
INSERT INTO fats VALUES ("392","1","418","2023-08-15 17:06:31");
INSERT INTO fats VALUES ("393","1","419","2023-08-15 17:06:31");
INSERT INTO fats VALUES ("394","1","420","2023-08-16 09:30:29");
INSERT INTO fats VALUES ("395","1","421","2023-08-16 09:37:37");
INSERT INTO fats VALUES ("396","1","422","2023-08-16 09:52:28");
INSERT INTO fats VALUES ("397","1","423","2023-08-16 09:52:28");
INSERT INTO fats VALUES ("398","1","424","2023-08-16 12:23:22");
INSERT INTO fats VALUES ("399","1","425","2023-08-16 12:23:22");
INSERT INTO fats VALUES ("400","1","426","2023-08-16 12:35:23");
INSERT INTO fats VALUES ("401","1","427","2023-08-16 13:26:50");
INSERT INTO fats VALUES ("402","1","428","2023-08-16 18:21:26");
INSERT INTO fats VALUES ("403","1","429","2023-08-16 18:21:26");
INSERT INTO fats VALUES ("404","1","430","2023-08-17 09:44:06");
INSERT INTO fats VALUES ("405","1","431","2023-08-17 09:44:06");
INSERT INTO fats VALUES ("406","1","432","2023-08-17 09:44:06");
INSERT INTO fats VALUES ("407","1","433","2023-08-17 09:44:06");
INSERT INTO fats VALUES ("408","1","434","2023-08-17 11:34:45");
INSERT INTO fats VALUES ("409","1","435","2023-08-17 11:44:56");
INSERT INTO fats VALUES ("410","1","436","2023-08-17 11:56:18");
INSERT INTO fats VALUES ("411","1","437","2023-08-17 12:09:51");
INSERT INTO fats VALUES ("412","1","438","2023-08-17 13:52:31");
INSERT INTO fats VALUES ("413","1","439","2023-08-17 13:52:31");
INSERT INTO fats VALUES ("414","1","440","2023-08-17 13:52:31");
INSERT INTO fats VALUES ("415","1","441","2023-08-17 13:52:31");
INSERT INTO fats VALUES ("416","1","442","2023-08-17 13:56:04");
INSERT INTO fats VALUES ("417","1","443","2023-08-17 17:51:06");
INSERT INTO fats VALUES ("418","1","444","2023-08-17 17:51:06");
INSERT INTO fats VALUES ("419","1","445","2023-08-17 17:51:06");
INSERT INTO fats VALUES ("420","1","446","2023-08-17 17:51:06");
INSERT INTO fats VALUES ("421","1","447","2023-08-17 17:51:06");
INSERT INTO fats VALUES ("422","1","448","2023-08-17 17:51:06");
INSERT INTO fats VALUES ("423","1","449","2023-08-17 18:01:08");
INSERT INTO fats VALUES ("424","1","450","2023-08-19 09:47:20");
INSERT INTO fats VALUES ("425","1","451","2023-08-19 09:47:20");
INSERT INTO fats VALUES ("426","1","452","2023-08-19 09:47:20");
INSERT INTO fats VALUES ("427","1","453","2023-08-19 13:16:30");
INSERT INTO fats VALUES ("428","1","454","2023-08-19 13:16:30");
INSERT INTO fats VALUES ("429","1","455","2023-08-19 14:56:04");
INSERT INTO fats VALUES ("430","1","456","2023-08-19 15:27:43");
INSERT INTO fats VALUES ("431","1","457","2023-08-19 15:27:43");
INSERT INTO fats VALUES ("432","1","458","2023-08-20 09:24:04");
INSERT INTO fats VALUES ("433","1","460","2023-08-20 09:24:04");
INSERT INTO fats VALUES ("434","1","461","2023-08-20 09:24:04");
INSERT INTO fats VALUES ("435","1","462","2023-08-20 17:15:55");
INSERT INTO fats VALUES ("436","1","463","2023-08-20 17:15:55");
INSERT INTO fats VALUES ("437","1","464","2023-08-20 17:15:55");
INSERT INTO fats VALUES ("438","1","465","2023-08-20 17:15:55");
INSERT INTO fats VALUES ("439","1","466","2023-08-21 09:42:13");
INSERT INTO fats VALUES ("440","1","467","2023-08-21 09:42:13");
INSERT INTO fats VALUES ("441","1","468","2023-08-21 09:42:13");
INSERT INTO fats VALUES ("442","1","469","2023-08-21 09:42:13");
INSERT INTO fats VALUES ("443","1","470","2023-08-21 09:42:13");
INSERT INTO fats VALUES ("444","1","471","2023-08-21 09:42:13");
INSERT INTO fats VALUES ("445","1","472","2023-08-22 09:35:37");
INSERT INTO fats VALUES ("446","1","473","2023-08-22 09:35:37");
INSERT INTO fats VALUES ("447","1","474","2023-08-22 09:35:37");
INSERT INTO fats VALUES ("448","1","475","2023-08-22 09:35:37");
INSERT INTO fats VALUES ("449","1","476","2023-08-22 09:35:37");
INSERT INTO fats VALUES ("450","1","477","2023-08-22 09:35:37");
INSERT INTO fats VALUES ("451","1","478","2023-08-22 12:27:01");
INSERT INTO fats VALUES ("452","1","479","2023-08-22 12:27:01");
INSERT INTO fats VALUES ("453","1","480","2023-08-22 13:16:31");
INSERT INTO fats VALUES ("454","1","481","2023-08-22 13:16:31");
INSERT INTO fats VALUES ("455","1","482","2023-08-22 14:51:32");
INSERT INTO fats VALUES ("456","1","483","2023-08-22 14:51:32");
INSERT INTO fats VALUES ("457","1","484","2023-08-22 16:00:02");
INSERT INTO fats VALUES ("458","1","485","2023-08-22 16:00:02");
INSERT INTO fats VALUES ("459","1","486","2023-08-22 16:06:19");
INSERT INTO fats VALUES ("460","1","487","2023-08-22 16:06:19");
INSERT INTO fats VALUES ("461","1","488","2023-08-22 16:32:45");
INSERT INTO fats VALUES ("462","1","489","2023-08-22 16:32:45");
INSERT INTO fats VALUES ("463","1","490","2023-08-23 09:35:15");
INSERT INTO fats VALUES ("464","1","491","2023-08-23 09:35:15");
INSERT INTO fats VALUES ("465","1","492","2023-08-23 11:03:46");
INSERT INTO fats VALUES ("466","1","493","2023-08-23 13:14:32");
INSERT INTO fats VALUES ("467","1","494","2023-08-23 13:23:05");
INSERT INTO fats VALUES ("468","1","495","2023-08-23 13:23:05");
INSERT INTO fats VALUES ("469","1","496","2023-08-23 13:23:05");
INSERT INTO fats VALUES ("470","1","497","2023-08-23 13:23:05");
INSERT INTO fats VALUES ("471","1","498","2023-08-23 13:41:32");
INSERT INTO fats VALUES ("472","1","499","2023-08-23 13:41:32");
INSERT INTO fats VALUES ("473","1","500","2023-08-23 14:41:53");
INSERT INTO fats VALUES ("474","1","501","2023-08-23 14:41:53");
INSERT INTO fats VALUES ("475","1","502","2023-08-23 17:26:46");
INSERT INTO fats VALUES ("476","1","503","2023-08-23 17:26:46");
INSERT INTO fats VALUES ("477","1","504","2023-08-24 09:40:39");
INSERT INTO fats VALUES ("478","1","505","2023-08-24 09:40:39");
INSERT INTO fats VALUES ("479","1","506","2023-08-24 12:37:03");
INSERT INTO fats VALUES ("480","1","507","2023-08-24 12:38:33");
INSERT INTO fats VALUES ("481","1","508","2023-08-24 14:35:09");
INSERT INTO fats VALUES ("482","1","509","2023-08-24 14:35:09");
INSERT INTO fats VALUES ("483","1","510","2023-08-24 14:39:12");
INSERT INTO fats VALUES ("484","1","511","2023-08-24 14:39:12");
INSERT INTO fats VALUES ("485","1","512","2023-08-24 14:39:12");
INSERT INTO fats VALUES ("486","1","513","2023-08-24 14:39:12");
INSERT INTO fats VALUES ("487","1","514","2023-08-24 14:39:12");
INSERT INTO fats VALUES ("488","1","515","2023-08-24 16:51:24");
INSERT INTO fats VALUES ("489","1","516","2023-08-24 18:07:52");
INSERT INTO fats VALUES ("490","1","517","2023-08-24 18:07:52");
INSERT INTO fats VALUES ("491","1","518","2023-08-24 18:07:52");
INSERT INTO fats VALUES ("492","1","519","2023-08-24 18:07:52");
INSERT INTO fats VALUES ("493","1","520","2023-08-26 09:32:08");
INSERT INTO fats VALUES ("494","1","521","2023-08-26 09:32:08");
INSERT INTO fats VALUES ("495","1","522","2023-08-26 09:32:08");
INSERT INTO fats VALUES ("496","1","523","2023-08-26 13:41:23");
INSERT INTO fats VALUES ("497","1","524","2023-08-26 13:41:23");
INSERT INTO fats VALUES ("498","1","525","2023-08-26 13:41:23");
INSERT INTO fats VALUES ("499","1","526","2023-08-26 13:41:23");
INSERT INTO fats VALUES ("500","1","527","2023-08-26 13:41:23");
INSERT INTO fats VALUES ("501","1","528","2023-08-26 13:41:23");
INSERT INTO fats VALUES ("502","1","529","2023-08-26 17:17:11");
INSERT INTO fats VALUES ("503","1","530","2023-08-26 17:17:11");
INSERT INTO fats VALUES ("504","1","531","2023-08-26 18:01:06");
INSERT INTO fats VALUES ("505","1","532","2023-08-26 18:01:06");
INSERT INTO fats VALUES ("506","1","533","2023-08-26 18:01:06");
INSERT INTO fats VALUES ("507","1","534","2023-08-26 18:01:06");
INSERT INTO fats VALUES ("508","1","535","2023-08-26 18:01:06");
INSERT INTO fats VALUES ("509","1","536","2023-08-26 18:18:44");
INSERT INTO fats VALUES ("510","1","537","2023-08-27 13:56:33");
INSERT INTO fats VALUES ("511","1","538","2023-08-27 13:56:33");
INSERT INTO fats VALUES ("512","1","539","2023-08-27 13:56:33");
INSERT INTO fats VALUES ("513","1","540","2023-08-27 13:56:33");
INSERT INTO fats VALUES ("514","1","541","2023-08-27 13:56:33");
INSERT INTO fats VALUES ("515","1","542","2023-08-27 13:56:33");
INSERT INTO fats VALUES ("516","1","543","2023-08-27 13:56:33");
INSERT INTO fats VALUES ("517","1","544","2023-08-27 13:56:33");
INSERT INTO fats VALUES ("518","1","545","2023-08-27 13:56:33");
INSERT INTO fats VALUES ("519","1","546","2023-08-27 13:56:33");
INSERT INTO fats VALUES ("520","1","547","2023-08-27 13:56:33");
INSERT INTO fats VALUES ("521","1","548","2023-08-27 13:56:33");
INSERT INTO fats VALUES ("522","1","549","2023-08-28 09:51:04");
INSERT INTO fats VALUES ("523","1","550","2023-08-28 09:51:04");
INSERT INTO fats VALUES ("524","1","551","2023-08-28 09:51:04");
INSERT INTO fats VALUES ("525","1","552","2023-08-28 09:51:04");
INSERT INTO fats VALUES ("526","1","553","2023-08-28 09:51:04");
INSERT INTO fats VALUES ("527","1","554","2023-08-28 09:51:04");
INSERT INTO fats VALUES ("528","1","555","2023-08-28 09:51:04");
INSERT INTO fats VALUES ("529","1","556","2023-08-28 09:51:04");
INSERT INTO fats VALUES ("530","1","557","2023-08-28 09:51:04");
INSERT INTO fats VALUES ("531","1","558","2023-08-28 09:51:04");
INSERT INTO fats VALUES ("532","1","559","2023-08-28 10:00:20");
INSERT INTO fats VALUES ("533","1","560","2023-08-28 10:40:25");
INSERT INTO fats VALUES ("534","1","561","2023-08-28 11:15:31");
INSERT INTO fats VALUES ("535","1","562","2023-08-28 12:53:39");
INSERT INTO fats VALUES ("536","1","563","2023-08-28 12:53:39");
INSERT INTO fats VALUES ("537","1","564","2023-08-28 12:53:39");
INSERT INTO fats VALUES ("538","1","565","2023-08-28 12:53:39");
INSERT INTO fats VALUES ("539","1","566","2023-08-29 09:47:20");
INSERT INTO fats VALUES ("540","1","567","2023-08-29 09:47:20");
INSERT INTO fats VALUES ("541","1","568","2023-08-29 09:47:20");
INSERT INTO fats VALUES ("542","1","569","2023-08-29 09:47:20");
INSERT INTO fats VALUES ("543","1","570","2023-08-29 09:47:20");
INSERT INTO fats VALUES ("544","1","571","2023-08-29 09:47:20");
INSERT INTO fats VALUES ("545","1","572","2023-08-29 12:44:22");
INSERT INTO fats VALUES ("546","1","573","2023-08-29 12:44:22");
INSERT INTO fats VALUES ("547","1","574","2023-08-29 16:59:03");
INSERT INTO fats VALUES ("548","1","575","2023-08-29 16:59:03");
INSERT INTO fats VALUES ("549","1","576","2023-08-29 16:59:03");
INSERT INTO fats VALUES ("550","1","577","2023-08-29 16:59:03");
INSERT INTO fats VALUES ("551","1","578","2023-08-29 17:50:40");
INSERT INTO fats VALUES ("552","1","579","2023-08-30 09:33:28");
INSERT INTO fats VALUES ("553","1","580","2023-08-30 09:33:28");
INSERT INTO fats VALUES ("554","1","581","2023-08-30 09:33:28");
INSERT INTO fats VALUES ("555","1","582","2023-08-30 09:33:28");
INSERT INTO fats VALUES ("556","1","583","2023-08-30 12:22:52");
INSERT INTO fats VALUES ("557","1","584","2023-08-30 12:22:52");
INSERT INTO fats VALUES ("558","1","585","2023-08-30 12:31:22");
INSERT INTO fats VALUES ("559","1","586","2023-08-30 13:12:11");
INSERT INTO fats VALUES ("560","1","587","2023-08-30 15:37:07");
INSERT INTO fats VALUES ("561","1","588","2023-08-30 15:37:07");
INSERT INTO fats VALUES ("562","1","589","2023-08-31 10:23:37");
INSERT INTO fats VALUES ("563","1","590","2023-08-31 10:23:37");
INSERT INTO fats VALUES ("564","1","591","2023-08-31 10:23:37");
INSERT INTO fats VALUES ("565","1","592","2023-08-31 10:23:37");
INSERT INTO fats VALUES ("566","1","593","2023-08-31 10:23:37");
INSERT INTO fats VALUES ("567","1","594","2023-08-31 10:23:37");
INSERT INTO fats VALUES ("568","1","595","2023-08-31 10:23:37");
INSERT INTO fats VALUES ("569","1","596","2023-08-31 10:23:37");
INSERT INTO fats VALUES ("570","1","597","2023-08-31 12:53:06");
INSERT INTO fats VALUES ("571","1","598","2023-08-31 12:53:06");
INSERT INTO fats VALUES ("572","1","599","2023-08-31 17:30:46");
INSERT INTO fats VALUES ("573","1","600","2023-08-31 17:30:46");
INSERT INTO fats VALUES ("574","1","601","2023-08-31 17:30:46");
INSERT INTO fats VALUES ("575","1","602","2023-09-02 09:33:07");
INSERT INTO fats VALUES ("576","1","603","2023-09-02 15:28:54");
INSERT INTO fats VALUES ("577","1","604","2023-09-02 15:28:54");
INSERT INTO fats VALUES ("578","1","605","2023-09-02 15:28:54");
INSERT INTO fats VALUES ("579","1","606","2023-09-02 15:28:54");
INSERT INTO fats VALUES ("580","1","607","2023-09-02 15:28:54");
INSERT INTO fats VALUES ("581","1","608","2023-09-02 16:02:44");
INSERT INTO fats VALUES ("582","1","609","2023-09-02 16:02:44");
INSERT INTO fats VALUES ("583","1","610","2023-09-02 17:02:19");
INSERT INTO fats VALUES ("584","1","611","2023-09-02 17:02:19");
INSERT INTO fats VALUES ("585","1","612","2023-09-02 17:47:38");
INSERT INTO fats VALUES ("586","1","613","2023-09-02 17:47:38");
INSERT INTO fats VALUES ("587","1","614","2023-09-02 17:47:38");
INSERT INTO fats VALUES ("588","1","615","2023-09-03 09:39:21");
INSERT INTO fats VALUES ("589","1","616","2023-09-03 09:39:21");
INSERT INTO fats VALUES ("590","1","617","2023-09-03 16:22:36");
INSERT INTO fats VALUES ("591","1","618","2023-09-03 16:22:36");
INSERT INTO fats VALUES ("592","1","619","2023-09-03 16:22:36");
INSERT INTO fats VALUES ("593","1","620","2023-09-03 16:22:36");
INSERT INTO fats VALUES ("594","1","621","2023-09-03 16:22:36");
INSERT INTO fats VALUES ("595","1","622","2023-09-03 16:22:36");
INSERT INTO fats VALUES ("596","1","623","2023-09-03 16:25:27");
INSERT INTO fats VALUES ("597","1","624","2023-09-03 18:04:49");
INSERT INTO fats VALUES ("598","1","625","2023-09-03 18:04:49");
INSERT INTO fats VALUES ("599","1","626","2023-09-03 18:04:49");
INSERT INTO fats VALUES ("600","1","627","2023-09-03 18:04:49");
INSERT INTO fats VALUES ("601","1","628","2023-09-03 18:04:49");
INSERT INTO fats VALUES ("602","1","629","2023-09-04 09:28:50");
INSERT INTO fats VALUES ("603","1","630","2023-09-04 09:28:50");
INSERT INTO fats VALUES ("604","1","631","2023-09-04 18:06:50");
INSERT INTO fats VALUES ("605","1","632","2023-09-04 18:06:50");
INSERT INTO fats VALUES ("606","1","633","2023-09-04 18:06:50");
INSERT INTO fats VALUES ("607","1","634","2023-09-04 18:06:50");
INSERT INTO fats VALUES ("608","1","635","2023-09-04 18:06:50");
INSERT INTO fats VALUES ("609","1","636","2023-09-04 18:06:50");
INSERT INTO fats VALUES ("610","1","637","2023-09-04 18:06:50");
INSERT INTO fats VALUES ("611","1","638","2023-09-04 18:06:50");
INSERT INTO fats VALUES ("612","1","639","2023-09-04 18:06:50");
INSERT INTO fats VALUES ("613","1","640","2023-09-04 18:06:50");
INSERT INTO fats VALUES ("614","1","641","2023-09-04 18:06:50");
INSERT INTO fats VALUES ("615","1","642","2023-09-05 14:24:47");
INSERT INTO fats VALUES ("616","1","643","2023-09-05 14:24:47");
INSERT INTO fats VALUES ("617","1","644","2023-09-05 14:24:47");
INSERT INTO fats VALUES ("618","1","645","2023-09-05 14:24:47");
INSERT INTO fats VALUES ("619","1","646","2023-09-05 16:55:44");
INSERT INTO fats VALUES ("620","1","647","2023-09-05 16:55:44");
INSERT INTO fats VALUES ("621","1","648","2023-09-05 16:55:44");
INSERT INTO fats VALUES ("622","1","649","2023-09-05 16:55:44");
INSERT INTO fats VALUES ("623","1","650","2023-09-05 16:55:44");
INSERT INTO fats VALUES ("624","1","651","2023-09-06 11:44:05");
INSERT INTO fats VALUES ("625","1","652","2023-09-06 11:44:05");
INSERT INTO fats VALUES ("626","1","653","2023-09-06 11:44:05");
INSERT INTO fats VALUES ("627","1","654","2023-09-06 11:44:05");
INSERT INTO fats VALUES ("628","1","655","2023-09-06 11:44:05");
INSERT INTO fats VALUES ("629","1","656","2023-09-06 11:44:05");
INSERT INTO fats VALUES ("630","1","657","2023-09-06 11:44:05");
INSERT INTO fats VALUES ("631","1","658","2023-09-06 11:44:05");
INSERT INTO fats VALUES ("632","1","659","2023-09-06 11:44:05");
INSERT INTO fats VALUES ("633","1","660","2023-09-06 11:44:05");
INSERT INTO fats VALUES ("634","1","661","2023-09-06 15:43:03");
INSERT INTO fats VALUES ("635","1","662","2023-09-06 15:43:03");
INSERT INTO fats VALUES ("636","1","663","2023-09-06 15:43:03");
INSERT INTO fats VALUES ("637","1","664","2023-09-06 15:43:03");
INSERT INTO fats VALUES ("638","1","665","2023-09-06 15:43:03");
INSERT INTO fats VALUES ("639","1","666","2023-09-06 15:44:08");
INSERT INTO fats VALUES ("640","1","667","2023-09-07 09:41:10");
INSERT INTO fats VALUES ("641","1","668","2023-09-07 09:41:10");
INSERT INTO fats VALUES ("642","1","669","2023-09-09 09:35:17");
INSERT INTO fats VALUES ("643","1","670","2023-09-09 09:35:17");
INSERT INTO fats VALUES ("644","1","671","2023-09-09 09:35:17");
INSERT INTO fats VALUES ("645","1","672","2023-09-09 09:35:17");
INSERT INTO fats VALUES ("646","1","673","2023-09-09 09:35:17");
INSERT INTO fats VALUES ("647","1","674","2023-09-09 09:35:17");
INSERT INTO fats VALUES ("648","1","675","2023-09-09 11:17:29");
INSERT INTO fats VALUES ("649","1","676","2023-09-09 11:19:29");
INSERT INTO fats VALUES ("650","1","677","2023-09-09 17:08:35");
INSERT INTO fats VALUES ("651","1","678","2023-09-09 17:08:35");
INSERT INTO fats VALUES ("652","1","679","2023-09-09 17:08:35");
INSERT INTO fats VALUES ("653","1","680","2023-09-09 17:08:35");
INSERT INTO fats VALUES ("654","1","681","2023-09-09 17:08:35");
INSERT INTO fats VALUES ("655","1","682","2023-09-10 09:51:07");
INSERT INTO fats VALUES ("656","1","684","2023-09-10 09:51:07");
INSERT INTO fats VALUES ("657","1","685","2023-09-10 09:51:07");
INSERT INTO fats VALUES ("658","1","686","2023-09-10 09:51:07");
INSERT INTO fats VALUES ("659","1","687","2023-09-10 09:51:07");
INSERT INTO fats VALUES ("660","1","688","2023-09-10 09:51:07");
INSERT INTO fats VALUES ("661","1","689","2023-09-10 09:51:07");
INSERT INTO fats VALUES ("662","1","690","2023-09-10 14:15:38");
INSERT INTO fats VALUES ("663","1","691","2023-09-10 14:15:38");
INSERT INTO fats VALUES ("664","1","692","2023-09-10 14:15:38");
INSERT INTO fats VALUES ("665","1","693","2023-09-10 14:15:38");
INSERT INTO fats VALUES ("666","1","694","2023-09-10 14:15:38");
INSERT INTO fats VALUES ("667","1","695","2023-09-11 09:51:48");
INSERT INTO fats VALUES ("668","1","696","2023-09-11 09:51:48");
INSERT INTO fats VALUES ("669","1","697","2023-09-11 09:51:48");
INSERT INTO fats VALUES ("670","1","698","2023-09-11 09:51:48");
INSERT INTO fats VALUES ("671","1","699","2023-09-11 09:51:48");
INSERT INTO fats VALUES ("672","1","700","2023-09-11 09:51:48");
INSERT INTO fats VALUES ("673","1","701","2023-09-11 09:51:48");
INSERT INTO fats VALUES ("674","1","702","2023-09-11 09:51:48");
INSERT INTO fats VALUES ("675","1","703","2023-09-11 09:51:48");
INSERT INTO fats VALUES ("676","1","704","2023-09-11 09:51:48");
INSERT INTO fats VALUES ("677","1","705","2023-09-11 09:51:48");
INSERT INTO fats VALUES ("678","1","706","2023-09-11 09:51:48");
INSERT INTO fats VALUES ("679","1","707","2023-09-11 09:51:48");
INSERT INTO fats VALUES ("680","1","708","2023-09-11 09:51:48");
INSERT INTO fats VALUES ("681","1","709","2023-09-11 09:51:48");
INSERT INTO fats VALUES ("682","1","710","2023-09-11 09:51:48");
INSERT INTO fats VALUES ("683","1","711","2023-09-11 09:51:48");
INSERT INTO fats VALUES ("684","1","712","2023-09-11 09:51:48");
INSERT INTO fats VALUES ("685","1","713","2023-09-11 09:57:51");
INSERT INTO fats VALUES ("686","1","714","2023-09-11 14:41:07");
INSERT INTO fats VALUES ("687","1","715","2023-09-11 14:41:07");
INSERT INTO fats VALUES ("688","1","716","2023-09-11 14:41:07");
INSERT INTO fats VALUES ("689","1","717","2023-09-11 14:41:07");
INSERT INTO fats VALUES ("690","1","718","2023-09-11 14:41:07");
INSERT INTO fats VALUES ("691","1","719","2023-09-11 16:35:29");
INSERT INTO fats VALUES ("692","1","720","2023-09-11 17:31:42");
INSERT INTO fats VALUES ("693","1","721","2023-09-11 17:31:42");
INSERT INTO fats VALUES ("694","1","722","2023-09-11 17:57:12");
INSERT INTO fats VALUES ("695","1","723","2023-09-11 18:00:16");
INSERT INTO fats VALUES ("696","1","724","2023-09-12 09:57:30");
INSERT INTO fats VALUES ("697","1","725","2023-09-12 10:01:22");
INSERT INTO fats VALUES ("698","1","726","2023-09-12 14:10:56");
INSERT INTO fats VALUES ("699","1","727","2023-09-12 14:10:56");
INSERT INTO fats VALUES ("700","1","728","2023-09-12 14:10:56");
INSERT INTO fats VALUES ("701","1","729","2023-09-12 14:10:56");
INSERT INTO fats VALUES ("702","1","730","2023-09-12 17:47:56");
INSERT INTO fats VALUES ("703","1","731","2023-09-12 17:47:56");
INSERT INTO fats VALUES ("704","1","732","2023-09-12 17:47:56");
INSERT INTO fats VALUES ("705","1","733","2023-09-12 17:47:56");
INSERT INTO fats VALUES ("706","1","734","2023-09-12 17:47:56");
INSERT INTO fats VALUES ("707","1","735","2023-09-13 12:10:39");
INSERT INTO fats VALUES ("708","1","736","2023-09-13 18:35:17");
INSERT INTO fats VALUES ("709","1","737","2023-09-13 18:35:17");
INSERT INTO fats VALUES ("710","1","738","2023-09-13 18:35:17");
INSERT INTO fats VALUES ("711","1","739","2023-09-13 18:35:17");
INSERT INTO fats VALUES ("712","1","740","2023-09-13 18:35:17");
INSERT INTO fats VALUES ("713","1","741","2023-09-13 18:35:17");
INSERT INTO fats VALUES ("714","1","742","2023-09-13 18:35:17");
INSERT INTO fats VALUES ("715","1","743","2023-09-14 13:46:23");
INSERT INTO fats VALUES ("716","1","744","2023-09-14 13:46:23");
INSERT INTO fats VALUES ("717","1","745","2023-09-14 13:46:23");
INSERT INTO fats VALUES ("718","1","746","2023-09-14 13:57:00");
INSERT INTO fats VALUES ("719","1","747","2023-09-14 13:57:00");
INSERT INTO fats VALUES ("720","1","748","2023-09-14 13:57:00");
INSERT INTO fats VALUES ("721","1","749","2023-09-14 13:57:00");
INSERT INTO fats VALUES ("722","1","753","2023-09-16 10:08:46");
INSERT INTO fats VALUES ("723","1","754","2023-09-16 10:08:46");
INSERT INTO fats VALUES ("724","1","755","2023-09-16 10:08:46");
INSERT INTO fats VALUES ("725","1","756","2023-09-16 10:08:46");
INSERT INTO fats VALUES ("726","1","757","2023-09-16 10:08:46");
INSERT INTO fats VALUES ("727","1","758","2023-09-16 10:15:39");
INSERT INTO fats VALUES ("728","1","759","2023-09-16 10:15:39");
INSERT INTO fats VALUES ("729","1","760","2023-09-16 10:15:39");
INSERT INTO fats VALUES ("730","1","761","2023-09-16 15:52:26");
INSERT INTO fats VALUES ("731","1","762","2023-09-16 15:52:26");
INSERT INTO fats VALUES ("732","1","763","2023-09-16 15:52:26");
INSERT INTO fats VALUES ("733","1","764","2023-09-16 15:52:26");
INSERT INTO fats VALUES ("734","1","765","2023-09-16 15:52:26");
INSERT INTO fats VALUES ("735","1","766","2023-09-16 15:52:26");
INSERT INTO fats VALUES ("736","1","767","2023-09-16 15:52:26");
INSERT INTO fats VALUES ("737","1","768","2023-09-16 15:52:26");
INSERT INTO fats VALUES ("738","1","769","2023-09-16 15:52:26");
INSERT INTO fats VALUES ("739","1","770","2023-09-16 15:52:26");
INSERT INTO fats VALUES ("740","1","771","2023-09-16 15:52:26");
INSERT INTO fats VALUES ("741","1","772","2023-09-17 09:51:41");
INSERT INTO fats VALUES ("742","1","773","2023-09-17 09:51:41");
INSERT INTO fats VALUES ("743","1","775","2023-09-17 09:51:41");
INSERT INTO fats VALUES ("744","1","776","2023-09-17 09:51:41");
INSERT INTO fats VALUES ("745","1","777","2023-09-17 09:51:41");
INSERT INTO fats VALUES ("746","1","778","2023-09-17 09:51:41");
INSERT INTO fats VALUES ("747","1","779","2023-09-17 09:51:41");
INSERT INTO fats VALUES ("748","1","780","2023-09-17 15:47:18");
INSERT INTO fats VALUES ("749","1","781","2023-09-17 15:47:18");
INSERT INTO fats VALUES ("750","1","782","2023-09-17 15:47:18");
INSERT INTO fats VALUES ("751","1","783","2023-09-17 15:47:18");
INSERT INTO fats VALUES ("752","1","784","2023-09-17 15:47:18");
INSERT INTO fats VALUES ("753","1","785","2023-09-17 15:47:18");
INSERT INTO fats VALUES ("754","1","786","2023-09-17 15:47:18");
INSERT INTO fats VALUES ("755","1","787","2023-09-17 15:48:50");
INSERT INTO fats VALUES ("756","1","788","2023-09-17 15:57:02");
INSERT INTO fats VALUES ("757","1","789","2023-09-17 16:38:28");
INSERT INTO fats VALUES ("758","1","790","2023-09-17 17:37:43");
INSERT INTO fats VALUES ("759","1","791","2023-09-17 17:37:43");
INSERT INTO fats VALUES ("760","1","792","2023-09-17 17:37:43");
INSERT INTO fats VALUES ("761","1","793","2023-09-17 17:40:28");
INSERT INTO fats VALUES ("762","1","794","2023-09-17 17:44:52");
INSERT INTO fats VALUES ("763","1","795","2023-09-18 09:56:23");
INSERT INTO fats VALUES ("764","1","796","2023-09-18 09:56:23");
INSERT INTO fats VALUES ("765","1","797","2023-09-18 09:56:23");
INSERT INTO fats VALUES ("766","1","798","2023-09-18 09:56:23");
INSERT INTO fats VALUES ("767","1","799","2023-09-18 09:56:23");
INSERT INTO fats VALUES ("768","1","800","2023-09-18 09:56:23");
INSERT INTO fats VALUES ("769","1","801","2023-09-18 09:56:23");
INSERT INTO fats VALUES ("770","1","802","2023-09-18 13:52:43");
INSERT INTO fats VALUES ("771","1","803","2023-09-18 14:21:43");
INSERT INTO fats VALUES ("772","1","804","2023-09-18 14:53:30");
INSERT INTO fats VALUES ("773","1","805","2023-09-18 14:56:20");
INSERT INTO fats VALUES ("774","1","806","2023-09-18 14:57:50");
INSERT INTO fats VALUES ("775","1","807","2023-09-19 09:44:53");
INSERT INTO fats VALUES ("776","1","808","2023-09-19 09:44:53");
INSERT INTO fats VALUES ("777","1","809","2023-09-19 09:44:53");
INSERT INTO fats VALUES ("778","1","810","2023-09-19 09:44:53");
INSERT INTO fats VALUES ("779","1","811","2023-09-19 12:31:44");
INSERT INTO fats VALUES ("780","1","812","2023-09-19 13:43:04");
INSERT INTO fats VALUES ("781","1","813","2023-09-19 13:43:04");
INSERT INTO fats VALUES ("782","1","814","2023-09-19 13:43:04");
INSERT INTO fats VALUES ("783","1","815","2023-09-19 13:43:04");
INSERT INTO fats VALUES ("784","1","816","2023-09-19 13:43:04");
INSERT INTO fats VALUES ("785","1","817","2023-09-19 13:43:04");
INSERT INTO fats VALUES ("786","1","818","2023-09-19 13:43:04");
INSERT INTO fats VALUES ("787","1","819","2023-09-19 13:43:04");
INSERT INTO fats VALUES ("788","1","820","2023-09-19 14:37:02");
INSERT INTO fats VALUES ("789","1","821","2023-09-19 14:37:02");
INSERT INTO fats VALUES ("790","1","822","2023-09-19 14:37:02");
INSERT INTO fats VALUES ("791","1","823","2023-09-19 15:11:54");
INSERT INTO fats VALUES ("792","1","824","2023-09-19 17:29:26");
INSERT INTO fats VALUES ("793","1","825","2023-09-19 17:31:01");
INSERT INTO fats VALUES ("794","1","826","2023-09-19 17:34:56");
INSERT INTO fats VALUES ("795","1","827","2023-09-20 09:41:53");
INSERT INTO fats VALUES ("796","1","828","2023-09-20 09:41:53");
INSERT INTO fats VALUES ("797","1","829","2023-09-20 09:41:53");
INSERT INTO fats VALUES ("798","1","830","2023-09-20 14:23:40");
INSERT INTO fats VALUES ("799","1","831","2023-09-20 14:23:40");
INSERT INTO fats VALUES ("800","1","832","2023-09-20 14:25:55");
INSERT INTO fats VALUES ("801","1","833","2023-09-20 14:25:55");
INSERT INTO fats VALUES ("802","1","834","2023-09-20 14:30:01");
INSERT INTO fats VALUES ("803","1","835","2023-09-20 14:31:56");
INSERT INTO fats VALUES ("804","1","836","2023-09-20 14:37:06");
INSERT INTO fats VALUES ("805","1","837","2023-09-20 15:05:29");
INSERT INTO fats VALUES ("806","1","838","2023-09-20 18:05:48");
INSERT INTO fats VALUES ("807","1","839","2023-09-20 18:05:48");
INSERT INTO fats VALUES ("808","1","840","2023-09-20 18:05:48");
INSERT INTO fats VALUES ("809","1","841","2023-09-20 18:10:07");
INSERT INTO fats VALUES ("810","1","842","2023-09-20 18:10:07");
INSERT INTO fats VALUES ("811","1","843","2023-09-20 18:10:07");
INSERT INTO fats VALUES ("812","1","844","2023-09-21 09:54:44");
INSERT INTO fats VALUES ("813","1","845","2023-09-21 17:34:40");
INSERT INTO fats VALUES ("814","1","846","2023-09-21 17:34:40");
INSERT INTO fats VALUES ("815","1","847","2023-09-21 17:34:40");
INSERT INTO fats VALUES ("816","1","848","2023-09-21 17:37:01");
INSERT INTO fats VALUES ("817","1","849","2023-09-21 17:37:01");
INSERT INTO fats VALUES ("818","1","850","2023-09-21 17:37:01");
INSERT INTO fats VALUES ("819","1","851","2023-09-21 17:42:45");
INSERT INTO fats VALUES ("820","1","852","2023-09-21 17:42:45");
INSERT INTO fats VALUES ("821","1","853","2023-09-21 18:01:54");
INSERT INTO fats VALUES ("822","1","854","2023-09-21 18:02:49");
INSERT INTO fats VALUES ("823","1","855","2023-09-21 18:05:22");
INSERT INTO fats VALUES ("824","1","856","2023-09-23 09:40:14");
INSERT INTO fats VALUES ("825","1","857","2023-09-23 09:40:14");
INSERT INTO fats VALUES ("826","1","858","2023-09-23 09:40:14");
INSERT INTO fats VALUES ("827","1","859","2023-09-23 17:24:28");
INSERT INTO fats VALUES ("828","1","860","2023-09-23 17:24:28");
INSERT INTO fats VALUES ("829","1","861","2023-09-23 17:24:28");
INSERT INTO fats VALUES ("830","1","862","2023-09-23 17:24:28");
INSERT INTO fats VALUES ("831","1","863","2023-09-23 17:25:03");
INSERT INTO fats VALUES ("832","1","864","2023-09-23 17:28:03");
INSERT INTO fats VALUES ("833","1","865","2023-09-24 09:28:57");
INSERT INTO fats VALUES ("834","1","866","2023-09-24 09:28:57");
INSERT INTO fats VALUES ("835","1","867","2023-09-24 13:46:10");
INSERT INTO fats VALUES ("836","1","868","2023-09-24 14:08:47");
INSERT INTO fats VALUES ("837","1","869","2023-09-24 14:08:47");
INSERT INTO fats VALUES ("838","1","870","2023-09-24 14:08:47");
INSERT INTO fats VALUES ("839","1","871","2023-09-24 14:08:47");
INSERT INTO fats VALUES ("840","1","872","2023-09-24 14:08:47");
INSERT INTO fats VALUES ("841","1","873","2023-09-24 14:08:47");
INSERT INTO fats VALUES ("842","1","874","2023-09-24 14:08:47");
INSERT INTO fats VALUES ("843","1","875","2023-09-24 14:08:47");
INSERT INTO fats VALUES ("844","1","876","2023-09-24 14:08:47");
INSERT INTO fats VALUES ("845","1","877","2023-09-24 17:30:24");
INSERT INTO fats VALUES ("846","1","878","2023-09-24 17:30:24");
INSERT INTO fats VALUES ("847","1","879","2023-09-24 17:30:24");
INSERT INTO fats VALUES ("848","1","880","2023-09-24 17:30:24");
INSERT INTO fats VALUES ("849","1","881","2023-09-25 09:43:49");
INSERT INTO fats VALUES ("850","1","882","2023-09-25 09:43:49");
INSERT INTO fats VALUES ("851","1","883","2023-09-25 18:59:06");
INSERT INTO fats VALUES ("852","1","884","2023-09-25 18:59:06");
INSERT INTO fats VALUES ("853","1","885","2023-09-25 18:59:06");
INSERT INTO fats VALUES ("854","1","886","2023-09-25 18:59:06");
INSERT INTO fats VALUES ("855","1","887","2023-09-25 18:59:06");
INSERT INTO fats VALUES ("856","1","888","2023-09-25 18:59:06");
INSERT INTO fats VALUES ("857","1","889","2023-09-25 18:59:06");
INSERT INTO fats VALUES ("858","1","890","2023-09-25 18:59:06");
INSERT INTO fats VALUES ("859","1","891","2023-09-25 19:02:53");
INSERT INTO fats VALUES ("860","1","892","2023-09-25 19:02:53");
INSERT INTO fats VALUES ("861","1","893","2023-09-25 19:02:53");
INSERT INTO fats VALUES ("862","1","894","2023-09-25 19:02:53");
INSERT INTO fats VALUES ("863","1","895","2023-09-25 19:02:53");
INSERT INTO fats VALUES ("864","1","896","2023-09-25 19:02:53");
INSERT INTO fats VALUES ("865","1","897","2023-09-25 19:02:53");
INSERT INTO fats VALUES ("866","1","898","2023-09-25 19:03:52");
INSERT INTO fats VALUES ("867","1","899","2023-09-25 19:04:26");
INSERT INTO fats VALUES ("868","1","900","2023-09-26 09:53:04");
INSERT INTO fats VALUES ("869","1","901","2023-09-26 09:53:04");
INSERT INTO fats VALUES ("870","1","902","2023-09-26 09:53:04");
INSERT INTO fats VALUES ("871","1","903","2023-09-26 09:53:04");
INSERT INTO fats VALUES ("872","1","904","2023-09-26 09:53:04");
INSERT INTO fats VALUES ("873","1","905","2023-09-26 09:53:04");
INSERT INTO fats VALUES ("874","1","906","2023-09-26 17:33:27");
INSERT INTO fats VALUES ("875","1","907","2023-09-26 17:33:27");
INSERT INTO fats VALUES ("876","1","908","2023-09-26 17:33:27");
INSERT INTO fats VALUES ("877","1","909","2023-09-26 17:33:27");
INSERT INTO fats VALUES ("878","1","910","2023-09-27 09:29:11");
INSERT INTO fats VALUES ("879","1","911","2023-09-27 09:29:11");
INSERT INTO fats VALUES ("880","1","912","2023-09-27 09:29:54");
INSERT INTO fats VALUES ("881","1","913","2023-09-27 09:30:43");
INSERT INTO fats VALUES ("882","1","914","2023-09-27 09:32:11");
INSERT INTO fats VALUES ("883","1","915","2023-09-27 14:00:44");
INSERT INTO fats VALUES ("884","1","916","2023-09-27 14:00:44");
INSERT INTO fats VALUES ("885","1","917","2023-09-27 14:00:44");
INSERT INTO fats VALUES ("886","1","918","2023-09-27 14:00:44");
INSERT INTO fats VALUES ("887","1","919","2023-09-27 14:01:29");
INSERT INTO fats VALUES ("888","1","920","2023-09-28 10:33:24");
INSERT INTO fats VALUES ("889","1","921","2023-09-28 10:33:24");
INSERT INTO fats VALUES ("890","1","922","2023-09-28 10:33:24");
INSERT INTO fats VALUES ("891","1","923","2023-09-28 10:33:24");
INSERT INTO fats VALUES ("892","1","924","2023-09-28 10:33:24");
INSERT INTO fats VALUES ("893","1","925","2023-09-28 10:33:24");
INSERT INTO fats VALUES ("894","1","926","2023-09-28 10:33:24");
INSERT INTO fats VALUES ("895","1","927","2023-09-28 10:33:24");
INSERT INTO fats VALUES ("896","1","928","2023-09-28 10:34:03");
INSERT INTO fats VALUES ("897","1","929","2023-09-28 10:51:56");
INSERT INTO fats VALUES ("898","1","930","2023-09-28 10:51:56");
INSERT INTO fats VALUES ("899","1","931","2023-09-28 10:51:56");
INSERT INTO fats VALUES ("900","1","932","2023-09-28 10:53:06");
INSERT INTO fats VALUES ("901","1","933","2023-09-28 11:26:17");
INSERT INTO fats VALUES ("902","1","934","2023-09-28 15:38:07");
INSERT INTO fats VALUES ("903","1","935","2023-09-28 15:38:07");
INSERT INTO fats VALUES ("904","1","936","2023-09-28 15:38:07");
INSERT INTO fats VALUES ("905","1","937","2023-09-28 15:38:07");
INSERT INTO fats VALUES ("906","1","938","2023-09-28 15:38:07");
INSERT INTO fats VALUES ("907","1","939","2023-09-28 15:38:07");
INSERT INTO fats VALUES ("908","1","940","2023-09-28 15:38:07");
INSERT INTO fats VALUES ("909","1","941","2023-09-28 15:38:07");
INSERT INTO fats VALUES ("910","1","942","2023-09-28 15:38:07");
INSERT INTO fats VALUES ("911","1","943","2023-09-28 15:38:07");
INSERT INTO fats VALUES ("912","1","944","2023-09-28 15:38:07");
INSERT INTO fats VALUES ("913","1","945","2023-09-28 15:38:07");
INSERT INTO fats VALUES ("914","1","946","2023-09-28 15:38:07");
INSERT INTO fats VALUES ("915","1","947","2023-09-30 09:31:25");
INSERT INTO fats VALUES ("916","1","948","2023-09-30 09:31:25");
INSERT INTO fats VALUES ("917","1","949","2023-09-30 09:31:25");
INSERT INTO fats VALUES ("918","1","950","2023-09-30 09:31:25");
INSERT INTO fats VALUES ("919","1","951","2023-09-30 09:31:25");
INSERT INTO fats VALUES ("920","1","952","2023-09-30 09:31:25");
INSERT INTO fats VALUES ("921","1","953","2023-09-30 12:07:23");
INSERT INTO fats VALUES ("922","1","954","2023-09-30 12:07:23");
INSERT INTO fats VALUES ("923","1","955","2023-09-30 12:07:23");
INSERT INTO fats VALUES ("924","1","956","2023-09-30 13:11:54");
INSERT INTO fats VALUES ("925","1","957","2023-09-30 13:11:54");
INSERT INTO fats VALUES ("926","1","958","2023-09-30 13:11:54");
INSERT INTO fats VALUES ("927","1","959","2023-09-30 13:11:54");
INSERT INTO fats VALUES ("928","1","960","2023-09-30 13:11:54");
INSERT INTO fats VALUES ("929","1","961","2023-09-30 13:17:56");
INSERT INTO fats VALUES ("930","1","962","2023-09-30 13:17:56");
INSERT INTO fats VALUES ("931","1","963","2023-10-01 09:52:59");
INSERT INTO fats VALUES ("932","1","964","2023-10-01 09:52:59");
INSERT INTO fats VALUES ("933","1","965","2023-10-01 09:52:59");
INSERT INTO fats VALUES ("934","1","966","2023-10-01 09:52:59");
INSERT INTO fats VALUES ("935","1","967","2023-10-01 09:52:59");
INSERT INTO fats VALUES ("936","1","968","2023-10-01 09:52:59");
INSERT INTO fats VALUES ("937","1","969","2023-10-01 09:52:59");
INSERT INTO fats VALUES ("938","1","970","2023-10-01 17:29:50");
INSERT INTO fats VALUES ("939","1","971","2023-10-01 17:29:50");
INSERT INTO fats VALUES ("940","1","972","2023-10-01 17:29:50");
INSERT INTO fats VALUES ("941","1","973","2023-10-01 17:29:50");
INSERT INTO fats VALUES ("942","1","974","2023-10-01 17:29:50");
INSERT INTO fats VALUES ("943","1","975","2023-10-02 09:22:51");
INSERT INTO fats VALUES ("944","1","976","2023-10-02 09:22:51");
INSERT INTO fats VALUES ("945","1","977","2023-10-02 09:22:51");
INSERT INTO fats VALUES ("946","1","978","2023-10-02 09:32:42");
INSERT INTO fats VALUES ("947","1","979","2023-10-02 18:03:15");
INSERT INTO fats VALUES ("948","1","980","2023-10-02 18:03:15");
INSERT INTO fats VALUES ("949","1","982","2023-10-03 09:30:19");
INSERT INTO fats VALUES ("950","1","983","2023-10-03 09:30:19");
INSERT INTO fats VALUES ("951","1","984","2023-10-03 09:30:19");
INSERT INTO fats VALUES ("952","1","985","2023-10-03 09:30:19");
INSERT INTO fats VALUES ("953","1","986","2023-10-03 09:30:19");
INSERT INTO fats VALUES ("954","1","987","2023-10-03 09:30:19");
INSERT INTO fats VALUES ("955","1","988","2023-10-03 09:31:27");
INSERT INTO fats VALUES ("956","1","989","2023-10-03 15:00:49");
INSERT INTO fats VALUES ("957","1","990","2023-10-03 15:00:49");
INSERT INTO fats VALUES ("958","1","991","2023-10-03 15:00:49");
INSERT INTO fats VALUES ("959","1","992","2023-10-03 15:00:49");
INSERT INTO fats VALUES ("960","1","993","2023-10-03 15:02:42");
INSERT INTO fats VALUES ("961","1","994","2023-10-03 15:02:42");
INSERT INTO fats VALUES ("962","1","995","2023-10-03 16:40:30");
INSERT INTO fats VALUES ("963","1","996","2023-10-03 16:40:30");
INSERT INTO fats VALUES ("964","1","997","2023-10-04 09:35:24");
INSERT INTO fats VALUES ("965","1","998","2023-10-04 09:35:24");
INSERT INTO fats VALUES ("966","1","999","2023-10-04 09:35:24");
INSERT INTO fats VALUES ("967","1","1000","2023-10-04 09:35:24");
INSERT INTO fats VALUES ("968","1","1001","2023-10-04 09:35:24");
INSERT INTO fats VALUES ("969","1","1002","2023-10-04 09:35:24");
INSERT INTO fats VALUES ("970","1","1003","2023-10-04 17:40:01");
INSERT INTO fats VALUES ("971","1","1004","2023-10-04 17:57:42");
INSERT INTO fats VALUES ("972","1","1005","2023-10-04 17:57:42");
INSERT INTO fats VALUES ("973","1","1006","2023-10-04 17:57:42");
INSERT INTO fats VALUES ("974","1","1007","2023-10-04 17:57:42");
INSERT INTO fats VALUES ("975","1","1008","2023-10-04 17:57:42");
INSERT INTO fats VALUES ("976","1","1009","2023-10-05 09:42:05");
INSERT INTO fats VALUES ("977","1","1010","2023-10-05 09:42:05");
INSERT INTO fats VALUES ("978","1","1011","2023-10-05 17:13:41");
INSERT INTO fats VALUES ("979","1","1012","2023-10-05 17:13:41");
INSERT INTO fats VALUES ("980","1","1013","2023-10-05 17:13:41");
INSERT INTO fats VALUES ("981","1","1014","2023-10-05 17:13:41");
INSERT INTO fats VALUES ("982","1","1015","2023-10-05 17:13:41");
INSERT INTO fats VALUES ("983","1","1016","2023-10-05 17:13:41");
INSERT INTO fats VALUES ("984","1","1017","2023-10-05 17:13:41");
INSERT INTO fats VALUES ("985","1","1018","2023-10-05 17:48:48");
INSERT INTO fats VALUES ("986","1","1019","2023-10-05 17:48:48");
INSERT INTO fats VALUES ("987","1","1020","2023-10-05 17:48:48");
INSERT INTO fats VALUES ("988","1","1021","2023-10-05 17:48:48");
INSERT INTO fats VALUES ("989","1","1022","2023-10-05 17:48:48");
INSERT INTO fats VALUES ("990","1","1023","2023-10-07 16:10:41");
INSERT INTO fats VALUES ("991","1","1024","2023-10-07 16:10:41");
INSERT INTO fats VALUES ("992","1","1025","2023-10-07 16:10:41");
INSERT INTO fats VALUES ("993","1","1026","2023-10-07 16:10:41");
INSERT INTO fats VALUES ("994","1","1027","2023-10-07 16:10:41");
INSERT INTO fats VALUES ("995","1","1028","2023-10-07 16:10:41");
INSERT INTO fats VALUES ("996","1","1029","2023-10-07 16:10:41");
INSERT INTO fats VALUES ("997","1","1030","2023-10-07 16:10:41");
INSERT INTO fats VALUES ("998","1","1031","2023-10-07 16:10:41");
INSERT INTO fats VALUES ("999","1","1032","2023-10-07 16:10:41");
INSERT INTO fats VALUES ("1000","1","1033","2023-10-07 16:10:41");
INSERT INTO fats VALUES ("1001","1","1034","2023-10-07 18:09:58");
INSERT INTO fats VALUES ("1002","1","1035","2023-10-07 18:09:58");
INSERT INTO fats VALUES ("1003","1","1036","2023-10-07 18:09:58");
INSERT INTO fats VALUES ("1004","1","1037","2023-10-08 09:29:06");
INSERT INTO fats VALUES ("1005","1","1038","2023-10-08 09:29:06");
INSERT INTO fats VALUES ("1006","1","1039","2023-10-08 09:29:06");
INSERT INTO fats VALUES ("1007","1","1040","2023-10-08 09:29:06");
INSERT INTO fats VALUES ("1008","1","1041","2023-10-08 09:29:06");
INSERT INTO fats VALUES ("1009","1","1042","2023-10-08 09:29:06");
INSERT INTO fats VALUES ("1010","1","1043","2023-10-08 09:29:06");
INSERT INTO fats VALUES ("1011","1","1044","2023-10-08 09:29:46");



DROP TABLE fptybes;

CREATE TABLE `fptybes` (
  `id` int(1) NOT NULL AUTO_INCREMENT,
  `name` varchar(50) NOT NULL,
  `crtime` timestamp NOT NULL DEFAULT current_timestamp() ON UPDATE current_timestamp(),
  `isdeleted` int(1) DEFAULT NULL,
  PRIMARY KEY (`id`)
) ENGINE=InnoDB AUTO_INCREMENT=6 DEFAULT CHARSET=utf8mb4;

INSERT INTO fptybes VALUES ("1","حضور","2023-08-01 01:57:14","");
INSERT INTO fptybes VALUES ("2","انصراف","2023-08-01 01:57:14","");
INSERT INTO fptybes VALUES ("3","حضور اضافي","2023-08-01 01:57:42","");
INSERT INTO fptybes VALUES ("4","انصراف اضافي","2023-08-01 01:58:34","");
INSERT INTO fptybes VALUES ("5","invalid","2023-08-10 07:45:50","");



DROP TABLE hiringcontracts;

CREATE TABLE `hiringcontracts` (
  `id` int(11) NOT NULL AUTO_INCREMENT,
  `name` varchar(50) NOT NULL,
  `employee` int(11) NOT NULL,
  `jop` int(11) NOT NULL,
  `jopdescription` varchar(250) DEFAULT NULL,
  `joprule1` text DEFAULT NULL,
  `joprule2` text DEFAULT NULL,
  `joprule3` text DEFAULT NULL,
  `joprule4` text DEFAULT NULL,
  `workhours` int(11) DEFAULT NULL,
  `inorderhours` int(11) DEFAULT NULL,
  `workdaysoff` int(11) DEFAULT NULL,
  `salary` int(11) DEFAULT NULL,
  `salaryraise` int(11) DEFAULT NULL,
  `crtime` timestamp NOT NULL DEFAULT current_timestamp(),
  `user` int(11) NOT NULL,
  `info` varchar(250) DEFAULT NULL,
  `startcontract` date DEFAULT NULL,
  `endcontract` date DEFAULT NULL,
  `type` int(11) NOT NULL,
  `isdeleted` int(1) DEFAULT NULL,
  PRIMARY KEY (`id`)
) ENGINE=InnoDB DEFAULT CHARSET=utf8mb4;




DROP TABLE holidays;

CREATE TABLE `holidays` (
  `id` int(11) NOT NULL AUTO_INCREMENT,
  `name` varchar(10) NOT NULL,
  `info` text DEFAULT NULL,
  `crtime` timestamp NOT NULL DEFAULT current_timestamp(),
  `isdeleted` int(1) DEFAULT NULL,
  PRIMARY KEY (`id`)
) ENGINE=InnoDB AUTO_INCREMENT=3 DEFAULT CHARSET=utf8mb4;

INSERT INTO holidays VALUES ("1","اجازه 1","","2023-07-25 22:15:41","");
INSERT INTO holidays VALUES ("2","اجازه 2","","2023-07-25 22:15:41","");



DROP TABLE imgs;

CREATE TABLE `imgs` (
  `id` int(11) NOT NULL AUTO_INCREMENT,
  `iname` text NOT NULL,
  `cname` int(11) DEFAULT NULL,
  `itemid` int(11) NOT NULL,
  `size` int(11) NOT NULL,
  `crtime` timestamp NOT NULL DEFAULT current_timestamp(),
  PRIMARY KEY (`id`)
) ENGINE=InnoDB AUTO_INCREMENT=12 DEFAULT CHARSET=utf8mb4;

INSERT INTO imgs VALUES ("1","17045543934123730044824618413105556496.jpg","","3","0","2024-01-06 17:26:06");
INSERT INTO imgs VALUES ("2","17045614696247632908443483296291239229.jpg","","4","0","2024-01-06 19:18:05");
INSERT INTO imgs VALUES ("3","169332014916735908027911554449.webp","","5","0","2024-01-06 19:51:49");
INSERT INTO imgs VALUES ("4","17045814575787705317332314059403327155.jpg","","7","0","2024-01-07 00:51:39");
INSERT INTO imgs VALUES ("5","17048104087544210263403622143162833420.jpg","","476","0","2024-01-09 16:27:11");
INSERT INTO imgs VALUES ("6","hotcriminal328217.jpg","13","0","0","2024-01-17 22:30:11");
INSERT INTO imgs VALUES ("7","0_Amanda-Yeaman254935.webp","14","0","0","2024-01-17 23:07:50");
INSERT INTO imgs VALUES ("8","hotcriminal28398.jpg","14","0","0","2024-01-17 23:07:50");
INSERT INTO imgs VALUES ("9","liquorstoretattoo898713.jpg","14","0","0","2024-01-17 23:07:50");
INSERT INTO imgs VALUES ("10","hotcriminal986310.jpg","17","0","0","2024-01-18 00:00:26");
INSERT INTO imgs VALUES ("11","hotcriminal579018.jpg","18","0","0","2024-01-20 15:24:57");



DROP TABLE imporfplog;

CREATE TABLE `imporfplog` (
  `id` int(1) DEFAULT NULL,
  `basma_id` int(11) NOT NULL,
  `crtime` timestamp NOT NULL DEFAULT current_timestamp()
) ENGINE=InnoDB DEFAULT CHARSET=utf8mb4;




DROP TABLE item_group;

CREATE TABLE `item_group` (
  `id` int(11) NOT NULL AUTO_INCREMENT,
  `gname` varchar(100) NOT NULL,
  `info` varchar(200) DEFAULT NULL,
  `parent` int(1) DEFAULT 0,
  `crtime` timestamp NOT NULL DEFAULT current_timestamp(),
  `mdtime` timestamp NOT NULL DEFAULT current_timestamp() ON UPDATE current_timestamp(),
  `user` int(1) NOT NULL DEFAULT 0,
  PRIMARY KEY (`id`)
) ENGINE=InnoDB DEFAULT CHARSET=utf8mb4;




DROP TABLE item_group2;

CREATE TABLE `item_group2` (
  `id` int(11) NOT NULL AUTO_INCREMENT,
  `gname` varchar(100) NOT NULL,
  `info` varchar(100) DEFAULT NULL,
  `crtime` timestamp NOT NULL DEFAULT current_timestamp(),
  `mdtime` timestamp NOT NULL DEFAULT current_timestamp() ON UPDATE current_timestamp(),
  `user` int(11) NOT NULL DEFAULT 0,
  PRIMARY KEY (`id`)
) ENGINE=InnoDB DEFAULT CHARSET=utf8mb4;




DROP TABLE item_group3;

CREATE TABLE `item_group3` (
  `id` int(11) NOT NULL AUTO_INCREMENT,
  `gname` varchar(100) NOT NULL,
  `info` varchar(200) DEFAULT NULL,
  `crtime` timestamp NOT NULL DEFAULT current_timestamp(),
  `mdtime` timestamp NOT NULL DEFAULT current_timestamp() ON UPDATE current_timestamp(),
  `user` int(1) NOT NULL DEFAULT 0,
  PRIMARY KEY (`id`)
) ENGINE=InnoDB DEFAULT CHARSET=utf8mb4;




DROP TABLE item_units;

CREATE TABLE `item_units` (
  `id` int(11) NOT NULL AUTO_INCREMENT,
  `item_id` int(11) NOT NULL,
  `unit_id` int(11) NOT NULL,
  `u_val` decimal(10,3) NOT NULL,
  `def_sale` int(11) NOT NULL DEFAULT 0,
  `def_buy` int(11) NOT NULL DEFAULT 0,
  `def_stock` int(11) NOT NULL DEFAULT 0,
  `unit_barcode` varchar(20) NOT NULL,
  PRIMARY KEY (`id`)
) ENGINE=InnoDB AUTO_INCREMENT=35 DEFAULT CHARSET=utf8mb4;

INSERT INTO item_units VALUES ("1","517","1","1.000","0","0","0","517");
INSERT INTO item_units VALUES ("4","519","1","1.000","0","0","0","519");
INSERT INTO item_units VALUES ("5","519","2","96.000","0","0","0","991519");
INSERT INTO item_units VALUES ("6","476","1","1.000","0","0","0","476");
INSERT INTO item_units VALUES ("7","477","1","1.000","0","0","0","477");
INSERT INTO item_units VALUES ("8","478","1","1.000","0","0","0","478");
INSERT INTO item_units VALUES ("9","479","1","1.000","0","0","0","479");
INSERT INTO item_units VALUES ("10","480","1","1.000","0","0","0","480");
INSERT INTO item_units VALUES ("11","481","1","1.000","0","0","0","481");
INSERT INTO item_units VALUES ("12","482","1","1.000","0","0","0","482");
INSERT INTO item_units VALUES ("13","483","1","1.000","0","0","0","483");
INSERT INTO item_units VALUES ("14","484","1","1.000","0","0","0","484");
INSERT INTO item_units VALUES ("15","485","1","1.000","0","0","0","485");
INSERT INTO item_units VALUES ("16","486","1","1.000","0","0","0","486");
INSERT INTO item_units VALUES ("17","487","1","1.000","0","0","0","487");
INSERT INTO item_units VALUES ("18","488","1","1.000","0","0","0","488");
INSERT INTO item_units VALUES ("19","489","1","1.000","0","0","0","489");
INSERT INTO item_units VALUES ("20","499","1","1.000","0","0","0","499");
INSERT INTO item_units VALUES ("21","506","1","1.000","0","0","0","506");
INSERT INTO item_units VALUES ("22","507","1","1.000","0","0","0","507");
INSERT INTO item_units VALUES ("23","508","1","1.000","0","0","0","508");
INSERT INTO item_units VALUES ("24","509","1","1.000","0","0","0","509");
INSERT INTO item_units VALUES ("25","510","1","1.000","0","0","0","510");
INSERT INTO item_units VALUES ("26","511","1","1.000","0","0","0","511");
INSERT INTO item_units VALUES ("27","512","1","1.000","0","0","0","512");
INSERT INTO item_units VALUES ("28","513","1","1.000","0","0","0","513");
INSERT INTO item_units VALUES ("29","514","1","1.000","0","0","0","514");
INSERT INTO item_units VALUES ("30","515","1","1.000","0","0","0","515");
INSERT INTO item_units VALUES ("31","516","1","1.000","0","0","0","516");
INSERT INTO item_units VALUES ("32","517","1","1.000","0","0","0","517");
INSERT INTO item_units VALUES ("33","518","1","1.000","0","0","0","518");
INSERT INTO item_units VALUES ("34","519","1","1.000","0","0","0","519");



DROP TABLE joplevels;

CREATE TABLE `joplevels` (
  `id` int(11) NOT NULL AUTO_INCREMENT,
  `name` varchar(50) NOT NULL,
  `info` varchar(250) DEFAULT NULL,
  `crtime` timestamp NOT NULL DEFAULT current_timestamp() ON UPDATE current_timestamp(),
  `isdeleted` int(1) DEFAULT NULL,
  PRIMARY KEY (`id`)
) ENGINE=InnoDB AUTO_INCREMENT=6 DEFAULT CHARSET=utf8mb4;

INSERT INTO joplevels VALUES ("1","متدرب","                                                                                                                        ","2023-07-31 16:33:20","");
INSERT INTO joplevels VALUES ("2","مبتدئ","","2023-07-22 21:19:48","");
INSERT INTO joplevels VALUES ("3","خبير","awesome","2023-07-31 16:34:25","");
INSERT INTO joplevels VALUES ("4","مدير .","info","2023-08-11 06:48:33","1");
INSERT INTO joplevels VALUES ("5","Trainee","info
","2023-08-11 06:44:50","1");



DROP TABLE joprules;

CREATE TABLE `joprules` (
  `id` int(11) NOT NULL AUTO_INCREMENT,
  `name` varchar(50) NOT NULL,
  `info` varchar(250) DEFAULT NULL,
  `crtime` timestamp NOT NULL DEFAULT current_timestamp(),
  `isdeleted` int(11) DEFAULT NULL,
  PRIMARY KEY (`id`)
) ENGINE=InnoDB AUTO_INCREMENT=7 DEFAULT CHARSET=utf8mb4;

INSERT INTO joprules VALUES ("1","دوام كلي","","2023-07-22 21:20:28","");
INSERT INTO joprules VALUES ("2","دوام جزئي","                                    awesome
","2023-07-22 21:20:28","1");
INSERT INTO joprules VALUES ("3","joprule 1","info about joprule 1","2023-08-11 06:24:56","1");
INSERT INTO joprules VALUES ("4","jop ruleeee2","","2023-08-11 06:27:34","1");
INSERT INTO joprules VALUES ("5","joprule 4","info","2023-08-11 06:31:06","1");
INSERT INTO joprules VALUES ("6","Arts","jj","2023-08-23 20:57:21","1");



DROP TABLE jops;

CREATE TABLE `jops` (
  `id` int(11) NOT NULL AUTO_INCREMENT,
  `name` varchar(50) NOT NULL,
  `info` varchar(250) DEFAULT NULL,
  `crtime` timestamp NOT NULL DEFAULT current_timestamp(),
  `isdeleted` int(1) DEFAULT NULL,
  PRIMARY KEY (`id`)
) ENGINE=InnoDB AUTO_INCREMENT=18 DEFAULT CHARSET=utf8mb4;

INSERT INTO jops VALUES ("1","ceo","","2023-07-22 20:58:45","");
INSERT INTO jops VALUES ("2","technical support","","2023-07-22 20:58:57","");
INSERT INTO jops VALUES ("3","indoor technical","","2023-07-22 20:59:16","");
INSERT INTO jops VALUES ("4","office","","2023-07-22 20:59:16","");
INSERT INTO jops VALUES ("5","مبيعات","","2023-07-30 03:49:49","");
INSERT INTO jops VALUES ("6","بائع","                                                        awesome","2023-07-30 03:58:48","");
INSERT INTO jops VALUES ("8","Backend Developer","Some Info About Him

","2023-07-31 16:16:24","");
INSERT INTO jops VALUES ("11","مبرمج","","2023-08-01 00:03:01","");
INSERT INTO jops VALUES ("13","Deziner","","2023-08-06 21:31:49","");
INSERT INTO jops VALUES ("14","1admin","                    1        qw                            ","2023-08-10 16:50:36","");
INSERT INTO jops VALUES ("15","admin","1","2023-08-10 16:54:02","");
INSERT INTO jops VALUES ("16","الصيانه","11","2023-08-10 16:56:38","");
INSERT INTO jops VALUES ("17","Arts","kkk","2023-08-23 20:56:49","");



DROP TABLE joptybes;

CREATE TABLE `joptybes` (
  `id` int(11) NOT NULL AUTO_INCREMENT,
  `name` varchar(20) NOT NULL,
  `info` text DEFAULT NULL,
  `crtime` timestamp NOT NULL DEFAULT current_timestamp(),
  `isdeleted` int(1) DEFAULT NULL,
  PRIMARY KEY (`id`)
) ENGINE=InnoDB AUTO_INCREMENT=3 DEFAULT CHARSET=utf8mb4;

INSERT INTO joptybes VALUES ("1","tybe1","","2023-07-25 22:17:59","");
INSERT INTO joptybes VALUES ("2","tybe2","","2023-07-25 22:17:59","");



DROP TABLE journal_entries;

CREATE TABLE `journal_entries` (
  `id` int(1) NOT NULL AUTO_INCREMENT,
  `journal_id` int(1) NOT NULL,
  `account_id` int(1) NOT NULL,
  `debit` int(11) NOT NULL DEFAULT 0,
  `credit` int(11) NOT NULL DEFAULT 0,
  `tybe` int(1) NOT NULL,
  `info` varchar(150) DEFAULT NULL,
  `crtime` timestamp NOT NULL DEFAULT current_timestamp(),
  `mdtime` timestamp NOT NULL DEFAULT current_timestamp() ON UPDATE current_timestamp(),
  PRIMARY KEY (`id`),
  KEY `account_id` (`account_id`),
  KEY `journal_id` (`journal_id`),
  CONSTRAINT `journal_entries_ibfk_1` FOREIGN KEY (`account_id`) REFERENCES `acc_head` (`id`),
  CONSTRAINT `journal_entries_ibfk_2` FOREIGN KEY (`journal_id`) REFERENCES `journal_heads` (`id`)
) ENGINE=InnoDB AUTO_INCREMENT=351 DEFAULT CHARSET=utf8mb4;

INSERT INTO journal_entries VALUES ("305","201","27","29300","0","0","","2024-03-24 16:57:11","2024-03-24 16:57:11");
INSERT INTO journal_entries VALUES ("306","201","120","0","29300","1","","2024-03-24 16:57:11","2024-03-24 16:57:11");
INSERT INTO journal_entries VALUES ("307","202","27","1465","0","0","","2024-03-24 16:58:34","2024-03-24 16:58:34");
INSERT INTO journal_entries VALUES ("308","202","120","0","1465","1","","2024-03-24 16:58:34","2024-03-24 16:58:34");
INSERT INTO journal_entries VALUES ("309","203","27","62520","0","0","","2024-03-24 17:02:44","2024-03-24 17:02:44");
INSERT INTO journal_entries VALUES ("310","203","120","0","62520","1","","2024-03-24 17:02:44","2024-03-24 17:02:44");
INSERT INTO journal_entries VALUES ("311","204","27","21975","0","0","","2024-03-24 17:08:35","2024-03-24 17:08:35");
INSERT INTO journal_entries VALUES ("312","204","103","0","21975","1","","2024-03-24 17:08:35","2024-03-24 17:08:35");
INSERT INTO journal_entries VALUES ("313","205","27","30500","0","0","","2024-03-25 23:40:34","2024-03-25 23:40:34");
INSERT INTO journal_entries VALUES ("314","205","103","0","30500","1","","2024-03-25 23:40:34","2024-03-25 23:40:34");
INSERT INTO journal_entries VALUES ("315","206","27","11250","0","0","","2024-03-26 01:55:17","2024-03-26 01:55:17");
INSERT INTO journal_entries VALUES ("316","206","103","0","11250","1","","2024-03-26 01:55:17","2024-03-26 01:55:17");
INSERT INTO journal_entries VALUES ("317","207","27","5250","0","0","","2024-03-26 20:47:12","2024-03-26 20:47:12");
INSERT INTO journal_entries VALUES ("318","207","121","0","5250","1","","2024-03-26 20:47:12","2024-03-26 20:47:12");
INSERT INTO journal_entries VALUES ("319","208","24","8400","0","0","","2024-03-27 14:49:03","2024-03-27 14:49:03");
INSERT INTO journal_entries VALUES ("320","208","27","0","8400","1","","2024-03-27 14:49:03","2024-03-27 14:49:03");
INSERT INTO journal_entries VALUES ("321","209","24","2250","0","0","","2024-03-27 14:56:39","2024-03-27 14:56:39");
INSERT INTO journal_entries VALUES ("322","209","27","0","2250","1","","2024-03-27 14:56:39","2024-03-27 14:56:39");
INSERT INTO journal_entries VALUES ("323","210","71","185","0","0","","2024-03-27 14:59:44","2024-03-27 14:59:44");
INSERT INTO journal_entries VALUES ("324","210","27","0","185","1","","2024-03-27 14:59:44","2024-03-27 14:59:44");
INSERT INTO journal_entries VALUES ("325","211","71","1600","0","0","","2024-03-27 15:00:05","2024-03-27 15:00:05");
INSERT INTO journal_entries VALUES ("326","211","27","0","1600","1","","2024-03-27 15:00:05","2024-03-27 15:00:05");
INSERT INTO journal_entries VALUES ("327","212","106","1500","0","0","","2024-04-12 05:58:38","2024-04-12 05:58:38");
INSERT INTO journal_entries VALUES ("328","212","99","0","1500","1","","2024-04-12 05:58:38","2024-04-12 05:58:38");
INSERT INTO journal_entries VALUES ("329","213","106","2500","0","0","","2024-04-12 05:58:38","2024-04-12 05:58:38");
INSERT INTO journal_entries VALUES ("330","213","99","0","2500","1","","2024-04-12 05:58:38","2024-04-12 05:58:38");
INSERT INTO journal_entries VALUES ("331","214","106","2500","0","0","","2024-04-12 05:58:38","2024-04-12 05:58:38");
INSERT INTO journal_entries VALUES ("332","214","99","0","2500","1","","2024-04-12 05:58:38","2024-04-12 05:58:38");
INSERT INTO journal_entries VALUES ("333","215","106","5000","0","0","","2024-04-12 05:58:38","2024-04-12 05:58:38");
INSERT INTO journal_entries VALUES ("334","215","99","0","5000","1","","2024-04-12 05:58:38","2024-04-12 05:58:38");
INSERT INTO journal_entries VALUES ("335","216","62","1000","0","0","","2024-04-12 05:58:38","2024-04-12 05:58:38");
INSERT INTO journal_entries VALUES ("336","216","99","0","1000","1","","2024-04-12 05:58:38","2024-04-12 05:58:38");
INSERT INTO journal_entries VALUES ("337","217","109","500","0","0","","2024-04-12 05:58:38","2024-04-12 05:58:38");
INSERT INTO journal_entries VALUES ("338","217","99","0","500","1","","2024-04-12 05:58:38","2024-04-12 05:58:38");
INSERT INTO journal_entries VALUES ("339","218","112","1000","0","0","","2024-04-12 05:58:38","2024-04-12 05:58:38");
INSERT INTO journal_entries VALUES ("340","218","99","0","1000","1","","2024-04-12 05:58:38","2024-04-12 05:58:38");
INSERT INTO journal_entries VALUES ("341","219","125","6750","0","0","","2024-04-14 20:08:43","2024-04-14 20:08:43");
INSERT INTO journal_entries VALUES ("342","219","27","0","6750","1","","2024-04-14 20:08:43","2024-04-14 20:08:43");
INSERT INTO journal_entries VALUES ("343","220","91","100","0","0","","2024-04-14 20:08:43","2024-04-14 20:08:43");
INSERT INTO journal_entries VALUES ("344","220","125","0","100","1","","2024-04-14 20:08:43","2024-04-14 20:08:43");
INSERT INTO journal_entries VALUES ("345","221","27","6000","0","0","","2024-04-14 20:08:43","2024-04-14 20:08:43");
INSERT INTO journal_entries VALUES ("346","221","21","0","6000","1","","2024-04-14 20:08:43","2024-04-14 20:08:43");
INSERT INTO journal_entries VALUES ("347","222","27","4800","0","0","","2024-04-14 20:09:57","2024-04-14 20:09:57");
INSERT INTO journal_entries VALUES ("348","222","103","0","4800","1","","2024-04-14 20:09:57","2024-04-14 20:09:57");
INSERT INTO journal_entries VALUES ("349","223","103","4000","0","0","","2024-04-14 20:09:57","2024-04-14 20:09:57");
INSERT INTO journal_entries VALUES ("350","223","21","0","4000","1","","2024-04-14 20:09:57","2024-04-14 20:09:57");



DROP TABLE journal_heads;

CREATE TABLE `journal_heads` (
  `id` int(11) NOT NULL AUTO_INCREMENT,
  `journal_id` int(11) NOT NULL,
  `total` double NOT NULL,
  `jdate` date NOT NULL DEFAULT current_timestamp(),
  `op_id` int(11) DEFAULT NULL,
  `pro_tybe` int(11) DEFAULT NULL,
  `details` varchar(250) DEFAULT NULL,
  `crtime` timestamp NOT NULL DEFAULT current_timestamp(),
  `mdtime` timestamp NOT NULL DEFAULT current_timestamp() ON UPDATE current_timestamp(),
  `user` int(1) DEFAULT NULL,
  PRIMARY KEY (`id`),
  KEY `journal_heads_ibfk_1` (`pro_tybe`),
  CONSTRAINT `journal_heads_ibfk_1` FOREIGN KEY (`pro_tybe`) REFERENCES `pro_tybes` (`id`) ON DELETE SET NULL ON UPDATE SET NULL
) ENGINE=InnoDB AUTO_INCREMENT=224 DEFAULT CHARSET=utf8mb4;

INSERT INTO journal_heads VALUES ("201","1","29300","2024-03-24","80","","فاتورة مشتريات _  1","2024-03-24 16:57:11","2024-03-24 16:57:11","1");
INSERT INTO journal_heads VALUES ("202","2","1465","2024-03-24","81","","فاتورة مشتريات _  2","2024-03-24 16:58:34","2024-03-24 16:58:34","1");
INSERT INTO journal_heads VALUES ("203","3","62520","2024-03-24","82","","فاتورة مشتريات _  3","2024-03-24 17:02:44","2024-03-24 17:02:44","1");
INSERT INTO journal_heads VALUES ("204","4","21975","2024-03-24","83","","فاتورة مشتريات _  4","2024-03-24 17:08:35","2024-03-24 17:08:35","1");
INSERT INTO journal_heads VALUES ("205","5","30500","2024-03-11","84","","فاتورة مشتريات _  5","2024-03-25 23:40:34","2024-03-25 23:40:34","1");
INSERT INTO journal_heads VALUES ("206","6","11250","2024-03-25","85","","فاتورة مشتريات _  6","2024-03-26 01:55:17","2024-03-26 01:55:17","1");
INSERT INTO journal_heads VALUES ("207","7","5250","2024-03-26","87","","فاتورة مشتريات _  7","2024-03-26 20:47:12","2024-03-26 20:47:12","1");
INSERT INTO journal_heads VALUES ("208","8","8400","2024-03-27","88","","فاتورة مبيعات _  1","2024-03-27 14:49:03","2024-03-27 14:49:03","1");
INSERT INTO journal_heads VALUES ("209","9","2250","2024-03-27","89","","فاتورة مبيعات _  2","2024-03-27 14:56:39","2024-03-27 14:56:39","1");
INSERT INTO journal_heads VALUES ("210","10","185","2024-03-27","90","","فاتورة مبيعات _  3","2024-03-27 14:59:44","2024-03-27 14:59:44","1");
INSERT INTO journal_heads VALUES ("211","11","1600","2024-03-27","91","","فاتورة مبيعات _  4","2024-03-27 15:00:05","2024-03-27 15:00:05","1");
INSERT INTO journal_heads VALUES ("212","12","1500","2024-04-12","","","استحقاق ايجار عن الوحدة 67 ","2024-04-12 05:58:38","2024-04-12 05:58:38","1");
INSERT INTO journal_heads VALUES ("213","13","2500","2024-04-12","","","استحقاق ايجار عن الوحدة 76 ","2024-04-12 05:58:38","2024-04-12 05:58:38","1");
INSERT INTO journal_heads VALUES ("214","14","2500","2024-04-12","","","استحقاق ايجار عن الوحدة 108 ","2024-04-12 05:58:38","2024-04-12 05:58:38","1");
INSERT INTO journal_heads VALUES ("215","15","5000","2024-04-12","","","استحقاق ايجار عن الوحدة 68 ","2024-04-12 05:58:38","2024-04-12 05:58:38","1");
INSERT INTO journal_heads VALUES ("216","16","1000","2024-04-12","","","استحقاق ايجار عن الوحدة 75 ","2024-04-12 05:58:38","2024-04-12 05:58:38","1");
INSERT INTO journal_heads VALUES ("217","17","500","2024-04-12","","","استحقاق ايجار عن الوحدة 110 ","2024-04-12 05:58:38","2024-04-12 05:58:38","1");
INSERT INTO journal_heads VALUES ("218","18","1000","2024-04-12","","","استحقاق ايجار عن الوحدة 111 ","2024-04-12 05:58:38","2024-04-12 05:58:38","1");
INSERT INTO journal_heads VALUES ("219","19","6750","2024-04-14","99","","فاتورة مبيعات _  5","2024-04-14 20:08:43","2024-04-14 20:08:43","1");
INSERT INTO journal_heads VALUES ("220","20","6750","2024-04-14","99","","خصم مسموح به _  5","2024-04-14 20:08:43","2024-04-14 20:08:43","1");
INSERT INTO journal_heads VALUES ("221","21","6000","2024-04-14","99",""," سند قبض _  5","2024-04-14 20:08:43","2024-04-14 20:08:43","1");
INSERT INTO journal_heads VALUES ("222","22","4800","2024-04-14","101","","فاتورة مشتريات _  8","2024-04-14 20:09:57","2024-04-14 20:09:57","1");
INSERT INTO journal_heads VALUES ("223","23","4000","2024-04-14","101",""," سند قبض _  8","2024-04-14 20:09:57","2024-04-14 20:09:57","1");



DROP TABLE journal_tybes;

CREATE TABLE `journal_tybes` (
  `id` int(11) NOT NULL AUTO_INCREMENT,
  `journal_id` int(11) DEFAULT NULL,
  `jname` varchar(222) DEFAULT NULL,
  `jtext` varchar(222) DEFAULT NULL,
  `info` varchar(222) DEFAULT NULL,
  `crtime` timestamp NOT NULL DEFAULT current_timestamp(),
  `mdtime` timestamp NOT NULL DEFAULT current_timestamp(),
  PRIMARY KEY (`id`)
) ENGINE=InnoDB AUTO_INCREMENT=8 DEFAULT CHARSET=utf8mb4;

INSERT INTO journal_tybes VALUES ("1","1","purchases","يومية المشتريات","","2024-03-14 02:34:38","2024-03-14 02:34:38");
INSERT INTO journal_tybes VALUES ("2","2","sales","يومية المبيعات","","2024-03-14 02:34:38","2024-03-14 02:34:38");
INSERT INTO journal_tybes VALUES ("3","3","Payments","يومية المدفوعات","","2024-03-14 02:34:38","2024-03-14 02:34:38");
INSERT INTO journal_tybes VALUES ("4","4","receipts","يومية المقبوضات","","2024-03-14 02:34:38","2024-03-14 02:34:38");
INSERT INTO journal_tybes VALUES ("5","5","Accrueds","ايراد مستحق","","2024-03-14 02:34:38","2024-03-14 02:34:38");
INSERT INTO journal_tybes VALUES ("6","6","Accrueds","خصم مكتسب","","2024-03-14 02:34:38","2024-03-14 02:34:38");
INSERT INTO journal_tybes VALUES ("7","7","Accrueds","خصم مسموح به","","2024-03-14 02:34:38","2024-03-14 02:34:38");



DROP TABLE karta;

CREATE TABLE `karta` (
  `id` int(11) NOT NULL AUTO_INCREMENT,
  `kname` varchar(200) NOT NULL,
  `info` varchar(200) DEFAULT NULL,
  `crtime` timestamp NOT NULL DEFAULT current_timestamp(),
  `mdtime` timestamp NULL DEFAULT current_timestamp(),
  PRIMARY KEY (`id`)
) ENGINE=InnoDB AUTO_INCREMENT=2 DEFAULT CHARSET=utf8mb4;

INSERT INTO karta VALUES ("1","مكان 1","000","2024-01-17 21:43:48","2024-01-17 21:43:48");



DROP TABLE my_news;

CREATE TABLE `my_news` (
  `id` int(11) NOT NULL AUTO_INCREMENT,
  `title` varchar(200) NOT NULL,
  `img` varchar(250) DEFAULT NULL,
  `tags` varchar(250) DEFAULT NULL,
  `content` text NOT NULL,
  `user` int(11) NOT NULL DEFAULT 1,
  `crtime` timestamp NOT NULL DEFAULT current_timestamp(),
  `mdtime` timestamp NOT NULL DEFAULT current_timestamp() ON UPDATE current_timestamp(),
  `isdeleted` int(11) NOT NULL DEFAULT 0,
  PRIMARY KEY (`id`)
) ENGINE=InnoDB AUTO_INCREMENT=4 DEFAULT CHARSET=utf8mb4;

INSERT INTO my_news VALUES ("1","بدأنا النشر","lana-del-rey-gettyimages-11732377906214.jpg","عامة","تجربة&nbsp;","1","2024-04-16 23:23:03","2024-04-16 23:23:03","0");
INSERT INTO my_news VALUES ("2","الشروع في العمل","","أخبار","بدأ المشروع من خلال فكرة ان يكون لنا مشروعنا المستقل لشؤون الموظفين&nbsp;","1","2024-04-17 00:04:55","2024-04-17 00:04:55","0");
INSERT INTO my_news VALUES ("3","عرقلة جعلتنا نحلم","","عامة,erb","عند العمل علي مشروعنا برنامج الموارد البشرية وجدنا بعد ان اضفنا الموظفين و الحضور و السحب من جهاز البصمة<br>وجدنا انه يجب علينا حساب الاستحقاق للموظف&nbsp;<br>صديقي هنا يجب ان نبدأ ان نتعامل مع الموظف كحساب لنحتسب له الراتب و الاضافي و الخصم و التأمينات<br>و من هنا بدأت الحاجة الملحة لتأسيس مبدأي لشجرة حسابات<br>و من هنا بدأنا ببرنامج للحضور و ها نحن ذا نعمل علي برنامج erb","1","2024-04-17 05:12:15","2024-04-17 05:12:15","0");



DROP TABLE myinstallments;

CREATE TABLE `myinstallments` (
  `id` int(11) NOT NULL AUTO_INCREMENT,
  `cl_id` int(11) NOT NULL,
  `rent_id` int(11) NOT NULL,
  `contract` int(11) DEFAULT 0,
  `ins_value` double NOT NULL DEFAULT 0,
  `ins_date` date NOT NULL,
  `ins_case` int(11) NOT NULL,
  `ins_paid` double NOT NULL,
  `voucher` int(11) DEFAULT NULL,
  `crtime` timestamp NOT NULL DEFAULT current_timestamp(),
  `mdtime` timestamp NOT NULL DEFAULT current_timestamp() ON UPDATE current_timestamp(),
  `info` varchar(250) DEFAULT NULL,
  PRIMARY KEY (`id`),
  KEY `cl_id` (`cl_id`),
  KEY `rent_id` (`rent_id`),
  KEY `contract` (`contract`),
  CONSTRAINT `myinstallments_ibfk_1` FOREIGN KEY (`cl_id`) REFERENCES `acc_head` (`id`),
  CONSTRAINT `myinstallments_ibfk_2` FOREIGN KEY (`rent_id`) REFERENCES `acc_head` (`id`),
  CONSTRAINT `myinstallments_ibfk_3` FOREIGN KEY (`contract`) REFERENCES `myrents` (`id`)
) ENGINE=InnoDB AUTO_INCREMENT=212 DEFAULT CHARSET=utf8mb4;

INSERT INTO myinstallments VALUES ("56","106","67","25","1500","2024-01-01","2","0","","2024-03-18 04:59:46","2024-03-18 04:59:49","");
INSERT INTO myinstallments VALUES ("57","106","67","25","1500","2024-02-01","2","0","","2024-03-18 04:59:46","2024-03-18 04:59:49","");
INSERT INTO myinstallments VALUES ("58","106","67","25","1500","2024-03-01","2","0","","2024-03-18 04:59:46","2024-03-18 04:59:49","");
INSERT INTO myinstallments VALUES ("59","106","67","25","1500","2024-04-01","2","0","","2024-03-18 04:59:46","2024-04-12 05:58:38","");
INSERT INTO myinstallments VALUES ("60","106","67","25","1500","2024-05-01","1","0","","2024-03-18 04:59:46","2024-03-18 04:59:46","");
INSERT INTO myinstallments VALUES ("61","106","67","25","1500","2024-06-01","1","0","","2024-03-18 04:59:46","2024-03-18 04:59:46","");
INSERT INTO myinstallments VALUES ("62","106","67","25","1500","2024-07-01","1","0","","2024-03-18 04:59:46","2024-03-18 04:59:46","");
INSERT INTO myinstallments VALUES ("63","106","67","25","1500","2024-08-01","1","0","","2024-03-18 04:59:46","2024-03-18 04:59:46","");
INSERT INTO myinstallments VALUES ("64","106","67","25","1500","2024-09-01","1","0","","2024-03-18 04:59:46","2024-03-18 04:59:46","");
INSERT INTO myinstallments VALUES ("65","106","67","25","1500","2024-10-01","1","0","","2024-03-18 04:59:46","2024-03-18 04:59:46","");
INSERT INTO myinstallments VALUES ("66","106","67","25","1500","2024-11-01","1","0","","2024-03-18 04:59:46","2024-03-18 04:59:46","");
INSERT INTO myinstallments VALUES ("67","106","67","25","1500","2024-12-01","1","0","","2024-03-18 04:59:46","2024-03-18 04:59:46","");
INSERT INTO myinstallments VALUES ("68","106","76","26","2500","2023-07-01","2","0","","2024-03-18 17:00:17","2024-03-18 17:02:49","");
INSERT INTO myinstallments VALUES ("69","106","76","26","2500","2023-08-01","2","0","","2024-03-18 17:00:17","2024-03-18 17:02:49","");
INSERT INTO myinstallments VALUES ("70","106","76","26","2500","2023-09-01","2","0","","2024-03-18 17:00:17","2024-03-18 17:02:49","");
INSERT INTO myinstallments VALUES ("71","106","76","26","2500","2023-10-01","2","0","","2024-03-18 17:00:17","2024-03-18 17:02:49","");
INSERT INTO myinstallments VALUES ("72","106","76","26","2500","2023-11-01","2","0","","2024-03-18 17:00:17","2024-03-18 17:02:49","");
INSERT INTO myinstallments VALUES ("73","106","76","26","2500","2023-12-01","2","0","","2024-03-18 17:00:17","2024-03-18 17:02:49","");
INSERT INTO myinstallments VALUES ("74","106","76","26","2500","2024-01-01","3","2500","30","2024-03-18 17:00:17","2024-03-18 21:24:18","");
INSERT INTO myinstallments VALUES ("75","106","76","26","2500","2024-02-01","2","0","","2024-03-18 17:00:17","2024-03-18 17:02:49","");
INSERT INTO myinstallments VALUES ("76","106","76","26","2500","2024-03-01","2","0","","2024-03-18 17:00:17","2024-03-18 17:02:49","");
INSERT INTO myinstallments VALUES ("77","106","76","26","2500","2024-04-01","2","0","","2024-03-18 17:00:17","2024-04-12 05:58:38","");
INSERT INTO myinstallments VALUES ("78","106","76","26","2500","2024-05-01","1","0","","2024-03-18 17:00:17","2024-03-18 17:00:17","");
INSERT INTO myinstallments VALUES ("79","106","76","26","2500","2024-06-01","1","0","","2024-03-18 17:00:17","2024-03-18 17:00:17","");
INSERT INTO myinstallments VALUES ("80","106","76","26","2500","2024-07-01","1","0","","2024-03-18 17:00:17","2024-03-18 17:00:17","");
INSERT INTO myinstallments VALUES ("81","106","76","26","2500","2024-08-01","1","0","","2024-03-18 17:00:17","2024-03-18 17:00:17","");
INSERT INTO myinstallments VALUES ("82","106","76","26","2500","2024-09-01","1","0","","2024-03-18 17:00:17","2024-03-18 17:00:17","");
INSERT INTO myinstallments VALUES ("83","106","76","26","2500","2024-10-01","1","0","","2024-03-18 17:00:17","2024-03-18 17:00:17","");
INSERT INTO myinstallments VALUES ("84","106","76","26","2500","2024-11-01","1","0","","2024-03-18 17:00:17","2024-03-18 17:00:17","");
INSERT INTO myinstallments VALUES ("85","106","76","26","2500","2024-12-01","1","0","","2024-03-18 17:00:17","2024-03-18 17:00:17","");
INSERT INTO myinstallments VALUES ("86","106","76","26","2500","2025-01-01","1","0","","2024-03-18 17:00:17","2024-03-18 17:00:17","");
INSERT INTO myinstallments VALUES ("87","106","76","26","2500","2025-02-01","1","0","","2024-03-18 17:00:17","2024-03-18 17:00:17","");
INSERT INTO myinstallments VALUES ("88","106","108","27","2500","2022-02-01","2","0","","2024-03-18 17:06:32","2024-03-18 17:09:08","");
INSERT INTO myinstallments VALUES ("89","106","108","27","2500","2022-03-01","2","0","","2024-03-18 17:06:32","2024-03-18 17:09:08","");
INSERT INTO myinstallments VALUES ("90","106","108","27","2500","2022-04-01","2","0","","2024-03-18 17:06:32","2024-03-18 17:09:08","");
INSERT INTO myinstallments VALUES ("91","106","108","27","2500","2022-05-01","2","0","","2024-03-18 17:06:32","2024-03-18 17:09:08","");
INSERT INTO myinstallments VALUES ("92","106","108","27","2500","2022-06-01","2","0","","2024-03-18 17:06:32","2024-03-18 17:09:08","");
INSERT INTO myinstallments VALUES ("93","106","108","27","2500","2022-07-01","2","0","","2024-03-18 17:06:32","2024-03-18 17:09:08","");
INSERT INTO myinstallments VALUES ("94","106","108","27","2500","2022-08-01","2","0","","2024-03-18 17:06:32","2024-03-18 17:09:08","");
INSERT INTO myinstallments VALUES ("95","106","108","27","2500","2022-09-01","2","0","","2024-03-18 17:06:32","2024-03-18 17:09:08","");
INSERT INTO myinstallments VALUES ("96","106","108","27","2500","2022-10-01","2","0","","2024-03-18 17:06:32","2024-03-18 17:09:08","");
INSERT INTO myinstallments VALUES ("97","106","108","27","2500","2022-11-01","2","0","","2024-03-18 17:06:32","2024-03-18 17:09:08","");
INSERT INTO myinstallments VALUES ("98","106","108","27","2500","2022-12-01","2","0","","2024-03-18 17:06:32","2024-03-18 17:09:08","");
INSERT INTO myinstallments VALUES ("99","106","108","27","2500","2023-01-01","2","0","","2024-03-18 17:06:32","2024-03-18 17:09:08","");
INSERT INTO myinstallments VALUES ("100","106","108","27","2500","2023-02-01","2","0","","2024-03-18 17:06:32","2024-03-18 17:09:08","");
INSERT INTO myinstallments VALUES ("101","106","108","27","2500","2023-03-01","2","0","","2024-03-18 17:06:32","2024-03-18 17:09:08","");
INSERT INTO myinstallments VALUES ("102","106","108","27","2500","2023-04-01","2","0","","2024-03-18 17:06:32","2024-03-18 17:09:08","");
INSERT INTO myinstallments VALUES ("103","106","108","27","2500","2023-05-01","2","0","","2024-03-18 17:06:32","2024-03-18 17:09:08","");
INSERT INTO myinstallments VALUES ("104","106","108","27","2500","2023-06-01","2","0","","2024-03-18 17:06:32","2024-03-18 17:09:08","");
INSERT INTO myinstallments VALUES ("105","106","108","27","2500","2023-07-01","2","0","","2024-03-18 17:06:32","2024-03-18 17:09:08","");
INSERT INTO myinstallments VALUES ("106","106","108","27","2500","2023-08-01","2","0","","2024-03-18 17:06:32","2024-03-18 17:09:08","");
INSERT INTO myinstallments VALUES ("107","106","108","27","2500","2023-09-01","2","0","","2024-03-18 17:06:32","2024-03-18 17:09:08","");
INSERT INTO myinstallments VALUES ("108","106","108","27","2500","2023-10-01","2","0","","2024-03-18 17:06:32","2024-03-18 17:09:08","");
INSERT INTO myinstallments VALUES ("109","106","108","27","2500","2023-11-01","2","0","","2024-03-18 17:06:32","2024-03-18 17:09:08","");
INSERT INTO myinstallments VALUES ("110","106","108","27","2500","2023-12-01","2","0","","2024-03-18 17:06:32","2024-03-18 17:09:08","");
INSERT INTO myinstallments VALUES ("111","106","108","27","2500","2024-01-01","2","0","","2024-03-18 17:06:32","2024-03-18 17:09:08","");
INSERT INTO myinstallments VALUES ("112","106","108","27","2500","2024-02-01","2","0","","2024-03-18 17:06:32","2024-03-18 17:09:08","");
INSERT INTO myinstallments VALUES ("113","106","108","27","2500","2024-03-01","2","0","","2024-03-18 17:06:32","2024-03-18 17:09:08","");
INSERT INTO myinstallments VALUES ("114","106","108","27","2500","2024-04-01","2","0","","2024-03-18 17:06:32","2024-04-12 05:58:38","");
INSERT INTO myinstallments VALUES ("115","106","108","27","2500","2024-05-01","1","0","","2024-03-18 17:06:32","2024-03-18 17:06:32","");
INSERT INTO myinstallments VALUES ("116","106","108","27","2500","2024-06-01","1","0","","2024-03-18 17:06:32","2024-03-18 17:06:32","");
INSERT INTO myinstallments VALUES ("117","106","68","28","5000","2022-11-01","2","0","","2024-03-18 17:13:50","2024-03-18 17:14:09","");
INSERT INTO myinstallments VALUES ("118","106","68","28","5000","2022-12-01","2","0","","2024-03-18 17:13:50","2024-03-18 17:14:09","");
INSERT INTO myinstallments VALUES ("119","106","68","28","5000","2023-01-01","2","0","","2024-03-18 17:13:50","2024-03-18 17:14:09","");
INSERT INTO myinstallments VALUES ("120","106","68","28","5000","2023-02-01","2","0","","2024-03-18 17:13:50","2024-03-18 17:14:09","");
INSERT INTO myinstallments VALUES ("121","106","68","28","5000","2023-03-01","2","0","","2024-03-18 17:13:50","2024-03-18 17:14:09","");
INSERT INTO myinstallments VALUES ("122","106","68","28","5000","2023-04-01","2","0","","2024-03-18 17:13:50","2024-03-18 17:14:09","");
INSERT INTO myinstallments VALUES ("123","106","68","28","5000","2023-05-01","2","0","","2024-03-18 17:13:50","2024-03-18 17:14:09","");
INSERT INTO myinstallments VALUES ("124","106","68","28","5000","2023-06-01","2","0","","2024-03-18 17:13:50","2024-03-18 17:14:09","");
INSERT INTO myinstallments VALUES ("125","106","68","28","5000","2023-07-01","2","0","","2024-03-18 17:13:50","2024-03-18 17:14:09","");
INSERT INTO myinstallments VALUES ("126","106","68","28","5000","2023-08-01","2","0","","2024-03-18 17:13:50","2024-03-18 17:14:09","");
INSERT INTO myinstallments VALUES ("127","106","68","28","5000","2023-09-01","2","0","","2024-03-18 17:13:50","2024-03-18 17:14:09","");
INSERT INTO myinstallments VALUES ("128","106","68","28","5000","2023-10-01","2","0","","2024-03-18 17:13:50","2024-03-18 17:14:09","");
INSERT INTO myinstallments VALUES ("129","106","68","28","5000","2023-11-01","2","0","","2024-03-18 17:13:50","2024-03-18 17:14:09","");
INSERT INTO myinstallments VALUES ("130","106","68","28","5000","2023-12-01","2","0","","2024-03-18 17:13:50","2024-03-18 17:14:09","");
INSERT INTO myinstallments VALUES ("131","106","68","28","5000","2024-01-01","2","0","","2024-03-18 17:13:50","2024-03-18 17:14:09","");
INSERT INTO myinstallments VALUES ("132","106","68","28","5000","2024-02-01","2","0","","2024-03-18 17:13:50","2024-03-18 17:14:09","");
INSERT INTO myinstallments VALUES ("133","106","68","28","5000","2024-03-01","2","0","","2024-03-18 17:13:50","2024-03-18 17:14:09","");
INSERT INTO myinstallments VALUES ("134","106","68","28","5000","2024-04-01","2","0","","2024-03-18 17:13:50","2024-04-12 05:58:38","");
INSERT INTO myinstallments VALUES ("135","106","68","28","5000","2024-05-01","1","0","","2024-03-18 17:13:50","2024-03-18 17:13:50","");
INSERT INTO myinstallments VALUES ("136","106","68","28","5000","2024-06-01","1","0","","2024-03-18 17:13:50","2024-03-18 17:13:50","");
INSERT INTO myinstallments VALUES ("137","106","68","28","5000","2024-07-01","1","0","","2024-03-18 17:13:50","2024-03-18 17:13:50","");
INSERT INTO myinstallments VALUES ("138","106","68","28","5000","2024-08-01","1","0","","2024-03-18 17:13:50","2024-03-18 17:13:50","");
INSERT INTO myinstallments VALUES ("139","106","68","28","5000","2024-09-01","1","0","","2024-03-18 17:13:50","2024-03-18 17:13:50","");
INSERT INTO myinstallments VALUES ("140","106","68","28","5000","2024-10-01","1","0","","2024-03-18 17:13:50","2024-03-18 17:13:50","");
INSERT INTO myinstallments VALUES ("141","106","68","28","5000","2024-11-01","1","0","","2024-03-18 17:13:50","2024-03-18 17:13:50","");
INSERT INTO myinstallments VALUES ("142","106","68","28","5000","2024-12-01","1","0","","2024-03-18 17:13:50","2024-03-18 17:13:50","");
INSERT INTO myinstallments VALUES ("143","106","68","28","5000","2025-01-01","1","0","","2024-03-18 17:13:50","2024-03-18 17:13:50","");
INSERT INTO myinstallments VALUES ("144","106","68","28","5000","2025-02-01","1","0","","2024-03-18 17:13:50","2024-03-18 17:13:50","");
INSERT INTO myinstallments VALUES ("145","106","68","28","5000","2025-03-01","1","0","","2024-03-18 17:13:50","2024-03-18 17:13:50","");
INSERT INTO myinstallments VALUES ("146","106","68","28","5000","2025-04-01","1","0","","2024-03-18 17:13:50","2024-03-18 17:13:50","");
INSERT INTO myinstallments VALUES ("147","106","68","28","5000","2025-05-01","1","0","","2024-03-18 17:13:50","2024-03-18 17:13:50","");
INSERT INTO myinstallments VALUES ("148","106","68","28","5000","2025-06-01","1","0","","2024-03-18 17:13:50","2024-03-18 17:13:50","");
INSERT INTO myinstallments VALUES ("149","106","68","28","5000","2025-07-01","1","0","","2024-03-18 17:13:50","2024-03-18 17:13:50","");
INSERT INTO myinstallments VALUES ("150","106","68","28","5000","2025-08-01","1","0","","2024-03-18 17:13:50","2024-03-18 17:13:50","");
INSERT INTO myinstallments VALUES ("151","106","68","28","5000","2025-09-01","1","0","","2024-03-18 17:13:50","2024-03-18 17:13:50","");
INSERT INTO myinstallments VALUES ("152","106","68","28","5000","2025-10-01","1","0","","2024-03-18 17:13:50","2024-03-18 17:13:50","");
INSERT INTO myinstallments VALUES ("153","106","68","28","5000","2025-11-01","1","0","","2024-03-18 17:13:50","2024-03-18 17:13:50","");
INSERT INTO myinstallments VALUES ("154","106","68","28","5000","2025-12-01","1","0","","2024-03-18 17:13:50","2024-03-18 17:13:50","");
INSERT INTO myinstallments VALUES ("155","62","75","29","1000","2023-09-01","2","0","","2024-03-19 00:19:48","2024-03-19 00:19:53","");
INSERT INTO myinstallments VALUES ("156","62","75","29","1000","2023-10-01","2","0","","2024-03-19 00:19:48","2024-03-19 00:19:53","");
INSERT INTO myinstallments VALUES ("157","62","75","29","1000","2023-11-01","3","1000","38","2024-03-19 00:19:48","2024-03-19 00:22:05","");
INSERT INTO myinstallments VALUES ("158","62","75","29","1000","2023-12-01","2","0","","2024-03-19 00:19:48","2024-03-19 00:19:53","");
INSERT INTO myinstallments VALUES ("159","62","75","29","1000","2024-01-01","2","0","","2024-03-19 00:19:48","2024-03-19 00:19:53","");
INSERT INTO myinstallments VALUES ("160","62","75","29","1000","2024-02-01","2","0","","2024-03-19 00:19:48","2024-03-19 00:19:53","");
INSERT INTO myinstallments VALUES ("161","62","75","29","1000","2024-03-01","2","0","","2024-03-19 00:19:48","2024-03-19 00:19:53","");
INSERT INTO myinstallments VALUES ("162","62","75","29","1000","2024-04-01","2","0","","2024-03-19 00:19:48","2024-04-12 05:58:38","");
INSERT INTO myinstallments VALUES ("163","62","75","29","1000","2024-05-01","1","0","","2024-03-19 00:19:48","2024-03-19 00:19:48","");
INSERT INTO myinstallments VALUES ("164","62","75","29","1000","2024-06-01","1","0","","2024-03-19 00:19:48","2024-03-19 00:19:48","");
INSERT INTO myinstallments VALUES ("165","62","75","29","1000","2024-07-01","1","0","","2024-03-19 00:19:48","2024-03-19 00:19:48","");
INSERT INTO myinstallments VALUES ("166","62","75","29","1000","2024-08-01","1","0","","2024-03-19 00:19:48","2024-03-19 00:19:48","");
INSERT INTO myinstallments VALUES ("167","62","75","29","1000","2024-09-01","1","0","","2024-03-19 00:19:48","2024-03-19 00:19:48","");
INSERT INTO myinstallments VALUES ("168","62","75","29","1000","2024-10-01","1","0","","2024-03-19 00:19:48","2024-03-19 00:19:48","");
INSERT INTO myinstallments VALUES ("169","62","75","29","1000","2024-11-01","1","0","","2024-03-19 00:19:48","2024-03-19 00:19:48","");
INSERT INTO myinstallments VALUES ("170","62","75","29","1000","2024-12-01","1","0","","2024-03-19 00:19:48","2024-03-19 00:19:48","");
INSERT INTO myinstallments VALUES ("171","109","110","30","500","2024-01-01","3","500","45","2024-03-19 13:25:07","2024-03-19 13:26:02","");
INSERT INTO myinstallments VALUES ("172","109","110","30","500","2024-02-01","2","0","","2024-03-19 13:25:07","2024-03-19 13:25:26","");
INSERT INTO myinstallments VALUES ("173","109","110","30","500","2024-03-01","2","0","","2024-03-19 13:25:07","2024-03-19 13:25:26","");
INSERT INTO myinstallments VALUES ("174","109","110","30","500","2024-04-01","2","0","","2024-03-19 13:25:07","2024-04-12 05:58:38","");
INSERT INTO myinstallments VALUES ("175","109","110","30","500","2024-05-01","1","0","","2024-03-19 13:25:07","2024-03-19 13:25:07","");
INSERT INTO myinstallments VALUES ("176","109","110","30","500","2024-06-01","1","0","","2024-03-19 13:25:07","2024-03-19 13:25:07","");
INSERT INTO myinstallments VALUES ("177","109","110","30","500","2024-07-01","1","0","","2024-03-19 13:25:07","2024-03-19 13:25:07","");
INSERT INTO myinstallments VALUES ("178","112","111","31","1000","2024-01-01","3","1000","49","2024-03-19 13:32:07","2024-03-19 13:32:41","");
INSERT INTO myinstallments VALUES ("179","112","111","31","1000","2024-02-01","2","0","","2024-03-19 13:32:07","2024-03-19 13:32:10","");
INSERT INTO myinstallments VALUES ("180","112","111","31","1000","2024-03-01","2","0","","2024-03-19 13:32:07","2024-03-19 13:32:10","");
INSERT INTO myinstallments VALUES ("181","112","111","31","1000","2024-04-01","2","0","","2024-03-19 13:32:07","2024-04-12 05:58:38","");
INSERT INTO myinstallments VALUES ("182","112","111","31","1000","2024-05-01","1","0","","2024-03-19 13:32:07","2024-03-19 13:32:07","");
INSERT INTO myinstallments VALUES ("183","112","111","31","1000","2024-06-01","1","0","","2024-03-19 13:32:07","2024-03-19 13:32:07","");
INSERT INTO myinstallments VALUES ("184","112","111","31","1000","2024-07-01","1","0","","2024-03-19 13:32:07","2024-03-19 13:32:07","");
INSERT INTO myinstallments VALUES ("185","112","111","31","1000","2024-08-01","1","0","","2024-03-19 13:32:07","2024-03-19 13:32:07","");
INSERT INTO myinstallments VALUES ("186","112","111","31","1000","2024-09-01","1","0","","2024-03-19 13:32:07","2024-03-19 13:32:07","");
INSERT INTO myinstallments VALUES ("187","112","111","31","1000","2024-10-01","1","0","","2024-03-19 13:32:07","2024-03-19 13:32:07","");



DROP TABLE myitems;

CREATE TABLE `myitems` (
  `id` int(11) NOT NULL AUTO_INCREMENT,
  `iname` varchar(200) NOT NULL,
  `name2` varchar(200) DEFAULT NULL,
  `code` int(11) DEFAULT NULL,
  `barcode` varchar(25) DEFAULT NULL,
  `itmqty` double NOT NULL DEFAULT 0,
  `info` varchar(250) DEFAULT NULL,
  `market_price` float NOT NULL DEFAULT 0,
  `cost_price` float NOT NULL DEFAULT 0,
  `last_price` int(11) NOT NULL DEFAULT 0,
  `price1` float NOT NULL DEFAULT 0,
  `price2` float NOT NULL DEFAULT 0,
  `price3` float NOT NULL,
  `group1` int(11) NOT NULL DEFAULT 0,
  `group2` int(11) NOT NULL DEFAULT 0,
  `group3` int(11) NOT NULL DEFAULT 0,
  `isdeleted` int(11) DEFAULT 0,
  `crtime` timestamp NOT NULL DEFAULT current_timestamp(),
  `mdtime` timestamp NOT NULL DEFAULT current_timestamp() ON UPDATE current_timestamp(),
  `user` int(11) NOT NULL DEFAULT 1,
  PRIMARY KEY (`id`)
) ENGINE=InnoDB AUTO_INCREMENT=521 DEFAULT CHARSET=utf8mb4;

INSERT INTO myitems VALUES ("476","طابعه باركود xp 246","","476","476","2","","0","1675","1850","1900","0","0","0","0","0","0","2024-01-09 16:27:11","2024-04-16 20:28:54","1");
INSERT INTO myitems VALUES ("477","سكانر سايبل لاسلكي ","","477","477","11","","2850","1850","1850","2450","2250","0","0","0","0","0","2024-02-15 00:58:06","2024-04-12 09:51:23","1");
INSERT INTO myitems VALUES ("478","ط باركود xp-d22n","","478","478","0","","0","0","0","0","0","0","0","0","0","0","2024-03-09 17:51:36","2024-04-12 09:51:23","1");
INSERT INTO myitems VALUES ("479","ط كاشير d200n ","","479","479","26","","0","0","2275","0","0","0","0","0","0","0","2024-03-09 23:24:01","2024-04-12 09:51:23","1");
INSERT INTO myitems VALUES ("480","ط باركود xp 233b","","480","480","41","","0","0","2450","0","0","0","0","0","0","0","2024-03-09 23:27:33","2024-04-12 09:51:23","1");
INSERT INTO myitems VALUES ("481","سكانر 2d upos ps770","","481","481","8","","0","0","1000","0","0","0","0","0","0","0","2024-03-09 23:28:33","2024-04-12 09:51:23","1");
INSERT INTO myitems VALUES ("482","درج كاشير 6","","482","482","33","","0","0","1465","0","0","0","0","0","0","0","2024-03-09 23:30:17","2024-04-12 09:51:23","1");
INSERT INTO myitems VALUES ("483","سكانر لاسلكي upos 7000","","483","483","1","","0","2750","2750","3250","0","0","0","0","0","0","2024-03-23 16:40:45","2024-04-12 09:51:23","1");
INSERT INTO myitems VALUES ("484","سكانر  دائري 862 upos","","484","484","24","","0","2500","2500","2950","0","0","0","0","0","0","2024-03-23 16:44:17","2024-04-12 09:51:23","1");
INSERT INTO myitems VALUES ("485","سكانر دائري 868","","485","485","1","","0","2800","2800","3200","0","0","0","0","0","0","2024-03-23 16:44:38","2024-04-12 09:51:23","1");
INSERT INTO myitems VALUES ("486","dsk ci5 3th 4ram  500hdd","","486","486","2","","0","2450","2400","2650","0","0","0","0","0","0","2024-03-24 01:02:04","2024-04-14 20:09:57","1");
INSERT INTO myitems VALUES ("487","dsk ci5 2th 4ram 500hdd","","487","487","11","","0","2000","2250","2250","0","0","0","0","0","0","2024-03-24 01:03:10","2024-04-14 20:08:43","1");
INSERT INTO myitems VALUES ("488","شاشه 19 hp/dell","","488","488","0","","0","0","0","0","0","0","0","0","0","0","2024-03-24 01:22:10","2024-04-12 09:51:23","1");
INSERT INTO myitems VALUES ("489","شاشه 24 led","","489","489","10","","0","0","1500","0","0","0","0","0","0","0","2024-03-24 16:38:26","2024-04-12 09:51:23","1");
INSERT INTO myitems VALUES ("499","ورق باركود ميزان 40*58 400ليبل كور صغير","","499","499","150","","0","35","35","42","0","0","0","0","0","0","2024-03-26 20:44:09","2024-04-12 09:52:53","1");
INSERT INTO myitems VALUES ("506","ورق باركود كامل 1100","","506","506","0","","0","45","0","48","0","0","0","0","0","0","2024-03-26 21:53:34","2024-04-12 09:52:53","1");
INSERT INTO myitems VALUES ("507","تحريبي٢","","507","507","0","","0","42","0","45","0","0","0","0","0","0","2024-03-26 22:29:53","2024-04-12 09:52:53","1");
INSERT INTO myitems VALUES ("508","wk j[vdfd","","508","508","0","","0","10","0","20","0","0","0","0","0","0","2024-03-27 01:04:01","2024-04-12 09:52:53","1");
INSERT INTO myitems VALUES ("509","Octavius Mann","","509","509","-1","","0","843","0","185","0","0","0","0","0","0","2024-03-27 01:18:33","2024-04-12 09:52:53","1");
INSERT INTO myitems VALUES ("510","zzzzzzzzzzzzzzzzzzzzzz","","510","510","0","","0","843","0","185","0","0","0","0","0","0","2024-03-27 01:18:47","2024-04-12 09:52:53","1");
INSERT INTO myitems VALUES ("511","صنف 222222222222","","511","511","0","","0","0","0","0","0","0","0","0","0","0","2024-03-28 23:45:53","2024-04-12 09:52:53","1");
INSERT INTO myitems VALUES ("512","e4343434444444","","512","512","0","","0","0","0","0","0","0","0","0","0","0","2024-03-28 23:53:27","2024-04-12 09:52:53","1");
INSERT INTO myitems VALUES ("513","the 66666","","513","513","0","","0","0","0","0","0","0","0","0","0","0","2024-03-28 23:59:49","2024-04-12 09:52:53","1");
INSERT INTO myitems VALUES ("514","التجريبي 84777777","","514","514","0","","0","0","0","0","0","0","0","0","0","0","2024-03-29 00:16:18","2024-04-12 09:52:53","1");
INSERT INTO myitems VALUES ("515","aaaaaaaaa","","515","515","0","","0","0","0","0","0","0","0","0","0","0","2024-03-29 00:18:13","2024-04-12 09:52:53","1");
INSERT INTO myitems VALUES ("516","هاخهاثع غعثغهعص غثهعصغثهعغصع  44444444","","516","516","0","","0","120","0","150","0","0","0","0","0","0","2024-04-12 09:38:14","2024-04-12 09:52:53","1");
INSERT INTO myitems VALUES ("517","سكانر upos  770 pro","","517","517","0","","1450","1000","0","1850","1450","0","0","0","0","0","2024-04-14 01:18:27","2024-04-14 01:18:27","1");
INSERT INTO myitems VALUES ("518","ورق كاشير 40 متر كرتونة 50ق","","518","518","0","","0","0","0","0","0","0","0","0","0","0","2024-04-14 01:22:00","2024-04-14 01:22:00","1");
INSERT INTO myitems VALUES ("519","و كاشير 70م 96 ق","","519","519","0","","0","80","0","100","0","0","0","0","0","0","2024-04-14 01:24:21","2024-04-14 01:24:21","1");
INSERT INTO myitems VALUES ("520","j[vdfd 78787878787878","","","","0","","0","0","0","0","0","0","0","0","0","0","2024-04-15 21:46:52","2024-04-15 21:46:52","1");



DROP TABLE myoper_det;

CREATE TABLE `myoper_det` (
  `oper_det_id` int(11) NOT NULL,
  `int_oper_det_date` int(11) DEFAULT NULL,
  `oper_head_id` int(11) DEFAULT NULL,
  `comp_id` int(11) DEFAULT NULL,
  `debit` decimal(26,4) DEFAULT NULL,
  `credit` decimal(26,4) DEFAULT NULL,
  `eng_debit` decimal(26,4) DEFAULT NULL,
  `eng_credit` decimal(26,4) DEFAULT NULL,
  `model_val` decimal(26,4) DEFAULT NULL,
  `def_val` decimal(26,4) DEFAULT NULL,
  `acc_id` int(11) DEFAULT NULL,
  `stor_id` int(11) DEFAULT NULL,
  `group_id` int(11) DEFAULT NULL,
  `man_id` int(11) DEFAULT NULL,
  `cost_center_id` int(11) DEFAULT NULL,
  `has_costed_link` tinyint(4) DEFAULT NULL,
  `is_not_active` tinyint(4) DEFAULT NULL,
  `notes` varchar(50) DEFAULT NULL,
  `mst_no` varchar(20) DEFAULT NULL,
  `mst_date` varchar(12) DEFAULT NULL,
  `balance_befor` decimal(26,4) DEFAULT NULL,
  `balance_after` decimal(26,4) DEFAULT NULL,
  `det_Currency_id` int(11) DEFAULT NULL,
  `det_Currency_unit_convert` decimal(12,6) DEFAULT NULL
) ENGINE=InnoDB DEFAULT CHARSET=utf8mb4;




DROP TABLE myoptions;

CREATE TABLE `myoptions` (
  `id` int(11) NOT NULL AUTO_INCREMENT,
  `oname` varchar(30) NOT NULL,
  `info` varchar(250) DEFAULT NULL,
  `def_value` int(11) NOT NULL DEFAULT 0,
  `cur_value` int(11) NOT NULL DEFAULT 0,
  `op_tybe` int(11) NOT NULL DEFAULT 0,
  `crtime` timestamp NOT NULL DEFAULT current_timestamp(),
  `mdtime` timestamp NOT NULL DEFAULT current_timestamp() ON UPDATE current_timestamp(),
  PRIMARY KEY (`id`)
) ENGINE=InnoDB AUTO_INCREMENT=9 DEFAULT CHARSET=utf8mb4;

INSERT INTO myoptions VALUES ("1","def_cl","العميل الافتراضي","24","24","1","2024-02-19 22:10:57","2024-02-19 22:21:14");
INSERT INTO myoptions VALUES ("2","def_prod","المورد الافتراضي","36","36","1","2024-02-19 22:10:57","2024-02-19 22:21:17");
INSERT INTO myoptions VALUES ("3","def_emp","الموظف الافتراضي","41","42","1","2024-02-19 22:10:57","2024-02-20 03:09:18");
INSERT INTO myoptions VALUES ("4","def_store","المخزن الافتراضي","27","27","1","2024-02-19 22:10:57","2024-02-19 22:21:23");
INSERT INTO myoptions VALUES ("5","def_fund","الصندوق الافتراضي","21","21","1","2024-02-19 22:10:57","2024-02-19 22:21:26");
INSERT INTO myoptions VALUES ("6","def_bank","البتك الافتراضي","39","39","1","2024-02-19 22:10:57","2024-02-19 22:21:31");
INSERT INTO myoptions VALUES ("7","def_store","المخزن الافتراضي","27","27","1","2024-02-19 22:10:57","2024-03-09 23:48:39");
INSERT INTO myoptions VALUES ("8","def_disc_acc1","حساب الخصم المكتسب الافتراضي","97","97","1","2024-02-19 22:10:57","2024-03-09 23:48:39");



DROP TABLE mypatterns;

CREATE TABLE `mypatterns` (
  `id` int(11) NOT NULL AUTO_INCREMENT,
  `pname` varchar(100) NOT NULL,
  `ptext` varchar(100) NOT NULL,
  `is_def` int(11) NOT NULL DEFAULT 0,
  `is_basic` int(11) NOT NULL DEFAULT 0,
  `ptybe` int(11) NOT NULL DEFAULT 4,
  `crtime` timestamp NOT NULL DEFAULT current_timestamp(),
  `mdtime` timestamp NOT NULL DEFAULT current_timestamp(),
  `info` varchar(100) DEFAULT NULL,
  PRIMARY KEY (`id`)
) ENGINE=InnoDB DEFAULT CHARSET=utf8mb4;




DROP TABLE mypowers;

CREATE TABLE `mypowers` (
  `power_id` int(11) NOT NULL,
  `section_type_no` int(11) DEFAULT NULL,
  `power_name` varchar(100) DEFAULT NULL,
  `eng_power_name` varchar(100) DEFAULT NULL,
  `is_hide_in_casher` int(11) DEFAULT NULL,
  `level_no` tinyint(4) DEFAULT NULL,
  `is_for_view_only` tinyint(4) DEFAULT NULL,
  `power_code` varchar(100) DEFAULT NULL,
  `power_class` tinyint(4) DEFAULT NULL,
  `parent_id` int(11) DEFAULT NULL,
  `col_index` int(11) DEFAULT NULL,
  `stoped` tinyint(4) DEFAULT NULL,
  `tmp_state_no` tinyint(4) DEFAULT NULL,
  `power_type` tinyint(4) DEFAULT NULL,
  `menu_type` tinyint(4) DEFAULT NULL,
  `def_state` varchar(20) DEFAULT NULL,
  `user_1` varchar(20) DEFAULT NULL,
  `kind` varchar(10) DEFAULT NULL,
  `is_on_my_thread` tinyint(4) DEFAULT NULL,
  `is_calling_from_main` tinyint(4) DEFAULT NULL,
  `calling_from` varchar(10) DEFAULT NULL,
  `edit_mode` tinyint(4) DEFAULT NULL,
  `frist_shown_id` varchar(10) DEFAULT NULL,
  `is_casher_from` tinyint(4) DEFAULT NULL,
  `is_op_paper` tinyint(4) DEFAULT NULL,
  `is_hiddin` tinyint(4) DEFAULT NULL,
  `prog_id` tinyint(4) DEFAULT NULL,
  `is_pure_kitchen` tinyint(4) DEFAULT NULL,
  `is_for_api` tinyint(4) DEFAULT NULL,
  `t_stamp` timestamp NULL DEFAULT NULL
) ENGINE=InnoDB DEFAULT CHARSET=utf8mb4;




DROP TABLE myrents;

CREATE TABLE `myrents` (
  `id` int(11) NOT NULL AUTO_INCREMENT,
  `cl_id` int(11) NOT NULL,
  `rent_id` int(11) NOT NULL,
  `phone` varchar(20) DEFAULT NULL,
  `idintity` varchar(50) DEFAULT NULL,
  `start_date` date NOT NULL,
  `end_date` date NOT NULL,
  `pay_tybe` int(11) NOT NULL DEFAULT 1,
  `r_value` double NOT NULL DEFAULT 0,
  `bnd1` varchar(250) DEFAULT NULL,
  `bnd2` varchar(250) DEFAULT NULL,
  `bnd3` varchar(250) DEFAULT NULL,
  `bnd4` varchar(250) DEFAULT NULL,
  `info` varchar(250) DEFAULT NULL,
  `crtime` timestamp NOT NULL DEFAULT current_timestamp(),
  `mdtime` timestamp NOT NULL DEFAULT current_timestamp() ON UPDATE current_timestamp(),
  `isdeleted` int(1) NOT NULL DEFAULT 0,
  PRIMARY KEY (`id`),
  KEY `cl_id` (`cl_id`),
  KEY `rent_id` (`rent_id`),
  CONSTRAINT `myrents_ibfk_1` FOREIGN KEY (`cl_id`) REFERENCES `acc_head` (`id`),
  CONSTRAINT `myrents_ibfk_2` FOREIGN KEY (`rent_id`) REFERENCES `acc_head` (`id`)
) ENGINE=InnoDB AUTO_INCREMENT=33 DEFAULT CHARSET=utf8mb4;

INSERT INTO myrents VALUES ("20","104","77","02154154","22125321321","2024-01-01","2024-12-31","1","1500","","","","","","2024-03-17 15:33:39","2024-03-17 16:58:05","1");
INSERT INTO myrents VALUES ("21","105","76","0151555454545","54564654654","2024-03-01","2024-12-15","1","1500","","","","","","2024-03-17 15:57:41","2024-03-17 16:58:03","1");
INSERT INTO myrents VALUES ("22","106","75","21365456465","545646546546","2024-01-01","2024-12-31","1","1000","","","","","","2024-03-17 16:52:47","2024-03-17 16:58:02","1");
INSERT INTO myrents VALUES ("23","106","67","2456456456","4ض56456456456","2023-12-01","2024-08-20","1","2500","","","","","","2024-03-17 17:08:22","2024-03-18 04:44:01","1");
INSERT INTO myrents VALUES ("24","106","108","0100676476855","5765765765765","2024-01-01","2024-12-31","1","3500","","","","","","2024-03-18 04:51:36","2024-03-18 04:59:15","1");
INSERT INTO myrents VALUES ("25","106","67","78687687","687676878767","2024-01-01","2024-12-31","1","1500","","","","","","2024-03-18 04:59:46","2024-03-18 04:59:46","0");
INSERT INTO myrents VALUES ("26","106","76","51561561","5161561516","2023-07-01","2025-02-28","1","2500","","","","","","2024-03-18 17:00:17","2024-03-18 17:00:17","0");
INSERT INTO myrents VALUES ("27","106","108","ثغسثقغثقغثقغ","ثقغصثقغثصقغث","2022-02-01","2024-06-30","1","2500","","","","","","2024-03-18 17:06:32","2024-03-18 17:06:32","0");
INSERT INTO myrents VALUES ("28","106","68","5456456456","4564564564","2022-11-05","2025-12-13","1","5000","","","","","","2024-03-18 17:13:50","2024-03-18 17:13:50","0");
INSERT INTO myrents VALUES ("29","62","75","4546546544","65474546","2023-09-01","2024-12-31","1","1000","","","","","","2024-03-19 00:19:48","2024-03-19 00:19:48","0");
INSERT INTO myrents VALUES ("30","109","110","0154454545445","84646545645456","2024-01-01","2024-07-31","1","500","","","","","","2024-03-19 13:25:07","2024-03-19 13:25:07","0");
INSERT INTO myrents VALUES ("31","112","111","0151545451515","16545646465","2024-01-01","2024-10-31","1","1000","","","","","","2024-03-19 13:32:07","2024-03-19 13:32:07","0");
INSERT INTO myrents VALUES ("32","113","114","012548548787","05412454545789","2024-01-01","2025-12-31","1","500","","","","","","2024-03-19 14:33:49","2024-03-19 14:36:56","1");



DROP TABLE myunits;

CREATE TABLE `myunits` (
  `id` int(11) NOT NULL AUTO_INCREMENT,
  `uname` varchar(60) NOT NULL,
  `crtime` timestamp NOT NULL DEFAULT current_timestamp(),
  `mdtime` timestamp NOT NULL DEFAULT current_timestamp() ON UPDATE current_timestamp(),
  `isdeleted` int(11) DEFAULT 0,
  PRIMARY KEY (`id`)
) ENGINE=InnoDB AUTO_INCREMENT=4 DEFAULT CHARSET=utf8mb4;

INSERT INTO myunits VALUES ("1","قطعه","2024-03-25 07:56:49","2024-03-25 07:56:49","");
INSERT INTO myunits VALUES ("2","كرتونة","2024-03-25 07:59:05","2024-03-25 07:59:05","");
INSERT INTO myunits VALUES ("3","دسته","2024-03-25 07:59:12","2024-03-25 08:13:25","");



DROP TABLE myvouchers;

CREATE TABLE `myvouchers` (
  `id` int(11) NOT NULL AUTO_INCREMENT,
  `vdate` date NOT NULL DEFAULT current_timestamp(),
  `tybe` int(1) NOT NULL,
  `val` double DEFAULT NULL,
  `account` int(1) NOT NULL,
  `fund_account` int(1) NOT NULL,
  `voucher_id` varchar(15) NOT NULL,
  `serial_number` varchar(20) DEFAULT NULL,
  `cost_center` int(1) DEFAULT NULL,
  `info` varchar(200) DEFAULT NULL,
  `crtime` timestamp NOT NULL DEFAULT current_timestamp(),
  `mdtime` timestamp NOT NULL DEFAULT current_timestamp() ON UPDATE current_timestamp(),
  `user` int(11) NOT NULL DEFAULT 1,
  PRIMARY KEY (`id`)
) ENGINE=InnoDB DEFAULT CHARSET=utf8mb4;




DROP TABLE oppatterns;

CREATE TABLE `oppatterns` (
  `id` int(11) NOT NULL AUTO_INCREMENT,
  `pame` varchar(100) DEFAULT NULL,
  `ptext` varchar(100) DEFAULT NULL,
  `def_width` int(11) NOT NULL DEFAULT 50,
  `cur_width` int(11) NOT NULL DEFAULT 50,
  `shown` int(11) NOT NULL DEFAULT 1,
  `is_edit` int(11) NOT NULL DEFAULT 1,
  `is_print` int(11) NOT NULL DEFAULT 1,
  PRIMARY KEY (`id`)
) ENGINE=InnoDB DEFAULT CHARSET=utf8mb4;




DROP TABLE order_status;

CREATE TABLE `order_status` (
  `id` int(11) NOT NULL AUTO_INCREMENT,
  `name` varchar(50) DEFAULT NULL,
  `user` int(1) DEFAULT NULL,
  `crtime` timestamp NOT NULL DEFAULT current_timestamp(),
  `isdeleted` int(1) DEFAULT NULL,
  PRIMARY KEY (`id`)
) ENGINE=InnoDB AUTO_INCREMENT=4 DEFAULT CHARSET=utf8mb4;

INSERT INTO order_status VALUES ("1","تحت المراجعة","","2023-08-03 20:52:49","");
INSERT INTO order_status VALUES ("2","مرفوض","","2023-08-03 20:52:49","");
INSERT INTO order_status VALUES ("3","موافق عليه","","2023-08-03 20:52:49","");



DROP TABLE order_types;

CREATE TABLE `order_types` (
  `id` int(11) NOT NULL AUTO_INCREMENT,
  `name` varchar(255) DEFAULT NULL,
  `info` varchar(100) DEFAULT NULL,
  `user` int(1) DEFAULT NULL,
  `crtime` timestamp NOT NULL DEFAULT current_timestamp() ON UPDATE current_timestamp(),
  `isdeleted` int(1) DEFAULT NULL,
  PRIMARY KEY (`id`)
) ENGINE=InnoDB AUTO_INCREMENT=6 DEFAULT CHARSET=utf8mb4;

INSERT INTO order_types VALUES ("1","إذن تأخير عن العمل","","","2023-08-03 20:54:18","");
INSERT INTO order_types VALUES ("2","طلب أجازة اعتيادية","","","2023-08-03 20:54:18","");
INSERT INTO order_types VALUES ("3","طلب أجازة مرضية","","","2023-08-03 20:54:18","");
INSERT INTO order_types VALUES ("4","طلب الأجازة السنوية","","","2023-08-03 20:54:18","");
INSERT INTO order_types VALUES ("5","طلب انصراف مبكر","","","2023-08-03 20:54:18","");



DROP TABLE orders;

CREATE TABLE `orders` (
  `id` int(11) NOT NULL AUTO_INCREMENT,
  `tybe` int(11) DEFAULT NULL,
  `employee` int(11) DEFAULT NULL,
  `status` int(11) NOT NULL,
  `applyingdate` date NOT NULL,
  `curdate` date NOT NULL,
  `isdeleted` int(1) DEFAULT NULL,
  PRIMARY KEY (`id`),
  KEY `employee_id` (`employee`),
  KEY `tybe` (`tybe`),
  KEY `status` (`status`),
  CONSTRAINT `orders_ibfk_1` FOREIGN KEY (`employee`) REFERENCES `employees` (`id`),
  CONSTRAINT `orders_ibfk_2` FOREIGN KEY (`tybe`) REFERENCES `order_types` (`id`),
  CONSTRAINT `orders_ibfk_3` FOREIGN KEY (`status`) REFERENCES `order_status` (`id`)
) ENGINE=InnoDB AUTO_INCREMENT=2 DEFAULT CHARSET=utf8mb4;




DROP TABLE ot_head;

CREATE TABLE `ot_head` (
  `id` int(11) NOT NULL AUTO_INCREMENT,
  `pro_id` int(11) DEFAULT NULL,
  `branch_id` int(11) DEFAULT NULL,
  `pro_tybe` int(1) DEFAULT NULL,
  `is_stock` int(11) DEFAULT NULL,
  `is_finance` int(11) DEFAULT NULL,
  `is_manager` int(11) DEFAULT NULL,
  `is_journal` int(11) DEFAULT NULL,
  `journal_tybe` int(11) DEFAULT NULL,
  `info` varchar(200) DEFAULT NULL,
  `start_time` time DEFAULT current_timestamp(),
  `end_time` time DEFAULT current_timestamp(),
  `start_date` date DEFAULT NULL,
  `end_date` date DEFAULT NULL,
  `pro_date` date DEFAULT NULL,
  `accural_date` date DEFAULT NULL,
  `pro_pattren` int(11) DEFAULT NULL,
  `pro_num` varchar(50) DEFAULT NULL,
  `pro_serial` varchar(50) DEFAULT NULL,
  `tax_num` varchar(50) DEFAULT NULL,
  `price_list` int(11) DEFAULT NULL,
  `store_id` int(11) DEFAULT NULL,
  `emp_id` int(11) DEFAULT NULL,
  `emp2_id` int(11) DEFAULT NULL,
  `acc1` int(11) DEFAULT NULL,
  `acc1_before` double DEFAULT NULL,
  `acc1_after` double DEFAULT NULL,
  `acc2` int(11) DEFAULT NULL,
  `acc2_before` double DEFAULT NULL,
  `acc2_after` double DEFAULT NULL,
  `pro_value` double DEFAULT NULL,
  `fat_cost` double DEFAULT NULL,
  `cost_center` int(11) DEFAULT NULL,
  `profit` double DEFAULT NULL,
  `fat_total` double DEFAULT NULL,
  `fat_disc` double DEFAULT NULL,
  `fat_disc_per` double DEFAULT NULL,
  `fat_plus` double DEFAULT NULL,
  `fat_plus_per` double DEFAULT NULL,
  `fat_tax` double DEFAULT NULL,
  `fat_tax_per` double DEFAULT NULL,
  `crtime` timestamp NOT NULL DEFAULT current_timestamp(),
  `mdtime` timestamp NOT NULL DEFAULT current_timestamp() ON UPDATE current_timestamp(),
  `user` int(11) NOT NULL DEFAULT 1,
  PRIMARY KEY (`id`),
  KEY `acc1` (`acc1`),
  KEY `acc2` (`acc2`),
  KEY `emp2_id` (`emp2_id`),
  KEY `emp_id` (`emp_id`),
  KEY `journal_tybe` (`journal_tybe`),
  KEY `user` (`user`),
  KEY `cost_center` (`cost_center`),
  KEY `store_id` (`store_id`),
  KEY `price_list` (`price_list`),
  CONSTRAINT `ot_head_ibfk_1` FOREIGN KEY (`acc1`) REFERENCES `acc_head` (`id`),
  CONSTRAINT `ot_head_ibfk_2` FOREIGN KEY (`acc2`) REFERENCES `acc_head` (`id`),
  CONSTRAINT `ot_head_ibfk_3` FOREIGN KEY (`emp2_id`) REFERENCES `acc_head` (`id`),
  CONSTRAINT `ot_head_ibfk_4` FOREIGN KEY (`emp_id`) REFERENCES `acc_head` (`id`),
  CONSTRAINT `ot_head_ibfk_5` FOREIGN KEY (`journal_tybe`) REFERENCES `journal_tybes` (`id`),
  CONSTRAINT `ot_head_ibfk_6` FOREIGN KEY (`user`) REFERENCES `users` (`id`),
  CONSTRAINT `ot_head_ibfk_8` FOREIGN KEY (`store_id`) REFERENCES `acc_head` (`id`),
  CONSTRAINT `ot_head_ibfk_9` FOREIGN KEY (`price_list`) REFERENCES `price_lists` (`id`)
) ENGINE=InnoDB AUTO_INCREMENT=102 DEFAULT CHARSET=utf8mb4;

INSERT INTO ot_head VALUES ("80","1","","4","1","","","1","4","","16:57:11","16:57:11","","","2024-03-24","0000-00-00","1","","","","1","27","42","42","27","0","0","120","0","0","29300","0","1","0","29300","0","0","0","0","0","0","2024-03-24 16:57:11","2024-03-24 16:57:11","1");
INSERT INTO ot_head VALUES ("81","2","","4","1","","","1","4","","16:58:34","16:58:34","","","2024-03-24","0000-00-00","1","","","","1","27","42","42","27","0","0","120","0","0","1465","0","1","0","1465","0","0","0","0","0","0","2024-03-24 16:58:34","2024-03-24 16:58:34","1");
INSERT INTO ot_head VALUES ("82","3","","4","1","","","1","4","","17:02:44","17:02:44","","","2024-03-24","0000-00-00","1","","","","1","27","42","42","27","0","0","120","0","0","62520","0","1","0","62520","0","0","0","0","0","0","2024-03-24 17:02:44","2024-03-24 17:02:44","1");
INSERT INTO ot_head VALUES ("83","4","","4","1","","","1","4","","17:08:35","17:08:35","","","2024-03-24","0000-00-00","1","","","","1","27","42","42","27","0","0","103","0","0","21975","0","1","0","21975","0","0","0","0","0","0","2024-03-24 17:08:35","2024-03-24 17:08:35","1");
INSERT INTO ot_head VALUES ("84","5","","4","1","","","1","4","","23:40:34","23:40:34","","","2024-03-11","2024-03-31","1","","","","1","27","42","42","27","0","0","103","0","0","30500","0","1","0","30500","0","0","0","0","0","0","2024-03-25 23:40:34","2024-03-25 23:40:34","1");
INSERT INTO ot_head VALUES ("85","6","","4","1","","","1","4","","01:55:17","01:55:17","","","2024-03-25","0000-00-00","1","","","","1","27","42","42","27","0","0","103","0","0","11250","0","1","0","11250","0","0","0","0","0","0","2024-03-26 01:55:17","2024-03-26 01:55:17","1");
INSERT INTO ot_head VALUES ("87","7","","4","1","","","1","4","","20:47:11","20:47:11","","","2024-03-26","0000-00-00","1","","","","1","27","42","42","27","0","0","121","0","0","5250","0","1","0","5250","0","0","0","0","0","0","2024-03-26 20:47:11","2024-03-26 20:47:11","1");
INSERT INTO ot_head VALUES ("88","1","","3","1","","","1","3","","14:49:03","14:49:03","","","2024-03-27","0000-00-00","1","","","","1","27","42","42","24","0","0","27","0","0","8400","0","1","0","8400","0","0","0","0","0","0","2024-03-27 14:49:03","2024-03-27 14:49:03","1");
INSERT INTO ot_head VALUES ("89","2","","3","1","","","1","3","","14:56:39","14:56:39","","","2024-03-27","0000-00-00","1","","","","1","27","42","42","24","0","0","27","0","0","2250","0","1","0","2250","0","0","0","0","0","0","2024-03-27 14:56:39","2024-03-27 14:56:39","1");
INSERT INTO ot_head VALUES ("90","3","","3","1","","","1","3","","14:59:43","14:59:43","","","2024-03-27","0000-00-00","1","","","","1","27","42","42","71","0","0","27","0","0","185","0","1","0","185","0","0","0","0","0","0","2024-03-27 14:59:43","2024-03-27 14:59:43","1");
INSERT INTO ot_head VALUES ("91","4","","3","1","","","1","3","","15:00:05","15:00:05","","","2024-03-27","0000-00-00","1","","","","1","27","42","42","71","0","0","27","0","0","1600","0","1","0","1600","0","0","0","0","0","0","2024-03-27 15:00:05","2024-03-27 15:00:05","1");
INSERT INTO ot_head VALUES ("92","12","","5","","","","1","5","استحقاق ايجار عن الوحدة 67","05:58:38","05:58:38","","","2024-04-12","","","","","","","","","","106","","","99","","","1500","","","1500","","","","","","","","2024-04-12 05:58:38","2024-04-12 05:58:38","1");
INSERT INTO ot_head VALUES ("93","13","","5","","","","1","5","استحقاق ايجار عن الوحدة 76","05:58:38","05:58:38","","","2024-04-12","","","","","","","","","","106","","","99","","","2500","","","2500","","","","","","","","2024-04-12 05:58:38","2024-04-12 05:58:38","1");
INSERT INTO ot_head VALUES ("94","14","","5","","","","1","5","استحقاق ايجار عن الوحدة 108","05:58:38","05:58:38","","","2024-04-12","","","","","","","","","","106","","","99","","","2500","","","2500","","","","","","","","2024-04-12 05:58:38","2024-04-12 05:58:38","1");
INSERT INTO ot_head VALUES ("95","15","","5","","","","1","5","استحقاق ايجار عن الوحدة 68","05:58:38","05:58:38","","","2024-04-12","","","","","","","","","","106","","","99","","","5000","","","5000","","","","","","","","2024-04-12 05:58:38","2024-04-12 05:58:38","1");
INSERT INTO ot_head VALUES ("96","16","","5","","","","1","5","استحقاق ايجار عن الوحدة 75","05:58:38","05:58:38","","","2024-04-12","","","","","","","","","","62","","","99","","","1000","","","1000","","","","","","","","2024-04-12 05:58:38","2024-04-12 05:58:38","1");
INSERT INTO ot_head VALUES ("97","17","","5","","","","1","5","استحقاق ايجار عن الوحدة 110","05:58:38","05:58:38","","","2024-04-12","","","","","","","","","","109","","","99","","","500","","","500","","","","","","","","2024-04-12 05:58:38","2024-04-12 05:58:38","1");
INSERT INTO ot_head VALUES ("98","18","","5","","","","1","5","استحقاق ايجار عن الوحدة 111","05:58:38","05:58:38","","","2024-04-12","","","","","","","","","","112","","","99","","","1000","","","1000","","","","","","","","2024-04-12 05:58:38","2024-04-12 05:58:38","1");
INSERT INTO ot_head VALUES ("99","5","","3","1","","","1","3","","20:08:43","20:08:43","","","2024-04-14","0000-00-00","1","","","","1","27","42","42","125","0","0","27","0","0","6650","0","1","0","6750","100","1.48","0","0","0","0","2024-04-14 20:08:43","2024-04-14 20:08:43","1");
INSERT INTO ot_head VALUES ("100","1","","7","","","","1","7","","20:08:43","20:08:43","","","2024-04-14","","","","","","","","42","","91","","","125","","","100","","1","0","","","","","","","","2024-04-14 20:08:43","2024-04-14 20:08:43","1");
INSERT INTO ot_head VALUES ("101","8","","4","1","","","1","4","","20:09:57","20:09:57","","","2024-04-14","0000-00-00","1","","","","1","27","42","42","27","0","0","103","0","0","4800","0","1","0","4800","0","0","0","0","0","0","2024-04-14 20:09:57","2024-04-14 20:09:57","1");



DROP TABLE paper_types;

CREATE TABLE `paper_types` (
  `id` int(1) NOT NULL AUTO_INCREMENT,
  `pname` varchar(50) NOT NULL,
  `info` varchar(100) DEFAULT NULL,
  `crtime` timestamp NOT NULL DEFAULT current_timestamp(),
  PRIMARY KEY (`id`)
) ENGINE=InnoDB DEFAULT CHARSET=utf8mb4;




DROP TABLE patt_cols;

CREATE TABLE `patt_cols` (
  `id` int(11) NOT NULL AUTO_INCREMENT,
  `cname` varchar(100) NOT NULL,
  PRIMARY KEY (`id`)
) ENGINE=InnoDB DEFAULT CHARSET=utf8mb4;




DROP TABLE permits;

CREATE TABLE `permits` (
  `id` int(11) NOT NULL AUTO_INCREMENT,
  `empid` int(1) NOT NULL,
  `info` varchar(100) DEFAULT NULL,
  `crtime` timestamp NOT NULL DEFAULT current_timestamp(),
  `mdtime` timestamp NOT NULL DEFAULT current_timestamp() ON UPDATE current_timestamp(),
  `curdate` date NOT NULL,
  `startdate` date NOT NULL,
  `enddate` date NOT NULL,
  `val` double DEFAULT NULL,
  `statue` int(1) NOT NULL,
  `isdeleted` int(11) DEFAULT NULL,
  PRIMARY KEY (`id`)
) ENGINE=InnoDB DEFAULT CHARSET=utf8mb4;




DROP TABLE price_lists;

CREATE TABLE `price_lists` (
  `id` int(11) NOT NULL AUTO_INCREMENT,
  `pname` varchar(100) NOT NULL,
  PRIMARY KEY (`id`)
) ENGINE=InnoDB AUTO_INCREMENT=3 DEFAULT CHARSET=utf8mb4;

INSERT INTO price_lists VALUES ("1","سعر 1");
INSERT INTO price_lists VALUES ("2","سعر 2");



DROP TABLE print;

CREATE TABLE `print` (
  `id` int(1) NOT NULL AUTO_INCREMENT,
  `pname` varchar(50) NOT NULL,
  `type` varchar(11) NOT NULL,
  `number` varchar(11) NOT NULL,
  `info` varchar(100) DEFAULT NULL,
  `crtime` timestamp NOT NULL DEFAULT current_timestamp(),
  PRIMARY KEY (`id`)
) ENGINE=InnoDB AUTO_INCREMENT=11 DEFAULT CHARSET=utf8mb4;

INSERT INTO print VALUES ("3","ديزين","","","","2023-02-21 17:56:34");
INSERT INTO print VALUES ("4","عم شريف ","","","","2023-02-22 09:59:33");
INSERT INTO print VALUES ("5","الموجي","","","","2023-02-22 09:59:39");
INSERT INTO print VALUES ("6","ميرنا","","","","2023-07-15 10:39:59");
INSERT INTO print VALUES ("7","حباظه","","","","2023-07-24 16:54:27");
INSERT INTO print VALUES ("8","حسن محسن ","","","","2023-07-26 10:34:33");
INSERT INTO print VALUES ("9","محمود سليم ","","","","2023-07-26 10:34:45");
INSERT INTO print VALUES ("10","عاشور ","","","","2023-08-28 09:52:56");



DROP TABLE pro_tybes;

CREATE TABLE `pro_tybes` (
  `id` int(11) NOT NULL AUTO_INCREMENT,
  `pname` varchar(200) DEFAULT NULL,
  `ptext` varchar(200) DEFAULT NULL,
  `ptybe` int(11) DEFAULT NULL,
  `info` varchar(200) DEFAULT NULL,
  `crtime` timestamp NOT NULL DEFAULT current_timestamp(),
  `mdtime` timestamp NOT NULL DEFAULT current_timestamp() ON UPDATE current_timestamp(),
  PRIMARY KEY (`id`)
) ENGINE=InnoDB AUTO_INCREMENT=8 DEFAULT CHARSET=utf8mb4;

INSERT INTO pro_tybes VALUES ("1","سند قبض","","1","","2024-03-14 04:01:35","2024-03-14 04:01:35");
INSERT INTO pro_tybes VALUES ("2","سند دفع","","2","","2024-03-14 04:01:35","2024-03-14 04:02:22");
INSERT INTO pro_tybes VALUES ("3","فاتورة مبيعات","","3","","2024-03-14 04:01:58","2024-03-14 04:02:26");
INSERT INTO pro_tybes VALUES ("4","فاتورة مشتريات","","4","","2024-03-14 04:01:58","2024-03-14 04:02:28");
INSERT INTO pro_tybes VALUES ("5","استحقاق قسط","","5","","2024-03-17 05:53:16","2024-03-17 05:53:27");
INSERT INTO pro_tybes VALUES ("6","خصم مكتسب","","6","","2024-03-17 05:53:16","2024-03-17 05:53:27");
INSERT INTO pro_tybes VALUES ("7","خصم مسموح به","","7","","2024-03-17 05:53:16","2024-03-17 05:53:27");



DROP TABLE prods;

CREATE TABLE `prods` (
  `id` int(1) NOT NULL AUTO_INCREMENT,
  `pname` varchar(50) NOT NULL,
  `info` varchar(100) DEFAULT NULL,
  `crtime` timestamp NOT NULL DEFAULT current_timestamp(),
  PRIMARY KEY (`id`)
) ENGINE=InnoDB AUTO_INCREMENT=12 DEFAULT CHARSET=utf8mb4;

INSERT INTO prods VALUES ("5","ابو يوسف","","2023-02-21 17:55:57");
INSERT INTO prods VALUES ("6","ابراهيم يونس	","","2023-02-22 10:13:53");
INSERT INTO prods VALUES ("7","عبدالهادي تيكت ","","2023-07-30 16:05:11");
INSERT INTO prods VALUES ("8","حسن محسن","","2023-08-02 13:09:16");
INSERT INTO prods VALUES ("9","الموجي","","2023-08-23 13:37:58");
INSERT INTO prods VALUES ("10","السيد","","2023-08-29 16:40:54");
INSERT INTO prods VALUES ("11","حباظه","","2023-09-28 10:53:32");



DROP TABLE pst_activities;

CREATE TABLE `pst_activities` (
  `id` int(1) NOT NULL AUTO_INCREMENT,
  `aname` varchar(111) NOT NULL,
  `info` varchar(111) DEFAULT NULL,
  `crtime` timestamp NOT NULL DEFAULT current_timestamp(),
  `mdtime` timestamp NOT NULL DEFAULT current_timestamp() ON UPDATE current_timestamp(),
  `user` int(1) DEFAULT 0,
  PRIMARY KEY (`id`)
) ENGINE=InnoDB DEFAULT CHARSET=utf8mb4;




DROP TABLE pst_criminals;

CREATE TABLE `pst_criminals` (
  `id` int(1) NOT NULL AUTO_INCREMENT,
  `cname` varchar(150) NOT NULL,
  `otherdetails` varchar(200) DEFAULT NULL,
  `karta` int(1) DEFAULT NULL,
  `dngrs` int(1) DEFAULT NULL,
  `fesh` int(1) DEFAULT NULL,
  `prtnrs` varchar(150) DEFAULT NULL,
  `crmaddress` varchar(150) DEFAULT NULL,
  `idcardnum` varchar(150) DEFAULT NULL,
  `scar` varchar(150) DEFAULT NULL,
  `mname` varchar(150) DEFAULT NULL,
  `nickname` varchar(150) DEFAULT NULL,
  `tybe` varchar(150) DEFAULT NULL,
  `danger_factor` int(1) NOT NULL DEFAULT 1,
  `info` varchar(150) DEFAULT NULL,
  `crtime` timestamp NOT NULL DEFAULT current_timestamp(),
  `mdtime` timestamp NOT NULL DEFAULT current_timestamp() ON UPDATE current_timestamp(),
  `user` int(1) NOT NULL,
  PRIMARY KEY (`id`)
) ENGINE=InnoDB DEFAULT CHARSET=utf8mb4;




DROP TABLE pst_crmstyles;

CREATE TABLE `pst_crmstyles` (
  `id` int(1) NOT NULL AUTO_INCREMENT,
  `cname` varchar(150) NOT NULL,
  `info` varchar(150) DEFAULT NULL,
  `crtime` timestamp NOT NULL DEFAULT current_timestamp(),
  `mdtime` timestamp NOT NULL DEFAULT current_timestamp() ON UPDATE current_timestamp(),
  `user` int(1) NOT NULL,
  PRIMARY KEY (`id`)
) ENGINE=InnoDB DEFAULT CHARSET=utf8mb4;




DROP TABLE pst_gangs;

CREATE TABLE `pst_gangs` (
  `id` int(1) NOT NULL AUTO_INCREMENT,
  `gname` varchar(150) NOT NULL,
  `info` varchar(150) DEFAULT NULL,
  `crtime` timestamp NOT NULL DEFAULT current_timestamp(),
  `mdtime` timestamp NOT NULL DEFAULT current_timestamp() ON UPDATE current_timestamp(),
  `user` int(1) NOT NULL,
  PRIMARY KEY (`id`)
) ENGINE=InnoDB DEFAULT CHARSET=utf8mb4;




DROP TABLE pst_issues;

CREATE TABLE `pst_issues` (
  `id` int(1) NOT NULL AUTO_INCREMENT,
  `iname` varchar(150) NOT NULL,
  `issue_tybe` int(1) NOT NULL DEFAULT 1,
  `info` varchar(150) DEFAULT NULL,
  `crtime` timestamp NOT NULL DEFAULT current_timestamp(),
  `mdtime` timestamp NOT NULL DEFAULT current_timestamp() ON UPDATE current_timestamp(),
  `user` int(1) NOT NULL,
  PRIMARY KEY (`id`)
) ENGINE=InnoDB DEFAULT CHARSET=utf8mb4;




DROP TABLE rays;

CREATE TABLE `rays` (
  `id` int(11) NOT NULL AUTO_INCREMENT,
  `client` int(11) NOT NULL,
  `lap` int(11) NOT NULL,
  `name` varchar(250) NOT NULL,
  `comment` varchar(250) DEFAULT NULL,
  `img` varchar(250) DEFAULT NULL,
  `crtime` timestamp NULL DEFAULT current_timestamp(),
  `mdtime` timestamp NOT NULL DEFAULT current_timestamp() ON UPDATE current_timestamp(),
  `info` varchar(250) DEFAULT NULL,
  PRIMARY KEY (`id`)
) ENGINE=InnoDB DEFAULT CHARSET=utf8mb4;




DROP TABLE reservations;

CREATE TABLE `reservations` (
  `id` int(11) NOT NULL AUTO_INCREMENT,
  `client` int(11) NOT NULL,
  `phone` varchar(15) DEFAULT NULL,
  `date` date NOT NULL,
  `time` time NOT NULL,
  `visittybe` int(11) NOT NULL,
  `crtime` timestamp NOT NULL DEFAULT current_timestamp(),
  `mdtime` timestamp NOT NULL DEFAULT current_timestamp() ON UPDATE current_timestamp(),
  `paid` int(11) DEFAULT 0,
  `deserved` int(11) DEFAULT 0,
  `rest` int(11) DEFAULT 0,
  `info` varchar(250) DEFAULT NULL,
  PRIMARY KEY (`id`)
) ENGINE=InnoDB AUTO_INCREMENT=13 DEFAULT CHARSET=utf8mb4;

INSERT INTO reservations VALUES ("1","1","37","2004-04-19","16:45:00","0","2023-08-28 20:46:52","2023-08-28 20:56:34","58","21","0","Commodo in explicabo");
INSERT INTO reservations VALUES ("6","7","","2021-03-02","05:08:00","0","2023-09-04 07:20:18","2023-09-04 07:20:18","75","0","0","Nostrum rerum nulla ");
INSERT INTO reservations VALUES ("7","8","","2023-09-07","06:45:00","0","2023-09-07 05:32:27","2023-09-07 05:32:27","300","0","0","تليفون");
INSERT INTO reservations VALUES ("8","12","","2023-09-07","22:00:00","0","2023-09-07 16:59:46","2023-09-07 16:59:46","300","0","0","---");
INSERT INTO reservations VALUES ("10","13","","1997-09-11","21:01:00","0","2023-09-07 22:23:51","2023-09-07 22:23:51","18","0","0","Qui magnam sed conse");
INSERT INTO reservations VALUES ("11","1","","2022-07-10","07:07:00","0","2023-09-07 22:27:01","2023-09-07 22:27:01","12","0","0","Amet cillum dolore ");
INSERT INTO reservations VALUES ("12","3","","2024-01-14","00:00:00","1","2024-01-15 00:55:07","2024-01-15 00:55:07","3000","0","0","");



DROP TABLE salaries;

CREATE TABLE `salaries` (
  `id` int(11) NOT NULL AUTO_INCREMENT,
  `empid` int(1) NOT NULL,
  `info` varchar(100) DEFAULT NULL,
  `crtime` timestamp NOT NULL DEFAULT current_timestamp(),
  `mdtime` timestamp NOT NULL DEFAULT current_timestamp() ON UPDATE current_timestamp(),
  `starttime` time NOT NULL,
  `endtime` time NOT NULL,
  `salary` double DEFAULT 0,
  `extra` double DEFAULT 0,
  `disc` double DEFAULT 0,
  `allow` double DEFAULT 0,
  `dedu` double DEFAULT 0,
  `total` double NOT NULL DEFAULT 0,
  PRIMARY KEY (`id`)
) ENGINE=InnoDB DEFAULT CHARSET=utf8mb4;




DROP TABLE services;

CREATE TABLE `services` (
  `id` int(11) NOT NULL AUTO_INCREMENT,
  `sname` varchar(50) NOT NULL,
  `info` varchar(100) DEFAULT NULL,
  `crtime` timestamp NOT NULL DEFAULT current_timestamp(),
  PRIMARY KEY (`id`)
) ENGINE=InnoDB AUTO_INCREMENT=19 DEFAULT CHARSET=utf8mb4;

INSERT INTO services VALUES ("3","يوفي","","2023-02-21 17:55:47");
INSERT INTO services VALUES ("4","تكسير","","2023-02-22 10:05:41");
INSERT INTO services VALUES ("5","سلوفان ﻻمع	","","2023-02-22 10:11:26");
INSERT INTO services VALUES ("6","سلوفان مط	","","2023-02-22 10:11:42");
INSERT INTO services VALUES ("7","سلوفان لامع + تكسير	","","2023-02-22 10:11:49");
INSERT INTO services VALUES ("8","يوفي + تكسير	","","2023-02-22 10:11:56");
INSERT INTO services VALUES ("9","مط+سبوت+ريجا	","","2023-02-22 10:12:02");
INSERT INTO services VALUES ("10","مط + سبوت	","","2023-02-22 10:12:08");
INSERT INTO services VALUES ("11","دوبلكس 300جم	","","2023-02-22 10:12:14");
INSERT INTO services VALUES ("12","ريجا","","2023-02-22 10:13:05");
INSERT INTO services VALUES ("13","سلوفان+ريجا	","","2023-02-22 10:13:12");
INSERT INTO services VALUES ("14","زومبا	","","2023-02-22 10:13:18");
INSERT INTO services VALUES ("15","تكسير + تشريح	","","2023-02-22 10:13:24");
INSERT INTO services VALUES ("16","تكسير + تلزيق	","","2023-02-22 10:13:32");
INSERT INTO services VALUES ("17","يوفي ","","2023-08-09 09:38:52");
INSERT INTO services VALUES ("18","تكسير + يوفي ","","2023-09-13 18:09:17");



DROP TABLE session_time;

CREATE TABLE `session_time` (
  `id` int(1) NOT NULL AUTO_INCREMENT,
  `user` int(1) NOT NULL,
  `crtime` timestamp NOT NULL DEFAULT current_timestamp(),
  PRIMARY KEY (`id`)
) ENGINE=InnoDB AUTO_INCREMENT=451 DEFAULT CHARSET=utf8mb4;

INSERT INTO session_time VALUES ("241","1","2024-02-21 03:21:59");
INSERT INTO session_time VALUES ("242","1","2024-02-21 03:22:10");
INSERT INTO session_time VALUES ("243","1","2024-02-21 17:46:08");
INSERT INTO session_time VALUES ("244","1","2024-02-21 22:20:21");
INSERT INTO session_time VALUES ("245","1","2024-02-22 03:29:25");
INSERT INTO session_time VALUES ("246","1","2024-02-23 03:20:44");
INSERT INTO session_time VALUES ("247","1","2024-02-23 04:35:51");
INSERT INTO session_time VALUES ("248","1","2024-02-23 18:32:24");
INSERT INTO session_time VALUES ("249","1","2024-02-23 23:07:00");
INSERT INTO session_time VALUES ("250","1","2024-02-24 11:47:20");
INSERT INTO session_time VALUES ("251","1","2024-02-24 16:57:29");
INSERT INTO session_time VALUES ("252","1","2024-02-24 21:24:53");
INSERT INTO session_time VALUES ("253","1","2024-02-24 22:41:17");
INSERT INTO session_time VALUES ("254","1","2024-02-25 01:14:16");
INSERT INTO session_time VALUES ("255","1","2024-02-25 22:09:50");
INSERT INTO session_time VALUES ("256","1","2024-02-25 22:13:04");
INSERT INTO session_time VALUES ("257","1","2024-02-26 00:05:01");
INSERT INTO session_time VALUES ("258","1","2024-02-26 03:30:07");
INSERT INTO session_time VALUES ("259","1","2024-02-26 23:59:19");
INSERT INTO session_time VALUES ("260","1","2024-02-27 03:17:58");
INSERT INTO session_time VALUES ("261","1","2024-02-27 03:27:08");
INSERT INTO session_time VALUES ("262","1","2024-02-27 03:42:08");
INSERT INTO session_time VALUES ("263","1","2024-02-27 03:57:11");
INSERT INTO session_time VALUES ("264","1","2024-02-27 08:36:13");
INSERT INTO session_time VALUES ("265","1","2024-02-27 09:13:37");
INSERT INTO session_time VALUES ("266","1","2024-02-27 17:38:01");
INSERT INTO session_time VALUES ("267","1","2024-02-27 18:31:17");
INSERT INTO session_time VALUES ("268","1","2024-02-27 20:28:38");
INSERT INTO session_time VALUES ("269","1","2024-02-27 22:22:44");
INSERT INTO session_time VALUES ("270","1","2024-02-28 00:32:25");
INSERT INTO session_time VALUES ("271","1","2024-02-28 00:35:39");
INSERT INTO session_time VALUES ("272","1","2024-02-28 00:40:22");
INSERT INTO session_time VALUES ("273","1","2024-02-28 00:41:37");
INSERT INTO session_time VALUES ("274","1","2024-02-28 01:33:08");
INSERT INTO session_time VALUES ("275","1","2024-02-28 04:08:44");
INSERT INTO session_time VALUES ("276","1","2024-02-28 18:37:14");
INSERT INTO session_time VALUES ("277","1","2024-02-29 00:15:19");
INSERT INTO session_time VALUES ("278","1","2024-02-29 00:27:35");
INSERT INTO session_time VALUES ("279","1","2024-02-29 00:30:06");
INSERT INTO session_time VALUES ("280","1","2024-02-29 20:05:32");
INSERT INTO session_time VALUES ("281","1","2024-02-29 20:50:24");
INSERT INTO session_time VALUES ("282","1","2024-02-29 21:28:49");
INSERT INTO session_time VALUES ("283","1","2024-03-01 03:10:17");
INSERT INTO session_time VALUES ("284","1","2024-03-01 04:19:20");
INSERT INTO session_time VALUES ("285","1","2024-03-02 05:19:21");
INSERT INTO session_time VALUES ("286","1","2024-03-02 14:23:58");
INSERT INTO session_time VALUES ("287","1","2024-03-02 15:02:34");
INSERT INTO session_time VALUES ("288","1","2024-03-02 16:23:23");
INSERT INTO session_time VALUES ("289","1","2024-03-02 17:06:16");
INSERT INTO session_time VALUES ("290","1","2024-03-02 18:35:51");
INSERT INTO session_time VALUES ("291","1","2024-03-02 18:40:54");
INSERT INTO session_time VALUES ("292","1","2024-03-02 18:44:33");
INSERT INTO session_time VALUES ("293","1","2024-03-03 02:15:20");
INSERT INTO session_time VALUES ("294","1","2024-03-03 02:20:25");
INSERT INTO session_time VALUES ("295","1","2024-03-03 02:25:15");
INSERT INTO session_time VALUES ("296","1","2024-03-03 03:31:14");
INSERT INTO session_time VALUES ("297","1","2024-03-03 03:53:17");
INSERT INTO session_time VALUES ("298","1","2024-03-03 04:26:13");
INSERT INTO session_time VALUES ("299","1","2024-03-03 04:56:57");
INSERT INTO session_time VALUES ("300","1","2024-03-03 05:01:06");
INSERT INTO session_time VALUES ("301","1","2024-03-03 16:44:02");
INSERT INTO session_time VALUES ("302","1","2024-03-03 19:59:11");
INSERT INTO session_time VALUES ("303","1","2024-03-04 03:04:41");
INSERT INTO session_time VALUES ("304","1","2024-03-04 15:34:16");
INSERT INTO session_time VALUES ("305","1","2024-03-04 15:34:27");
INSERT INTO session_time VALUES ("306","1","2024-03-05 02:10:52");
INSERT INTO session_time VALUES ("307","1","2024-03-05 04:15:28");
INSERT INTO session_time VALUES ("308","1","2024-03-05 04:22:20");
INSERT INTO session_time VALUES ("309","1","2024-03-05 04:38:09");
INSERT INTO session_time VALUES ("310","1","2024-03-05 04:42:31");
INSERT INTO session_time VALUES ("311","1","2024-03-05 04:47:55");
INSERT INTO session_time VALUES ("312","1","2024-03-05 04:52:55");
INSERT INTO session_time VALUES ("313","1","2024-03-05 04:55:14");
INSERT INTO session_time VALUES ("314","1","2024-03-05 04:58:33");
INSERT INTO session_time VALUES ("315","1","2024-03-05 05:02:53");
INSERT INTO session_time VALUES ("316","1","2024-03-05 05:09:45");
INSERT INTO session_time VALUES ("317","1","2024-03-05 05:11:02");
INSERT INTO session_time VALUES ("318","1","2024-03-05 05:16:20");
INSERT INTO session_time VALUES ("319","1","2024-03-05 05:17:31");
INSERT INTO session_time VALUES ("320","1","2024-03-06 22:44:04");
INSERT INTO session_time VALUES ("321","1","2024-03-06 23:11:04");
INSERT INTO session_time VALUES ("322","1","2024-03-07 02:39:18");
INSERT INTO session_time VALUES ("323","1","2024-03-07 17:38:23");
INSERT INTO session_time VALUES ("324","1","2024-03-07 17:40:28");
INSERT INTO session_time VALUES ("325","1","2024-03-07 18:13:10");
INSERT INTO session_time VALUES ("326","1","2024-03-07 20:30:56");
INSERT INTO session_time VALUES ("327","1","2024-03-07 20:37:12");
INSERT INTO session_time VALUES ("328","1","2024-03-07 20:38:36");
INSERT INTO session_time VALUES ("329","1","2024-03-07 22:19:51");
INSERT INTO session_time VALUES ("330","1","2024-03-07 23:19:59");
INSERT INTO session_time VALUES ("331","1","2024-03-08 21:02:53");
INSERT INTO session_time VALUES ("332","1","2024-03-08 21:24:05");
INSERT INTO session_time VALUES ("333","1","2024-03-09 01:39:03");
INSERT INTO session_time VALUES ("334","1","2024-03-09 13:41:58");
INSERT INTO session_time VALUES ("335","1","2024-03-09 14:56:09");
INSERT INTO session_time VALUES ("336","1","2024-03-09 21:48:24");
INSERT INTO session_time VALUES ("337","1","2024-03-09 21:52:49");
INSERT INTO session_time VALUES ("338","1","2024-03-09 22:06:25");
INSERT INTO session_time VALUES ("339","1","2024-03-09 22:13:15");
INSERT INTO session_time VALUES ("340","1","2024-03-09 22:14:10");
INSERT INTO session_time VALUES ("341","1","2024-03-10 02:34:23");
INSERT INTO session_time VALUES ("342","1","2024-03-10 17:47:20");
INSERT INTO session_time VALUES ("343","1","2024-03-10 22:32:47");
INSERT INTO session_time VALUES ("344","1","2024-03-11 03:44:16");
INSERT INTO session_time VALUES ("345","1","2024-03-11 03:57:54");
INSERT INTO session_time VALUES ("346","1","2024-03-11 20:37:52");
INSERT INTO session_time VALUES ("347","1","2024-03-11 21:01:05");
INSERT INTO session_time VALUES ("348","1","2024-03-13 16:11:56");
INSERT INTO session_time VALUES ("349","1","2024-03-14 00:48:20");
INSERT INTO session_time VALUES ("350","1","2024-03-14 02:27:06");
INSERT INTO session_time VALUES ("351","1","2024-03-14 14:52:43");
INSERT INTO session_time VALUES ("352","1","2024-03-14 14:55:35");
INSERT INTO session_time VALUES ("353","1","2024-03-16 02:29:34");
INSERT INTO session_time VALUES ("354","1","2024-03-16 02:33:20");
INSERT INTO session_time VALUES ("355","1","2024-03-16 15:58:07");
INSERT INTO session_time VALUES ("356","1","2024-03-17 02:22:24");
INSERT INTO session_time VALUES ("357","1","2024-03-17 14:51:37");
INSERT INTO session_time VALUES ("358","1","2024-03-17 15:23:35");
INSERT INTO session_time VALUES ("359","1","2024-03-17 19:20:28");
INSERT INTO session_time VALUES ("360","1","2024-03-17 19:24:32");
INSERT INTO session_time VALUES ("361","1","2024-03-18 04:11:23");
INSERT INTO session_time VALUES ("362","1","2024-03-18 20:10:15");
INSERT INTO session_time VALUES ("363","1","2024-03-18 20:14:51");
INSERT INTO session_time VALUES ("364","1","2024-03-19 00:18:27");
INSERT INTO session_time VALUES ("365","1","2024-03-19 01:22:55");
INSERT INTO session_time VALUES ("366","1","2024-03-19 03:27:41");
INSERT INTO session_time VALUES ("367","1","2024-03-19 03:34:50");
INSERT INTO session_time VALUES ("368","1","2024-03-19 13:23:24");
INSERT INTO session_time VALUES ("369","1","2024-03-19 13:30:24");
INSERT INTO session_time VALUES ("370","1","2024-03-19 14:29:53");
INSERT INTO session_time VALUES ("371","1","2024-03-19 14:31:07");
INSERT INTO session_time VALUES ("372","1","2024-03-19 21:27:49");
INSERT INTO session_time VALUES ("373","1","2024-03-19 21:28:09");
INSERT INTO session_time VALUES ("374","1","2024-03-20 03:58:38");
INSERT INTO session_time VALUES ("375","1","2024-03-20 04:15:35");
INSERT INTO session_time VALUES ("376","1","2024-03-20 16:05:59");
INSERT INTO session_time VALUES ("377","1","2024-03-20 17:05:21");
INSERT INTO session_time VALUES ("378","1","2024-03-20 21:50:48");
INSERT INTO session_time VALUES ("379","1","2024-03-21 05:53:44");
INSERT INTO session_time VALUES ("380","1","2024-03-21 08:11:03");
INSERT INTO session_time VALUES ("381","1","2024-03-21 14:01:20");
INSERT INTO session_time VALUES ("382","1","2024-03-23 15:20:45");
INSERT INTO session_time VALUES ("383","1","2024-03-23 16:29:44");
INSERT INTO session_time VALUES ("384","1","2024-03-23 16:30:36");
INSERT INTO session_time VALUES ("385","1","2024-03-23 16:35:48");
INSERT INTO session_time VALUES ("386","1","2024-03-24 03:12:57");
INSERT INTO session_time VALUES ("387","1","2024-03-24 15:06:37");
INSERT INTO session_time VALUES ("388","1","2024-03-25 01:51:22");
INSERT INTO session_time VALUES ("389","1","2024-03-25 14:57:25");
INSERT INTO session_time VALUES ("390","1","2024-03-25 14:59:49");
INSERT INTO session_time VALUES ("391","1","2024-03-25 17:48:23");
INSERT INTO session_time VALUES ("392","1","2024-03-25 22:42:49");
INSERT INTO session_time VALUES ("393","1","2024-03-25 23:34:41");
INSERT INTO session_time VALUES ("394","1","2024-03-26 01:53:13");
INSERT INTO session_time VALUES ("395","1","2024-03-26 03:14:47");
INSERT INTO session_time VALUES ("396","1","2024-03-26 05:04:04");
INSERT INTO session_time VALUES ("397","1","2024-03-26 05:55:10");
INSERT INTO session_time VALUES ("398","1","2024-03-26 16:42:32");
INSERT INTO session_time VALUES ("399","1","2024-03-26 21:04:05");
INSERT INTO session_time VALUES ("400","1","2024-03-26 21:18:12");
INSERT INTO session_time VALUES ("401","1","2024-03-26 21:20:35");
INSERT INTO session_time VALUES ("402","1","2024-03-27 01:03:32");
INSERT INTO session_time VALUES ("403","1","2024-03-27 01:20:12");
INSERT INTO session_time VALUES ("404","1","2024-03-27 04:22:30");
INSERT INTO session_time VALUES ("405","1","2024-03-27 04:24:10");
INSERT INTO session_time VALUES ("406","1","2024-03-27 14:46:53");
INSERT INTO session_time VALUES ("407","1","2024-03-27 14:56:24");
INSERT INTO session_time VALUES ("408","1","2024-03-27 15:01:56");
INSERT INTO session_time VALUES ("409","1","2024-03-27 23:02:25");
INSERT INTO session_time VALUES ("410","1","2024-03-28 23:06:02");
INSERT INTO session_time VALUES ("411","1","2024-03-28 23:11:09");
INSERT INTO session_time VALUES ("412","1","2024-03-28 23:13:41");
INSERT INTO session_time VALUES ("413","1","2024-03-28 23:15:05");
INSERT INTO session_time VALUES ("414","1","2024-03-28 23:49:21");
INSERT INTO session_time VALUES ("415","1","2024-03-28 23:59:09");
INSERT INTO session_time VALUES ("416","1","2024-03-29 00:17:50");
INSERT INTO session_time VALUES ("417","1","2024-04-12 05:58:38");
INSERT INTO session_time VALUES ("418","1","2024-04-12 09:36:49");
INSERT INTO session_time VALUES ("419","1","2024-04-13 03:33:35");
INSERT INTO session_time VALUES ("420","1","2024-04-13 18:35:01");
INSERT INTO session_time VALUES ("421","1","2024-04-14 01:09:42");
INSERT INTO session_time VALUES ("422","1","2024-04-14 03:21:53");
INSERT INTO session_time VALUES ("423","1","2024-04-14 17:09:01");
INSERT INTO session_time VALUES ("424","1","2024-04-14 20:29:29");
INSERT INTO session_time VALUES ("425","1","2024-04-15 19:12:02");
INSERT INTO session_time VALUES ("426","1","2024-04-15 21:36:31");
INSERT INTO session_time VALUES ("427","1","2024-04-16 00:04:09");
INSERT INTO session_time VALUES ("428","1","2024-04-16 01:02:41");
INSERT INTO session_time VALUES ("429","1","2024-04-16 02:48:46");
INSERT INTO session_time VALUES ("430","1","2024-04-16 09:04:49");
INSERT INTO session_time VALUES ("431","1","2024-04-16 15:26:56");
INSERT INTO session_time VALUES ("432","1","2024-04-16 19:53:32");
INSERT INTO session_time VALUES ("433","1","2024-04-16 21:22:12");
INSERT INTO session_time VALUES ("434","1","2024-04-17 04:40:40");
INSERT INTO session_time VALUES ("435","1","2024-04-17 21:23:57");
INSERT INTO session_time VALUES ("436","1","2024-04-17 21:48:03");
INSERT INTO session_time VALUES ("437","1","2024-04-18 00:04:23");
INSERT INTO session_time VALUES ("438","1","2024-04-18 17:15:17");
INSERT INTO session_time VALUES ("439","1","2024-04-18 19:35:00");
INSERT INTO session_time VALUES ("440","1","2024-04-19 13:26:59");
INSERT INTO session_time VALUES ("441","1","2024-04-19 20:21:49");
INSERT INTO session_time VALUES ("442","1","2024-04-20 08:32:54");
INSERT INTO session_time VALUES ("443","1","2024-04-20 14:10:55");
INSERT INTO session_time VALUES ("444","1","2024-04-20 18:39:22");
INSERT INTO session_time VALUES ("445","1","2024-04-21 18:12:11");
INSERT INTO session_time VALUES ("446","1","2024-04-22 05:02:57");
INSERT INTO session_time VALUES ("447","1","2024-04-22 08:17:19");
INSERT INTO session_time VALUES ("448","1","2024-04-22 08:18:09");
INSERT INTO session_time VALUES ("449","1","2024-04-22 16:28:17");
INSERT INTO session_time VALUES ("450","1","2024-04-23 05:22:50");



DROP TABLE settings;

CREATE TABLE `settings` (
  `id` int(1) NOT NULL AUTO_INCREMENT,
  `company_name` varchar(200) DEFAULT NULL,
  `company_add` varchar(200) DEFAULT NULL,
  `company_tel` varchar(200) DEFAULT NULL,
  `edit_password` varchar(50) DEFAULT NULL,
  `lic` varchar(250) DEFAULT NULL,
  `updateline` text DEFAULT NULL,
  `edit_pass` varchar(100) DEFAULT '0',
  `acc_rent` int(11) DEFAULT 0,
  `startdate` date DEFAULT NULL,
  `enddate` date DEFAULT NULL,
  `lang` varchar(20) DEFAULT 'ar',
  `bodycolor` varchar(50) DEFAULT NULL,
  `showhr` int(1) NOT NULL DEFAULT 1,
  `showclinc` int(1) NOT NULL DEFAULT 1,
  `showatt` int(11) NOT NULL DEFAULT 1,
  `showpayroll` int(11) NOT NULL DEFAULT 1,
  `showrent` int(11) NOT NULL DEFAULT 1,
  `showtsk` int(11) NOT NULL DEFAULT 1,
  PRIMARY KEY (`id`)
) ENGINE=InnoDB AUTO_INCREMENT=2 DEFAULT CHARSET=utf8mb4;

INSERT INTO settings VALUES ("1","SKY TEAM","سمنود - برج زايد - الدور الخامس","010053662038","","","","0","99","2024-01-01","2024-12-31","ar","#f7f9fa","1","0","1","1","1","1");



DROP TABLE shifts;

CREATE TABLE `shifts` (
  `id` int(11) NOT NULL AUTO_INCREMENT,
  `name` varchar(20) NOT NULL,
  `info` text DEFAULT NULL,
  `crtime` timestamp NOT NULL DEFAULT current_timestamp(),
  `isdeleted` int(1) DEFAULT NULL,
  `shiftstart` time DEFAULT NULL,
  `shiftend` time DEFAULT NULL,
  `hours` double(11,2) DEFAULT NULL,
  `instart` time DEFAULT NULL,
  `inend` time DEFAULT NULL,
  `outstart` time DEFAULT NULL,
  `outend` time DEFAULT NULL,
  `latelimit` int(1) DEFAULT NULL,
  `earlylimit` int(11) DEFAULT NULL,
  `workingdays` varchar(20) DEFAULT NULL,
  PRIMARY KEY (`id`)
) ENGINE=InnoDB AUTO_INCREMENT=12 DEFAULT CHARSET=utf8mb4;

INSERT INTO shifts VALUES ("5","ورديه الاداره","","2023-08-05 04:37:08","","12:00:00","19:00:00","","11:00:00","14:00:00","17:00:00","23:59:00","15","15","6,7,1,2,3,4");
INSERT INTO shifts VALUES ("7","ورديه البنات","","2023-08-05 15:15:09","","12:00:00","19:00:00","","11:00:00","13:30:00","17:00:00","22:00:00","15","15","6,7,1,2,3,4");
INSERT INTO shifts VALUES ("8","ورديه الدعم الفني","","2023-08-10 06:50:00","","12:00:00","20:00:00","","10:30:00","13:30:00","19:30:00","23:59:00","0","0","6,7,1,2,3,4");
INSERT INTO shifts VALUES ("9","Support","","2023-08-10 16:48:58","","17:48:00","19:48:00","","17:48:00","20:48:00","20:48:00","21:48:00","1","2","6,7,1,4,5");
INSERT INTO shifts VALUES ("10","وردية خاصه","","2023-08-23 15:27:53","","12:00:00","20:00:00","","10:30:00","16:30:00","16:31:00","23:59:00","10","10","6,7,1,2,3,4");



DROP TABLE shw_optns;

CREATE TABLE `shw_optns` (
  `id` int(11) NOT NULL AUTO_INCREMENT,
  `sname` varchar(100) NOT NULL,
  `is_show` int(11) NOT NULL DEFAULT 0,
  `def_width` int(11) NOT NULL DEFAULT 50,
  `cur_width` int(11) NOT NULL DEFAULT 50,
  `info` varchar(150) DEFAULT NULL,
  `crtime` timestamp NOT NULL DEFAULT current_timestamp(),
  `mdtime` timestamp NOT NULL DEFAULT current_timestamp() ON UPDATE current_timestamp(),
  PRIMARY KEY (`id`)
) ENGINE=InnoDB AUTO_INCREMENT=18 DEFAULT CHARSET=utf8mb4;

INSERT INTO shw_optns VALUES ("1","op_id","0","50","50","معرف العملية","2024-03-13 19:54:16","2024-03-13 20:32:33");
INSERT INTO shw_optns VALUES ("2","op_date","0","50","50","التاريخ","2024-03-13 20:32:08","2024-03-13 20:32:46");
INSERT INTO shw_optns VALUES ("3","op_tybe","0","50","50","نوع العمليه","2024-03-13 20:32:08","2024-03-13 20:32:54");
INSERT INTO shw_optns VALUES ("4","op_store","0","50","50","المستودع","2024-03-13 20:32:08","2024-03-13 20:32:08");
INSERT INTO shw_optns VALUES ("5","op_num","0","50","50","رقم السند","2024-03-13 20:32:08","2024-03-13 20:32:08");
INSERT INTO shw_optns VALUES ("6","acc_num","0","50","50","رقم الحساب","2024-03-13 20:32:08","2024-03-13 20:32:08");
INSERT INTO shw_optns VALUES ("7","acc_id","0","50","50","اسم الحساب","2024-03-13 20:32:08","2024-03-13 20:32:08");
INSERT INTO shw_optns VALUES ("8","op_val","0","50","50","قيمه العمليه","2024-03-13 20:32:08","2024-03-13 20:32:08");
INSERT INTO shw_optns VALUES ("9","op_profit","0","50","50","الربح","2024-03-13 20:32:08","2024-03-13 20:33:07");
INSERT INTO shw_optns VALUES ("10","emb_id","0","50","50","البائع","2024-03-13 20:32:08","2024-03-13 20:33:15");
INSERT INTO shw_optns VALUES ("11","usid","0","50","50","المستخدم","2024-03-13 20:32:08","2024-03-13 20:33:22");
INSERT INTO shw_optns VALUES ("12","fatcost","0","50","50","تكلفه المبيعات","2024-03-13 20:32:08","2024-03-13 20:33:28");
INSERT INTO shw_optns VALUES ("13","crtime","0","50","50","الوقت","2024-03-13 20:32:08","2024-03-13 20:32:08");
INSERT INTO shw_optns VALUES ("14","cl_code","0","50","50","رقم العميل","2024-03-13 20:47:10","2024-03-13 20:47:10");
INSERT INTO shw_optns VALUES ("15","cl_id","0","50","50","اسم العميل","2024-03-13 20:47:10","2024-03-13 20:47:10");
INSERT INTO shw_optns VALUES ("16","acc_blance","0","50","50","الرصيد الحالى-بالعمله المحليه","2024-03-13 20:47:10","2024-03-13 20:47:10");
INSERT INTO shw_optns VALUES ("17","acc_cur","0","50","50","عمله الحساب","2024-03-13 20:47:10","2024-03-13 20:47:10");



DROP TABLE sitting_items;

CREATE TABLE `sitting_items` (
  `id` int(11) NOT NULL AUTO_INCREMENT,
  `iname` varchar(250) NOT NULL,
  `item_value` int(1) NOT NULL DEFAULT 0,
  `item_description` varchar(250) DEFAULT NULL,
  `crtime` timestamp NOT NULL DEFAULT current_timestamp(),
  `mdtime` timestamp NOT NULL DEFAULT current_timestamp() ON UPDATE current_timestamp(),
  PRIMARY KEY (`id`)
) ENGINE=InnoDB AUTO_INCREMENT=5 DEFAULT CHARSET=utf8mb4;

INSERT INTO sitting_items VALUES ("1","الموظف يحاسب علي اساس ساعات العمل","0","","2023-12-27 00:32:16","2023-12-27 00:32:16");
INSERT INTO sitting_items VALUES ("2","الموظف يحاسب علي اساس ساعات العمل التقديريه 26 يوم","0","","2023-12-27 00:33:03","2023-12-27 00:33:03");
INSERT INTO sitting_items VALUES ("3","الشهر عباره عن 30 يوم","0","","2023-12-27 00:35:34","2023-12-27 00:35:34");
INSERT INTO sitting_items VALUES ("4","البصمه المفقوده يتم تجاهلها","0","","2023-12-27 00:35:34","2023-12-27 00:35:34");



DROP TABLE skills;

CREATE TABLE `skills` (
  `id` int(11) NOT NULL AUTO_INCREMENT,
  `sname` varchar(200) NOT NULL,
  `icon` varchar(100) DEFAULT NULL,
  `info` varchar(200) DEFAULT NULL,
  `scolor` varchar(100) DEFAULT NULL,
  `crtime` timestamp NOT NULL DEFAULT current_timestamp(),
  `mdtime` timestamp NOT NULL DEFAULT current_timestamp() ON UPDATE current_timestamp(),
  `user` int(11) NOT NULL DEFAULT 1,
  PRIMARY KEY (`id`)
) ENGINE=InnoDB DEFAULT CHARSET=utf8mb4;




DROP TABLE tasks;

CREATE TABLE `tasks` (
  `id` int(11) NOT NULL AUTO_INCREMENT,
  `name` varchar(50) NOT NULL,
  `ch_tybe` int(11) NOT NULL,
  `info` text DEFAULT NULL,
  `phone` varchar(20) DEFAULT NULL,
  `user` int(1) NOT NULL,
  `tasktybe` int(1) NOT NULL,
  `important` int(1) NOT NULL,
  `urgent` int(1) NOT NULL,
  `emp_comment` varchar(200) DEFAULT NULL,
  `cl_comment` varchar(200) DEFAULT NULL,
  `crtime` timestamp NOT NULL DEFAULT current_timestamp(),
  `mdtime` timestamp NOT NULL DEFAULT current_timestamp() ON UPDATE current_timestamp(),
  `isdeleted` int(1) DEFAULT NULL,
  PRIMARY KEY (`id`)
) ENGINE=InnoDB AUTO_INCREMENT=17 DEFAULT CHARSET=utf8mb4;

INSERT INTO tasks VALUES ("3","الفاروق لمستحضرات التجميل","2","","76878676876876 ","1","4","0","0","","","2024-01-15 00:18:16","2024-02-09 00:38:15","1");
INSERT INTO tasks VALUES ("4","احمد ساو باولو كفر الشيخ تركيب فرع","3","","     ","5","4","0","0","","","2024-01-17 18:56:10","2024-02-09 00:39:15","1");
INSERT INTO tasks VALUES ("7","Rhoda Mitchell","0","","+1 (407) 863-2892 ","8","4","0","0","","","2024-01-18 19:37:13","2024-02-09 00:44:08","");
INSERT INTO tasks VALUES ("8","ابراهيم العساسي","0","","  ","6","4","1","0","","","2024-01-18 22:06:58","2024-02-09 00:41:09","");
INSERT INTO tasks VALUES ("9","التمازي","0","","","6","0","1","0","","","2024-01-20 01:15:10","2024-02-09 00:38:15","");
INSERT INTO tasks VALUES ("10","Karleigh Cole","0","","+1 (678) 678-8975 ","6","4","0","0","tyutu","","2024-01-22 16:12:26","2024-02-09 00:38:56","1");
INSERT INTO tasks VALUES ("11","Hope Mccormick","2","","+1 (118) 568-6181 ","8","4","0","0","uyiy","","2024-01-22 16:12:43","2024-02-09 00:38:42","1");
INSERT INTO tasks VALUES ("12","Zelda Sutton","0","Qui sit impedit de","+1 (285) 894-7642","1","1","1","0","","","2024-02-09 00:48:24","2024-02-09 00:48:24","");
INSERT INTO tasks VALUES ("13","","0","","","1","1","0","0","","","2024-02-12 01:28:48","2024-02-12 01:28:48","");
INSERT INTO tasks VALUES ("14","Stone Stevens","0","Vero necessitatibus ","+1 (982) 527-7016","6","4","0","1","","","2024-02-12 01:46:59","2024-02-12 01:46:59","");
INSERT INTO tasks VALUES ("15","مصطفي دياب ","3","","0154564684564","1","0","1","0","","","2024-03-04 15:35:37","2024-03-04 15:35:45","");
INSERT INTO tasks VALUES ("16","عبدالهادي العدوي ","2","","  ","1","4","1","0","شغله جميل","تمام بس العر عالي","2024-04-17 21:25:50","2024-04-17 21:30:14","1");



DROP TABLE tasktybes;

CREATE TABLE `tasktybes` (
  `id` int(1) NOT NULL AUTO_INCREMENT,
  `name` varchar(25) NOT NULL,
  `info` text DEFAULT NULL,
  `crtime` timestamp NOT NULL DEFAULT current_timestamp(),
  `isdeleted` int(11) NOT NULL,
  PRIMARY KEY (`id`)
) ENGINE=InnoDB AUTO_INCREMENT=6 DEFAULT CHARSET=utf8mb4;

INSERT INTO tasktybes VALUES ("1","زياره اعطال","","2023-07-27 15:13:07","0");
INSERT INTO tasktybes VALUES ("2","زياره تسويق","","2023-07-27 15:13:07","0");
INSERT INTO tasktybes VALUES ("3","زياره علاقات","","2023-07-27 15:13:07","0");
INSERT INTO tasktybes VALUES ("4","تركيب","","2023-12-23 03:44:24","0");
INSERT INTO tasktybes VALUES ("5","كلينت","","2023-12-23 03:44:24","0");



DROP TABLE test;

CREATE TABLE `test` (
  `id` int(11) NOT NULL AUTO_INCREMENT,
  `first_name` varchar(50) COLLATE utf8_unicode_ci DEFAULT NULL,
  `last_name` varchar(50) COLLATE utf8_unicode_ci DEFAULT NULL,
  `email` varchar(50) COLLATE utf8_unicode_ci DEFAULT NULL,
  `phone` varchar(15) COLLATE utf8_unicode_ci DEFAULT NULL,
  `created` datetime NOT NULL,
  `modified` datetime NOT NULL,
  `status` enum('Active','Inactive') COLLATE utf8_unicode_ci NOT NULL DEFAULT 'Active',
  `name` varchar(50) COLLATE utf8_unicode_ci DEFAULT NULL,
  `date` date DEFAULT NULL,
  `test` varchar(1) COLLATE utf8_unicode_ci DEFAULT NULL,
  `time` time DEFAULT NULL,
  PRIMARY KEY (`id`)
) ENGINE=InnoDB AUTO_INCREMENT=12 DEFAULT CHARSET=utf8 COLLATE=utf8_unicode_ci;




DROP TABLE towns;

CREATE TABLE `towns` (
  `id` int(11) NOT NULL AUTO_INCREMENT,
  `name` varchar(20) NOT NULL,
  `info` text DEFAULT NULL,
  `crtime` timestamp NOT NULL DEFAULT current_timestamp(),
  `isdeleted` int(11) NOT NULL,
  PRIMARY KEY (`id`)
) ENGINE=InnoDB AUTO_INCREMENT=5 DEFAULT CHARSET=utf8mb4;

INSERT INTO towns VALUES ("1","سمنود ","","0000-00-00 00:00:00","0");
INSERT INTO towns VALUES ("2","المحله","","0000-00-00 00:00:00","0");
INSERT INTO towns VALUES ("3","المنيا","","0000-00-00 00:00:00","0");
INSERT INTO towns VALUES ("4","اجا","","2023-07-25 22:20:26","0");



DROP TABLE transactions;

CREATE TABLE `transactions` (
  `id` int(11) NOT NULL AUTO_INCREMENT,
  `tdate` date NOT NULL,
  `details` varchar(200) DEFAULT NULL,
  `crtime` timestamp NOT NULL DEFAULT current_timestamp(),
  `mdtime` timestamp NOT NULL DEFAULT current_timestamp() ON UPDATE current_timestamp(),
  PRIMARY KEY (`id`)
) ENGINE=InnoDB DEFAULT CHARSET=utf8mb4;




DROP TABLE users;

CREATE TABLE `users` (
  `id` int(1) NOT NULL AUTO_INCREMENT,
  `uname` varchar(20) NOT NULL,
  `password` varchar(255) NOT NULL,
  `crtime` timestamp NOT NULL DEFAULT current_timestamp(),
  `isdeleted` int(1) DEFAULT NULL,
  `usertype` int(11) NOT NULL,
  `img` varchar(255) NOT NULL,
  `def_client` int(11) DEFAULT NULL,
  `def_fund` int(11) DEFAULT NULL,
  `def_store` int(11) DEFAULT NULL,
  `def_prod` int(11) DEFAULT NULL,
  `def_emp` int(11) DEFAULT NULL,
  `tasksindex` int(11) DEFAULT NULL,
  `tasksadd` int(11) DEFAULT NULL,
  `tasksedit` int(11) DEFAULT NULL,
  PRIMARY KEY (`id`)
) ENGINE=InnoDB AUTO_INCREMENT=9 DEFAULT CHARSET=utf8mb4;

INSERT INTO users VALUES ("1","hadi","202cb962ac59075b964b07152d234b70","2022-12-05 17:01:33","","1","22947314.png","","","","","","","1","");
INSERT INTO users VALUES ("4","donya","6974ce5ac660610b44d9b9fed0ff9548","2023-02-21 17:40:20","","2","hanan644868.jpg","","","","","","","","");
INSERT INTO users VALUES ("5","mostafa","202cb962ac59075b964b07152d234b70","2023-07-22 20:22:56","","2","سلبيال950983.jpg","","","","","","","","");
INSERT INTO users VALUES ("6","ramady","202cb962ac59075b964b07152d234b70","2023-07-27 15:40:04","","2","","","","","","","","","");
INSERT INTO users VALUES ("7","MR YASER","c4ca4238a0b923820dcc509a6f75849b","2024-01-02 19:12:11","","2","","","","","","","","","");
INSERT INTO users VALUES ("8","Mayada","6512bd43d9caa6e02c990b0a82652dca","2024-01-03 16:01:10","","1","","","","","","","","","");



DROP TABLE vacancies;

CREATE TABLE `vacancies` (
  `id` int(1) NOT NULL AUTO_INCREMENT,
  `name` varchar(20) NOT NULL,
  `info` text DEFAULT NULL,
  `crtime` timestamp NOT NULL DEFAULT current_timestamp(),
  `isdeleted` int(1) DEFAULT NULL,
  PRIMARY KEY (`id`)
) ENGINE=InnoDB AUTO_INCREMENT=2 DEFAULT CHARSET=utf8mb4;

INSERT INTO vacancies VALUES ("1","اجازه 1","","2023-07-25 22:20:51","");



DROP TABLE visits;

CREATE TABLE `visits` (
  `id` int(11) NOT NULL AUTO_INCREMENT,
  `client` int(11) NOT NULL,
  `complaint` varchar(250) DEFAULT NULL,
  `diagnosis` varchar(250) DEFAULT NULL,
  `recommendation` varchar(250) DEFAULT NULL,
  `prescription` varchar(250) DEFAULT NULL,
  `crtime` timestamp NOT NULL DEFAULT current_timestamp(),
  `mdtime` timestamp NOT NULL DEFAULT current_timestamp(),
  `info` varchar(250) NOT NULL,
  PRIMARY KEY (`id`)
) ENGINE=InnoDB DEFAULT CHARSET=utf8mb4;




DROP TABLE visittybes;

CREATE TABLE `visittybes` (
  `id` int(1) NOT NULL AUTO_INCREMENT,
  `name` varchar(25) NOT NULL,
  `value` double DEFAULT NULL,
  `crtime` timestamp NOT NULL DEFAULT current_timestamp(),
  PRIMARY KEY (`id`)
) ENGINE=InnoDB AUTO_INCREMENT=3 DEFAULT CHARSET=utf8mb4;

INSERT INTO visittybes VALUES ("1","كشف ","","2023-09-04 02:57:36");
INSERT INTO visittybes VALUES ("2","اعادة","","2023-09-04 02:57:36");



DROP TABLE zankat;

CREATE TABLE `zankat` (
  `id` int(1) NOT NULL AUTO_INCREMENT,
  `zname` varchar(100) NOT NULL,
  `colors` int(1) NOT NULL DEFAULT 1,
  `ctp` int(1) DEFAULT NULL,
  `zncase` int(1) DEFAULT NULL,
  `print` int(1) DEFAULT NULL,
  `ptype` int(1) DEFAULT NULL,
  `service` int(1) DEFAULT NULL,
  `prod` int(1) DEFAULT NULL,
  `measure` int(1) NOT NULL,
  `draw` int(1) NOT NULL,
  `farkh` int(1) NOT NULL,
  `info` varchar(255) DEFAULT NULL,
  `crtime` timestamp NOT NULL DEFAULT current_timestamp(),
  `date` varchar(20) NOT NULL,
  `user` varchar(20) NOT NULL,
  `fatid` int(11) DEFAULT 0,
  PRIMARY KEY (`id`)
) ENGINE=InnoDB AUTO_INCREMENT=1050 DEFAULT CHARSET=utf8mb4;

INSERT INTO zankat VALUES ("12","الامير 1184-لافندر 159","4","6","0","3","6","0","0","4","1000","250","","2023-02-25 10:33:04","2023-02-23","hanan","1");
INSERT INTO zankat VALUES ("13","القيصر 238-الامير 1182-1179","4","6","0","3","6","0","0","4","1000","250","","2023-02-25 10:33:34","2023-02-23","hanan","1");
INSERT INTO zankat VALUES ("14","الياسمين 2200","4","6","0","3","6","0","0","4","1000","250","","2023-02-25 10:33:57","2023-02-23","hanan","1");
INSERT INTO zankat VALUES ("15","tma 4020-800","4","8","0","4","10","3","6","6","1000","167","","2023-03-01 17:49:17","2023-03-01","","1");
INSERT INTO zankat VALUES ("16","tma 1","4","7","0","3","39","0","0","4","1000","250","","2023-03-01 17:50:15","2023-03-01","hanan","1");
INSERT INTO zankat VALUES ("17","الاصدقاء 1011- مس يارا 1160- حبيبه جروب 1010","4","7","0","3","6","0","0","4","1000","250","","2023-03-01 17:51:01","2023-03-01","hanan","1");
INSERT INTO zankat VALUES ("18","الياسمين 2200- 201","4","7","0","3","6","0","0","4","1000","250","","2023-03-01 17:51:24","2023-03-01","hanan","1");
INSERT INTO zankat VALUES ("19","تبارك 606- العهد 951","4","7","0","3","6","0","0","4","500","125","","2023-03-01 17:52:05","2023-03-01","hanan","1");
INSERT INTO zankat VALUES ("20","جود 2303-2304-2301-2302","4","7","0","3","8","0","0","4","250","63","","2023-03-01 17:53:12","2023-03-01","hanan","1");
INSERT INTO zankat VALUES ("21","جود 2307-2308-2305-2306","4","7","0","3","8","0","0","4","250","63","","2023-03-01 17:54:00","2023-03-01","hanan","1");
INSERT INTO zankat VALUES ("22","كارما فاشون 112-110","4","7","0","3","6","0","0","4","500","125","","2023-03-01 17:54:25","2023-03-01","hanan","1");
INSERT INTO zankat VALUES ("23","نرمين ونادين 225-224","0","7","0","3","6","5","0","4","1","1","زنكه وواحد","2023-03-01 17:55:08","2023-03-01","","1");
INSERT INTO zankat VALUES ("29","عمر افندي ","4","6","0","3","6","0","0","4","1000","250","","2023-03-08 14:23:32","2023-03-08","hanan","1");
INSERT INTO zankat VALUES ("30","ام زد شعبان ","4","6","0","3","11","10","5","6","1000","167","","2023-03-08 14:24:00","2023-03-08","hanan","1");
INSERT INTO zankat VALUES ("32","الاشقاء 2023","4","6","0","3","6","3","5","6","1000","167","","2023-03-18 16:09:26","2023-03-18","","1");
INSERT INTO zankat VALUES ("33","رغد 127-103","4","6","0","3","39","0","0","4","1000","250","","2023-03-18 16:10:00","2023-03-18","hanan","1");
INSERT INTO zankat VALUES ("34","مس كيان 460-470","4","6","0","3","39","0","0","4","500","125","","2023-03-18 16:10:29","2023-03-18","hanan","1");
INSERT INTO zankat VALUES ("35","الامير 1204- نيو ستار 104","4","6","0","3","6","0","0","4","1000","250","","2023-03-18 16:32:02","2023-03-18","hanan","1");
INSERT INTO zankat VALUES ("36","روفينا 527-528","4","6","0","3","6","0","0","4","1000","250","","2023-03-18 16:33:57","2023-03-18","hanan","1");
INSERT INTO zankat VALUES ("37","ضي القمر 2035-زين العابدين 513","4","6","0","3","6","0","0","4","1000","250","","2023-03-18 16:34:31","2023-03-18","hanan","1");
INSERT INTO zankat VALUES ("38","فرست دريم 1023-1024","4","6","0","3","6","0","0","4","1000","250","","2023-03-18 16:35:13","2023-03-18","hanan","1");
INSERT INTO zankat VALUES ("39","المهندس 340-قمرين 107","4","7","0","3","6","3","5","4","500","125","","2023-03-18 16:36:02","2023-03-18","","1");
INSERT INTO zankat VALUES ("40","قمرين 108- ان ام 2069","4","7","0","3","6","3","5","4","1000","250","","2023-03-18 16:36:30","2023-03-18","","1");
INSERT INTO zankat VALUES ("41","نيو ستار 100-101","4","7","0","3","6","3","5","4","1000","250","","2023-03-18 16:37:02","2023-03-18","","1");
INSERT INTO zankat VALUES ("42","نيو ستار 103-102","4","7","0","3","6","3","5","4","1000","250","","2023-03-18 16:37:24","2023-03-18","","1");
INSERT INTO zankat VALUES ("43","مؤسسه الرحمه 726-503","4","6","0","3","6","0","0","6","1000","167","","2023-07-15 10:35:35","2023-07-13","hanan","1");
INSERT INTO zankat VALUES ("44","مؤسسه الرحمه 505-506","4","6","0","0","6","0","0","6","1000","167"," ","2023-07-15 10:36:21","2023-07-13","hanan","1");
INSERT INTO zankat VALUES ("45","مؤسسه الرحمه 504-507","4","6","0","3","6","3","5","6","2000","334","","2023-07-15 10:36:48","2023-07-13","","1");
INSERT INTO zankat VALUES ("46","بدون اسم شعبان ","4","6","0","3","6","0","0","4","1000","250","","2023-07-15 10:37:16","2023-07-13","hanan","1");
INSERT INTO zankat VALUES ("47","هشام فايز 4","4","6","0","3","6","0","0","4","1000","250","","2023-07-15 10:38:40","2023-07-13","hanan","1");
INSERT INTO zankat VALUES ("48","الياسمين 2245-مكه جروب 638-639","4","7","0","3","6","0","0","4","1000","250","","2023-07-15 10:40:59","2023-07-13","hanan","1");
INSERT INTO zankat VALUES ("49","عامر 700-700","4","7","0","3","31","3","5","4","500","125","","2023-07-15 10:41:32","2023-07-13","","1");
INSERT INTO zankat VALUES ("50","مس لينا 902-الامير عمر 2078","4","7","0","3","6","0","0","4","500","125","","2023-07-15 10:41:59","2023-07-13","hanan","1");
INSERT INTO zankat VALUES ("51","ستيكر ابراهيم يونس ","1","8","0","3","13","0","0","4","400","100","","2023-07-15 10:49:36","2023-07-13","hanan","1");
INSERT INTO zankat VALUES ("52","tma ","4","6","0","3","37","0","0","4","2000","500","","2023-07-15 16:02:38","2023-07-15","hanan","1");
INSERT INTO zankat VALUES ("53","الباشا 630-الغندور 1009","4","6","0","3","6","0","0","4","500","125","","2023-07-15 16:03:47","2023-07-15","hanan","1");
INSERT INTO zankat VALUES ("54","توتي البدراوي 1126-1120","4","6","0","3","6","3","5","4","1000","250","","2023-07-15 16:04:14","2023-07-15","","1");
INSERT INTO zankat VALUES ("55","نرمين ونادين 107-المستقبل 2160","4","6","0","3","6","0","0","4","500","125","","2023-07-15 16:07:21","2023-07-15","hanan","1");
INSERT INTO zankat VALUES ("56","tma ","4","6","0","3","37","0","0","4","2000","500","","2023-07-15 16:09:13","2023-07-15","hanan","1");
INSERT INTO zankat VALUES ("57","الباشا 632-عماره كيدز 505","4","7","0","3","6","0","0","4","1000","250","","2023-07-15 16:21:19","2023-07-15","hanan","1");
INSERT INTO zankat VALUES ("58","الياسمين 2205-نرمين ونادين 108-المجد 612","4","7","0","3","6","0","0","4","1000","250","","2023-07-15 16:22:12","2023-07-15","hanan","1");
INSERT INTO zankat VALUES ("59","عماره كيدز 503-501","4","7","0","3","6","0","0","6","1500","250","","2023-07-15 16:22:56","2023-07-15","hanan","1");
INSERT INTO zankat VALUES ("60","عماره كيدز 502-504","4","7","0","3","6","0","0","4","1000","250","","2023-07-15 16:23:17","2023-07-15","hanan","1");
INSERT INTO zankat VALUES ("61","السلوي 614","4","7","0","3","6","0","0","4","750","188","","2023-07-16 09:25:25","2023-07-15","hanan","1");
INSERT INTO zankat VALUES ("62","الياسمين 2247-2246","4","7","0","3","6","0","0","4","1000","250","","2023-07-16 09:26:04","2023-07-15","hanan","1");
INSERT INTO zankat VALUES ("63","الياسمين 2249-2248","4","7","0","3","6","0","0","4","1000","250","","2023-07-16 09:26:34","2023-07-15","hanan","1");
INSERT INTO zankat VALUES ("64","زين العابدين 525-تبارك 637","4","7","0","3","6","0","0","4","1000","250","","2023-07-16 09:27:30","2023-07-15","hanan","1");
INSERT INTO zankat VALUES ("65","مس يارا 1140-مكه والرحاب 115","4","7","0","3","6","0","0","4","1000","250","","2023-07-16 09:28:22","2023-07-15","hanan","1");
INSERT INTO zankat VALUES ("66","ملك روحي 69020- ام رنا ","4","7","0","3","6","0","0","4","500","125","","2023-07-16 09:29:06","2023-07-15","hanan","1");
INSERT INTO zankat VALUES ("67","ام زد عادل 141-113","4","6","0","3","6","0","0","4","1000","250","","2023-07-16 13:41:26","2023-07-16","hanan","1");
INSERT INTO zankat VALUES ("68","ام زد عادل 120-119","4","6","0","3","6","0","0","4","1000","250","","2023-07-16 13:41:48","2023-07-16","hanan","1");
INSERT INTO zankat VALUES ("69","ان ام 2097-حرحيره 237","4","6","0","3","6","0","0","4","1000","250","","2023-07-16 13:42:06","2023-07-16","hanan","1");
INSERT INTO zankat VALUES ("70","مس لين 2660","4","6","0","3","6","0","0","4","1000","250","","2023-07-16 13:42:39","2023-07-16","hanan","1");
INSERT INTO zankat VALUES ("72","مس لين 2440-2380-2500-400","4","7","0","3","6","0","0","4","1000","250","","2023-07-16 16:37:10","2023-07-16","hanan","1");
INSERT INTO zankat VALUES ("73","الادهم مصطفي 1-2","4","7","0","3","6","0","0","4","500","125","","2023-07-16 16:37:40","2023-07-16","hanan","1");
INSERT INTO zankat VALUES ("74","التمساح 315","4","7","0","3","31","0","0","4","1000","250","","2023-07-16 16:37:58","2023-07-16","","1");
INSERT INTO zankat VALUES ("75","فاتوره المسيري اصل وصورتين ","1","7","0","3","40","0","0","5","1050","210","","2023-07-16 16:59:39","2023-07-16","hanan","1");
INSERT INTO zankat VALUES ("76","دفتر زوسكا والمسيري اصل وصوره ","1","7","0","3","40","0","0","5","260","52","سحبه من كل","2023-07-16 17:00:37","2023-07-16","","1");
INSERT INTO zankat VALUES ("77","ظرف المسيري","3","7","0","3","12","0","0","1","1000","1000","","2023-07-16 17:01:06","2023-07-16","hanan","1");
INSERT INTO zankat VALUES ("78","المسيري ظرف ","2","7","0","3","12","3","5","1","1000","1000","","2023-07-16 17:01:55","2023-07-16","","1");
INSERT INTO zankat VALUES ("80","فاتوره فاست اصل ","1","7","0","3","40","0","0","9","10125","1125","","2023-07-16 17:02:58","2023-07-16","","1");
INSERT INTO zankat VALUES ("82","زين العابدين 512-التنين 539-542","4","7","0","3","6","0","0","4","1000","250","","2023-07-17 10:22:10","2023-07-16","hanan","1");
INSERT INTO zankat VALUES ("83","ابو امنه شعبان 801","4","6","0","3","6","0","0","4","1000","250","","2023-07-17 14:23:26","2023-07-17","hanan","1");
INSERT INTO zankat VALUES ("84","الامير 1258-مس يارا 1142","4","6","0","3","6","0","0","6","1000","167","","2023-07-17 14:25:44","2023-07-17","hanan","1");
INSERT INTO zankat VALUES ("85","حرحيره 11-الياسمين 2250","4","6","0","3","6","0","0","6","1000","167","","2023-07-17 14:26:40","2023-07-17","hanan","1");
INSERT INTO zankat VALUES ("86","برازر منصور 1006- التوحيد 653","4","6","0","3","6","0","0","4","500","125","","2023-07-17 14:27:30","2023-07-17","hanan","1");
INSERT INTO zankat VALUES ("87","مس لين 3010-حرحيره 55-زمزم 1110","4","6","0","3","6","0","0","4","1000","250","","2023-07-17 14:29:21","2023-07-17","hanan","1");
INSERT INTO zankat VALUES ("88","عامر 901","4","6","0","3","39","3","5","4","250","63","","2023-07-17 14:29:47","2023-07-17","","1");
INSERT INTO zankat VALUES ("89","ام زد عادل 143-142","4","7","0","3","6","0","0","4","1000","250","","2023-07-17 17:03:46","2023-07-17","hanan","1");
INSERT INTO zankat VALUES ("90","القمه 2108- النور 125","4","7","0","3","6","0","0","4","500","125","","2023-07-17 17:04:09","2023-07-17","hanan","1");
INSERT INTO zankat VALUES ("91","المدينه 860-570","4","7","0","3","31","0","0","4","500","125","","2023-07-17 17:04:34","2023-07-17","","1");
INSERT INTO zankat VALUES ("92","برازر سندريلا 1043-العهد 109","4","7","0","3","6","0","0","4","1000","250","","2023-07-17 17:04:57","2023-07-17","hanan","1");
INSERT INTO zankat VALUES ("93","ام زد رجب 1-2","4","7","0","3","6","0","0","4","1000","250","","2023-07-17 17:53:00","2023-07-17","hanan","1");
INSERT INTO zankat VALUES ("94","ام زد رجب 1-2","4","7","0","3","6","0","0","4","1000","250","","2023-07-17 17:53:17","2023-07-17","hanan","1");
INSERT INTO zankat VALUES ("96","الادهم شهاب 645-646","4","7","0","3","6","0","0","6","1000","167","","2023-07-18 13:30:27","2023-07-17","hanan","1");
INSERT INTO zankat VALUES ("97","الادهم شهاب 646-647","4","7","0","3","6","0","0","6","500","84","","2023-07-18 13:31:15","2023-07-17","hanan","1");
INSERT INTO zankat VALUES ("98","مس حنين 1047-ام زد144","4","7","0","3","6","0","0","6","1000","167","","2023-07-18 13:32:20","2023-07-17","hanan","1");
INSERT INTO zankat VALUES ("99","غلاف الاستاذ عبد العظيم","4","7","0","3","11","5","0","4","500","125","","2023-07-18 13:46:21","2023-07-17","hanan","1");
INSERT INTO zankat VALUES ("100","رججب ام زد-سندريلا 7065","4","6","0","3","6","0","0","4","1000","250","","2023-07-19 09:43:41","2023-07-18","hanan","1");
INSERT INTO zankat VALUES ("101","عادل ام زد 137-مس لين 500-2610","4","6","0","3","6","0","0","4","1000","250","","2023-07-19 09:44:54","2023-07-18","hanan","1");
INSERT INTO zankat VALUES ("102","مس لين1100-1100-1000-1000","4","6","0","3","6","0","0","4","1000","250","","2023-07-19 09:48:39","2023-07-18","hanan","1");
INSERT INTO zankat VALUES ("103","رجب ام زد-حرحيره 73-74","4","7","0","3","6","0","0","4","1000","250","","2023-07-19 10:04:07","2023-07-18","hanan","1");
INSERT INTO zankat VALUES ("104","ابو زيد احمد 1007-1006","4","7","0","3","6","0","0","4","1000","250","","2023-07-19 10:04:45","2023-07-18","hanan","1");
INSERT INTO zankat VALUES ("105","الباشا 633-634","4","7","0","3","6","0","0","4","1000","250","","2023-07-19 10:05:22","2023-07-18","hanan","1");
INSERT INTO zankat VALUES ("106","الادهم ابراهيم3043-العهد 964","4","7","0","3","6","0","0","4","500","125","","2023-07-19 10:06:18","2023-07-18","hanan","1");
INSERT INTO zankat VALUES ("107","عباد الرحمن ضهر ","4","7","0","3","41","5","5","4","0","0","","2023-07-19 11:53:03","2023-07-18","","1");
INSERT INTO zankat VALUES ("108","عباد الرحمن وش ","4","7","0","3","41","5","0","4","500","125","","2023-07-19 11:53:44","2023-07-18","hanan","1");
INSERT INTO zankat VALUES ("109","الامير 1215- الامير 1214","4","6","0","3","6","0","0","4","1000","250","","2023-07-20 09:31:07","2023-07-19","hanan","1");
INSERT INTO zankat VALUES ("110","حرحيره298-مس لين 2610-مس يارا 1141","4","6","0","3","6","0","0","4","1000","250","","2023-07-20 09:32:16","2023-07-19","hanan","1");
INSERT INTO zankat VALUES ("111","منيو ويف ضهر ","4","6","0","3","8","12","0","4","0","0","","2023-07-20 09:33:17","2023-07-19","","1");
INSERT INTO zankat VALUES ("112","منيو ويف وش ","4","6","0","3","8","12","0","4","500","125","","2023-07-20 09:34:04","2023-07-19","","1");
INSERT INTO zankat VALUES ("113","المجد-المجد","4","7","0","3","6","0","0","4","1000","250","","2023-07-20 09:35:07","2023-07-19","hanan","1");
INSERT INTO zankat VALUES ("114","ام علي 107-ام علي 108","4","7","0","3","6","0","0","4","1000","250","","2023-07-20 09:35:44","2023-07-19","hanan","1");
INSERT INTO zankat VALUES ("115","ام علي 109-المجد","4","7","0","3","6","0","0","4","1000","250","","2023-07-20 09:36:23","2023-07-19","hanan","1");
INSERT INTO zankat VALUES ("116","امجاد","4","8","0","3","31","0","0","6","1000","167","","2023-07-20 09:41:33","2023-07-19","","1");
INSERT INTO zankat VALUES ("117","ان ام2098-مكه والرحاب 120","4","6","0","3","6","0","0","4","1000","250","","2023-07-22 14:25:41","2023-07-20","hanan","1");
INSERT INTO zankat VALUES ("118","t.m.a","4","6","0","3","6","0","0","4","1000","250","","2023-07-22 14:26:26","2023-07-20","hanan","1");
INSERT INTO zankat VALUES ("119","دالين 1005-دالين 1000","4","6","0","3","31","3","0","4","1000","250","","2023-07-22 14:28:21","2023-07-20","","1");
INSERT INTO zankat VALUES ("120","عباد الرحمن ","4","6","0","3","41","5","0","4","500","125","","2023-07-22 14:29:09","2023-07-20","hanan","1");
INSERT INTO zankat VALUES ("121","لمسه تكس 80-الباشا 610","4","6","0","3","6","0","0","4","500","125","","2023-07-22 14:30:16","2023-07-20","hanan","1");
INSERT INTO zankat VALUES ("122","الباشا 635-جميله 230","4","7","0","3","6","0","0","4","1000","250","","2023-07-22 14:31:19","2023-07-20","hanan","1");
INSERT INTO zankat VALUES ("123","لؤلؤه نجد 618-حرحيره 54-نرمين ونادين 107","4","7","0","3","6","0","0","4","1000","250","","2023-07-22 14:33:48","2023-07-20","hanan","1");
INSERT INTO zankat VALUES ("124","ام زد138-145","4","6","0","3","6","0","0","6","1000","167","","2023-07-22 15:08:13","2023-07-22","hanan","1");
INSERT INTO zankat VALUES ("125","حرحيره 325-الغندور 1011-1010","4","6","0","3","6","0","0","4","500","125","","2023-07-22 15:11:36","2023-07-22","hanan","1");
INSERT INTO zankat VALUES ("126","ام زد146-المصرين 245","4","6","0","3","6","0","0","6","1000","167","","2023-07-22 15:15:59","2023-07-22","hanan","1");
INSERT INTO zankat VALUES ("127","تبارك 638-زين العابدين520","4","6","0","3","6","0","0","4","1000","250","","2023-07-22 15:18:02","2023-07-22","hanan","1");
INSERT INTO zankat VALUES ("128","مريم 510-مريم 500","4","6","0","3","6","0","0","4","1000","250","","2023-07-22 15:18:29","2023-07-22","hanan","1");
INSERT INTO zankat VALUES ("129","مريم 520-المجد ","4","6","0","3","6","0","0","4","1000","250","","2023-07-22 15:19:01","2023-07-22","hanan","1");
INSERT INTO zankat VALUES ("130","التمساح 315","4","8","0","3","31","0","0","4","1000","250","","2023-07-22 17:54:03","2023-07-22","","1");
INSERT INTO zankat VALUES ("131","مس لين 300-400-1500-حرحيره 72","4","7","0","3","6","0","0","4","1000","250","","2023-07-23 09:30:15","2023-07-22","hanan","1");
INSERT INTO zankat VALUES ("132","ويفا ","4","7","0","3","8","12","5","4","900","225","وش وضهر","2023-07-23 09:31:26","2023-07-22","","1");
INSERT INTO zankat VALUES ("133","الامير 1137- العهد 965","4","6","0","3","6","0","0","4","1000","250","","2023-07-23 14:32:50","2023-07-23","hanan","1");
INSERT INTO zankat VALUES ("134","الهلال 8039-ملك روحي 7100","4","6","0","3","6","0","0","4","500","125","","2023-07-23 14:33:18","2023-07-23","hanan","1");
INSERT INTO zankat VALUES ("136","التوحيد 654-655","4","6","0","3","6","0","0","4","500","125","","2023-07-23 16:43:29","2023-07-23","hanan","1");
INSERT INTO zankat VALUES ("137","عماد بدران -توتي البدراوي 1127","4","6","0","3","6","0","0","4","500","125","","2023-07-23 16:44:13","2023-07-23","hanan","1");
INSERT INTO zankat VALUES ("138","مس لين 2460-المصريه 246","4","6","0","3","6","0","0","4","1000","250","","2023-07-23 16:44:40","2023-07-23","hanan","1");
INSERT INTO zankat VALUES ("139","ورق زبده ديلي بوكس ","2","8","0","3","15","0","0","4","2000","500","","2023-07-23 17:29:15","2023-07-23","hanan","1");
INSERT INTO zankat VALUES ("141","جورس 505-الرحمه205- مس لين 2550","4","7","0","3","6","0","0","4","1000","250","","2023-07-23 17:30:56","2023-07-23","hanan","1");
INSERT INTO zankat VALUES ("142","مكه والرحاب 125- فاميلي شهاب 193","4","7","0","3","6","0","0","4","1000","250","","2023-07-24 09:54:46","2023-07-23","hanan","1");
INSERT INTO zankat VALUES ("143","العهد 966-نرمين نادين 248","4","6","0","3","6","0","0","4","500","125","","2023-07-24 14:33:29","2023-07-24","hanan","1");
INSERT INTO zankat VALUES ("144","الياسمين 2205-2109","4","6","0","3","6","0","0","4","2000","500","","2023-07-24 14:33:52","2023-07-24","hanan","1");
INSERT INTO zankat VALUES ("145","سالم المصريه 7005","4","6","0","3","6","0","0","4","1500","375","","2023-07-24 14:34:16","2023-07-24","hanan","1");
INSERT INTO zankat VALUES ("147","منيو زوسكا ","4","7","0","3","8","0","0","5","1000","200","طبع وقلب +","2023-07-24 16:55:14","2023-07-24","hanan","1");
INSERT INTO zankat VALUES ("149","ملاكي اسكندريه ","1","8","0","7","42","3","5","1","1000","1000","","2023-07-24 17:40:37","2023-07-24","","1");
INSERT INTO zankat VALUES ("150","ديلي بوكس ","2","7","0","7","43","0","0","1","1000","1000","","2023-07-24 17:44:17","2023-07-24","hanan","1");
INSERT INTO zankat VALUES ("151","السجاعي 761-760","4","7","0","3","6","0","0","4","1000","250","","2023-07-24 17:47:32","2023-07-24","hanan","1");
INSERT INTO zankat VALUES ("152","السجاعي 763-762","4","7","0","3","6","0","0","4","1000","250","","2023-07-24 17:48:04","2023-07-24","hanan","1");
INSERT INTO zankat VALUES ("153","السجاعي 764-كيان ","4","7","0","3","6","0","0","4","1000","250","","2023-07-24 17:51:18","2023-07-24","hanan","1");
INSERT INTO zankat VALUES ("154","ديلي بوكس","3","7","0","3","44","3","5","6","1500","250","","2023-07-25 09:11:16","2023-07-24","","1");
INSERT INTO zankat VALUES ("155","مس حنين 1063-1062","4","7","0","3","6","0","0","6","1000","167","","2023-07-25 09:12:00","2023-07-24","hanan","1");
INSERT INTO zankat VALUES ("156","مكه سولي 1-2","4","7","0","3","6","0","0","5","500","100","","2023-07-25 09:13:06","2023-07-24","hanan","1");
INSERT INTO zankat VALUES ("157","الباشا 636- الياسمين 2251","4","6","0","3","6","0","0","4","1000","250","","2023-07-25 17:01:44","2023-07-25","hanan","1");
INSERT INTO zankat VALUES ("158","الامير 1259- عبد الله سالم رانسي 501","4","6","0","3","6","0","0","6","1000","167","","2023-07-25 17:02:12","2023-07-25","hanan","1");
INSERT INTO zankat VALUES ("159","الشيماء 345","4","7","0","3","6","0","0","6","2500","417","","2023-07-25 17:02:44","2023-07-25","hanan","1");
INSERT INTO zankat VALUES ("161","مس رحمه 214- الشيماء 380","4","7","0","3","6","0","0","4","1000","250","","2023-07-25 17:03:38","2023-07-25","hanan","1");
INSERT INTO zankat VALUES ("162","الشيماء 1-2","4","7","0","3","6","0","0","6","3000","500","","2023-07-25 17:04:07","2023-07-25","hanan","1");
INSERT INTO zankat VALUES ("163","الشيماء 360-370","4","7","0","3","6","0","0","4","1000","250","","2023-07-25 17:05:02","2023-07-25","hanan","1");
INSERT INTO zankat VALUES ("164","tma 4041-1","4","7","0","3","45","3","5","4","1000","250","","2023-07-26 09:37:38","2023-07-25","","1");
INSERT INTO zankat VALUES ("165","ام زد 136-137","4","6","0","4","6","0","0","4","1000","250","","2023-07-26 10:26:29","2023-07-08","hanan","1");
INSERT INTO zankat VALUES ("166","ام زد 138-139","4","6","0","4","6","0","0","6","1000","167","","2023-07-26 10:27:08","2023-07-08","hanan","1");
INSERT INTO zankat VALUES ("167","التوحيد 650-خديجه501","4","6","0","4","6","0","0","4","500","125","","2023-07-26 10:28:15","2023-07-08","hanan","1");
INSERT INTO zankat VALUES ("168","الياسمين 2238-2232","4","6","0","4","6","0","0","6","1000","167","","2023-07-26 10:28:59","2023-07-08","hanan","1");
INSERT INTO zankat VALUES ("169","جميله 220-الامير 1255","4","6","0","4","6","0","0","6","1000","167","","2023-07-26 10:29:48","2023-07-08","hanan","1");
INSERT INTO zankat VALUES ("170","مس رحمه 214-فاملي شعبان 6282","4","6","0","4","6","0","0","4","1000","250","","2023-07-26 10:30:28","2023-07-08","hanan","1");
INSERT INTO zankat VALUES ("171","الياسمين 2205-لؤلؤه نجد555","4","6","0","4","6","0","0","4","1000","250","","2023-07-26 10:31:09","2023-07-08","hanan","1");
INSERT INTO zankat VALUES ("172","جميله 226-مس لين 1300-1600","4","7","0","4","6","0","0","4","1000","250","","2023-07-26 10:32:28","2023-07-08","hanan","1");
INSERT INTO zankat VALUES ("173","فاملي شعبان 6241-مس لينا 901","4","7","0","4","6","0","0","4","500","125","","2023-07-26 10:33:20","2023-07-08","hanan","1");
INSERT INTO zankat VALUES ("174","مس لين 2500-2380","4","7","0","4","6","0","0","4","1000","250","","2023-07-26 10:33:57","2023-07-08","hanan","1");
INSERT INTO zankat VALUES ("175","الادهم 644-ابو يونس المموني 601","4","7","0","8","6","0","0","4","500","125","","2023-07-26 10:35:46","2023-07-08","hanan","1");
INSERT INTO zankat VALUES ("176","المصرين 242-243","4","7","0","8","6","0","0","6","1000","167","","2023-07-26 10:36:31","2023-07-08","hanan","1");
INSERT INTO zankat VALUES ("177","المصرين 244-الامير 1256","4","7","0","8","6","0","0","6","1000","167","","2023-07-26 10:37:22","2023-07-08","hanan","1");
INSERT INTO zankat VALUES ("178","فاملي شعبان 6279-6208","4","7","0","8","6","0","0","4","1000","250","","2023-07-26 10:37:57","2023-07-08","hanan","1");
INSERT INTO zankat VALUES ("179","فاملي شعبان 6281-6280","4","7","0","8","6","0","0","4","1000","250","","2023-07-26 10:38:36","2023-07-08","hanan","1");
INSERT INTO zankat VALUES ("180","نرمين ونادين 103-104","4","7","0","3","6","0","0","4","0","0","لاغي طباعه","2023-07-26 10:42:11","2023-07-08","hanan","1");
INSERT INTO zankat VALUES ("181","ان ام 2092-2091","4","7","0","3","6","0","0","4","1000","250","","2023-07-26 10:42:40","2023-07-08","hanan","1");
INSERT INTO zankat VALUES ("182","ان ام 2094-2093","4","7","0","3","6","0","0","4","1000","250","","2023-07-26 10:43:03","2023-07-08","hanan","1");
INSERT INTO zankat VALUES ("183","رجب 284-283","4","6","0","8","6","0","0","4","1000","250","","2023-07-26 10:44:38","2023-07-09","hanan","1");
INSERT INTO zankat VALUES ("184","التمساح 555-315","4","6","0","8","31","0","0","4","2000","500","","2023-07-26 10:45:20","2023-07-09","","1");
INSERT INTO zankat VALUES ("185","ام علي 106-106","4","6","0","8","6","0","0","4","1000","250","","2023-07-26 10:46:00","2023-07-09","hanan","1");
INSERT INTO zankat VALUES ("186","برازر 801-ام علي 105","4","6","0","8","6","0","0","4","1000","250","","2023-07-26 10:46:39","2023-07-09","hanan","1");
INSERT INTO zankat VALUES ("187","سالم 7004-7004","4","6","0","8","6","0","0","6","1500","250","","2023-07-26 10:47:22","2023-07-09","hanan","1");
INSERT INTO zankat VALUES ("188","ام اتش h3-ام اتش 999","4","6","0","3","6","0","0","4","1000","250","","2023-07-26 10:48:32","2023-07-09","hanan","1");
INSERT INTO zankat VALUES ("189","ان ام 2095-2096","4","6","0","3","6","0","0","4","1000","250","","2023-07-26 10:49:09","2023-07-09","hanan","1");
INSERT INTO zankat VALUES ("190","الادهم 2037-2038","4","6","0","3","6","0","0","4","500","125","","2023-07-26 10:49:41","2023-07-09","hanan","1");
INSERT INTO zankat VALUES ("191","الادهم 2042-الادهم 2039","4","6","0","3","6","0","0","4","500","125","","2023-07-26 10:50:18","2023-07-09","hanan","1");
INSERT INTO zankat VALUES ("192","براور 802-التوحيد 652","4","6","0","9","6","0","0","4","500","125","","2023-07-26 10:51:20","2023-07-09","hanan","1");
INSERT INTO zankat VALUES ("193","التوحيد 651-فاملي 188","4","6","0","9","6","0","0","4","1000","250","","2023-07-26 10:52:01","2023-07-09","hanan","1");
INSERT INTO zankat VALUES ("194","لمسة جمال ام ام رنا 260","4","7","0","8","6","0","0","4","500","125","","2023-07-26 10:53:40","2023-07-09","hanan","1");
INSERT INTO zankat VALUES ("195","حرحره 311-برازر 1041","4","7","0","3","6","0","0","4","1000","250","","2023-07-26 10:54:30","2023-07-09","hanan","1");
INSERT INTO zankat VALUES ("196","حرحيره 321-حرحيره 312","4","7","0","3","6","0","0","4","500","125","","2023-07-26 10:55:05","2023-07-09","hanan","1");
INSERT INTO zankat VALUES ("197","مس رحمه 223-222","4","7","0","3","6","0","0","4","1000","250","","2023-07-26 10:55:30","2023-07-09","hanan","1");
INSERT INTO zankat VALUES ("198","مكه والرحاب 105-مريومه 1200","4","7","0","9","6","0","0","4","1000","250","","2023-07-26 10:56:40","2023-07-09","hanan","1");
INSERT INTO zankat VALUES ("199","حرحيره 71-72-مكه والرجاب 110","4","7","0","9","6","0","0","4","1000","250","","2023-07-26 10:57:26","2023-07-09","hanan","1");
INSERT INTO zankat VALUES ("200","القمه 2110-نرمي ونادين 103","4","7","0","9","6","0","0","4","1000","250","","2023-07-26 10:57:59","2023-07-09","hanan","1");
INSERT INTO zankat VALUES ("201","نرمين ونادين 104-الادهم مصطفي ","4","7","0","9","6","0","0","4","500","125","","2023-07-26 10:58:45","2023-07-09","hanan","1");
INSERT INTO zankat VALUES ("202","نرمين ونادين 106-نرمين ونادين 105","4","7","0","9","6","0","0","4","500","125","","2023-07-26 10:59:48","2023-07-09","hanan","1");
INSERT INTO zankat VALUES ("203","مس لين 2410-2420","4","7","0","4","6","0","0","4","1500","375","","2023-07-26 11:00:38","2023-07-09","hanan","1");
INSERT INTO zankat VALUES ("206","ام ود 276-280","4","7","0","3","6","0","0","4","1000","250","","2023-07-26 11:07:32","2023-07-10","hanan","1");
INSERT INTO zankat VALUES ("207","المليونير 729-مس لين 3000","4","7","0","3","6","0","0","4","1000","250","","2023-07-26 11:08:10","2023-07-10","hanan","1");
INSERT INTO zankat VALUES ("208","دريم 3300","4","7","0","3","6","0","0","4","1000","250","","2023-07-26 11:08:45","2023-07-10","hanan","1");
INSERT INTO zankat VALUES ("209","النماء 100-الشيماء 523","4","7","0","4","6","0","0","4","500","125","","2023-07-26 11:09:59","2023-07-10","hanan","1");
INSERT INTO zankat VALUES ("210","كيان ","4","6","0","3","6","0","0","4","1000","250","","2023-07-26 11:11:33","2023-07-11","hanan","1");
INSERT INTO zankat VALUES ("211","مريومه 4000","4","6","0","3","6","0","0","4","1000","250","","2023-07-26 11:12:19","2023-07-11","hanan","1");
INSERT INTO zankat VALUES ("212","مس لين 1400-1500-المجد 611","4","6","0","3","6","0","0","4","1000","250","","2023-07-26 11:13:04","2023-07-11","hanan","1");
INSERT INTO zankat VALUES ("213","مس لين 400-مس لين 2400","4","6","0","3","6","0","0","4","1500","375","","2023-07-26 11:13:56","2023-07-11","hanan","1");
INSERT INTO zankat VALUES ("214","فاملي شعبان 6283-مس لين 200-2550","4","6","0","3","6","0","0","4","1000","250","","2023-07-26 11:14:44","2023-07-11","hanan","1");
INSERT INTO zankat VALUES ("215","امجاد ","4","7","0","8","39","0","0","6","1000","167","","2023-07-26 11:18:24","2023-07-11","hanan","1");
INSERT INTO zankat VALUES ("216","الياسمين 2244-لؤلؤه نجد 572","4","6","0","3","6","0","0","4","1000","250","","2023-07-26 11:25:34","2023-07-12","hanan","1");
INSERT INTO zankat VALUES ("217","الفراعنه ","4","6","0","3","6","0","0","4","1000","250","","2023-07-26 11:26:06","2023-07-12","hanan","1");
INSERT INTO zankat VALUES ("219","ام زد 136-140","4","7","0","3","6","0","0","4","1000","250","","2023-07-26 11:28:00","2023-07-12","hanan","1");
INSERT INTO zankat VALUES ("220","tma 4040- الامير 1257","4","7","0","3","6","0","0","4","1000","250","","2023-07-26 11:31:28","2023-07-12","hanan","1");
INSERT INTO zankat VALUES ("221","التوحيد 639-فاميلي شهاب 189","4","7","0","3","6","0","0","4","1000","250","","2023-07-26 11:31:58","2023-07-12","hanan","1");
INSERT INTO zankat VALUES ("222","القمه 2112-حرحيره 324","4","7","0","3","6","0","0","4","500","125","","2023-07-26 11:32:40","2023-07-12","hanan","1");
INSERT INTO zankat VALUES ("223","برازر 1042-الشامي 501","4","7","0","3","6","0","0","4","1000","250","","2023-07-26 11:33:07","2023-07-12","hanan","1");
INSERT INTO zankat VALUES ("224","حور الشام 312-248","4","7","0","3","6","0","0","4","500","125","","2023-07-26 11:33:29","2023-07-12","hanan","1");
INSERT INTO zankat VALUES ("225","داليدا 212-211","4","7","0","3","6","0","0","4","1000","250","","2023-07-26 11:33:49","2023-07-12","hanan","1");
INSERT INTO zankat VALUES ("226","ديلي بوكس ورق زبده ","1","7","0","3","15","0","0","4","2000","500","","2023-07-26 11:34:14","2023-07-12","hanan","1");
INSERT INTO zankat VALUES ("227","سندريلا 7060-ابو امنه 801","4","7","0","3","6","0","0","4","1000","250","","2023-07-26 11:35:17","2023-07-12","hanan","1");
INSERT INTO zankat VALUES ("228","عبدالله سالم 504-503","4","7","0","3","6","0","0","6","500","84","","2023-07-26 11:35:44","2023-07-12","hanan","1");
INSERT INTO zankat VALUES ("229","غلا 529- المليونير 730","4","7","0","3","6","0","0","4","1000","250","","2023-07-26 11:53:48","2023-07-17","hanan","1");
INSERT INTO zankat VALUES ("230","ملاكي اسكندريه علبه ","1","7","0","7","43","0","0","4","0","0","","2023-07-26 11:55:53","2023-07-18","hanan","1");
INSERT INTO zankat VALUES ("231","جو 283- فاشون ام اس 1006","4","6","0","3","6","0","0","4","1000","250","","2023-07-26 16:18:22","2023-07-26","hanan","1");
INSERT INTO zankat VALUES ("232","السجاعي 766-765","4","6","0","3","6","0","0","4","1000","250","","2023-07-26 16:19:55","2023-07-26","hanan","1");
INSERT INTO zankat VALUES ("233","الهلال 8041-الادهم حسام 100","4","6","0","3","6","0","0","4","500","125","","2023-07-26 16:28:04","2023-07-26","hanan","1");
INSERT INTO zankat VALUES ("234","عماه كيدز 507","4","6","0","3","6","0","0","6","750","125","","2023-07-26 16:30:02","2023-07-26","hanan","1");
INSERT INTO zankat VALUES ("235","نرمين ونادين 103-104","4","6","0","3","6","0","0","4","500","125"," ","2023-07-26 16:30:24","2023-07-26","hanan","1");
INSERT INTO zankat VALUES ("239","ذا جورني غلاف ","4","7","0","3","9","6","5","4","0","0","طباعه وزنك","2023-07-26 16:38:30","2023-07-26","","1");
INSERT INTO zankat VALUES ("241","العهد 967- الباشا 604","4","7","0","3","6","0","0","4","500","125","","2023-07-26 16:42:14","2023-07-26","hanan","1");
INSERT INTO zankat VALUES ("242","غلاف الحمد ","4","7","0","3","10","6","5","4","0","0","طباعه وزنك","2023-07-26 16:42:40","2023-07-26","","1");
INSERT INTO zankat VALUES ("243","غلاف عصام توكل ","4","7","0","3","9","5","5","4","0","0","طباعه وزنك","2023-07-26 16:43:12","2023-07-26","hanan","1");
INSERT INTO zankat VALUES ("244","غلاف الاوائل ","4","7","0","3","9","5","5","4","0","0","طباعه وزنك","2023-07-26 16:44:11","2023-07-26","hanan","1");
INSERT INTO zankat VALUES ("246","نمبر وان 002-001","4","6","0","3","46","0","0","4","500","125","","2023-07-26 17:08:59","2023-07-26","hanan","1");
INSERT INTO zankat VALUES ("247","نمبر وان 004-نمبر وان 003","4","6","0","3","46","0","0","4","500","125","","2023-07-26 17:09:24","2023-07-26","hanan","1");
INSERT INTO zankat VALUES ("248","مكه جروب 636-1010 / عماره 506","4","6","0","3","6","0","0","4","1000","250","","2023-07-26 17:14:24","2023-07-26","hanan","1");
INSERT INTO zankat VALUES ("249","حرحيره 303-داليدا 213","4","6","0","3","6","0","0","4","1000","250","","2023-07-26 17:51:10","2023-07-26","hanan","1");
INSERT INTO zankat VALUES ("251","مس لينا 901-903","4","6","0","3","6","0","0","4","500","125","","2023-07-27 10:28:46","2023-07-26","hanan","1");
INSERT INTO zankat VALUES ("252","الفضالي كوفرته ","4","6","0","3","6","0","0","4","1000","250","","2023-07-27 10:32:10","2023-07-26","hanan","1");
INSERT INTO zankat VALUES ("253","الاشقاء 2023","4","6","0","3","6","0","0","4","2000","500","","2023-07-27 10:33:36","2023-07-26","hanan","1");
INSERT INTO zankat VALUES ("254","ام زد 129-128","4","6","0","3","6","0","0","4","1000","250","","2023-07-27 13:36:24","2023-07-27","hanan","1");
INSERT INTO zankat VALUES ("255","ام زد 124-135","4","6","0","3","6","0","0","4","1000","250","","2023-07-27 13:36:52","2023-07-27","hanan","1");
INSERT INTO zankat VALUES ("256","الصفا 2021-الشريف وعباتي 103","4","6","0","3","6","0","0","4","1000","250","","2023-07-27 14:51:53","2023-07-27","hanan","1");
INSERT INTO zankat VALUES ("257","عماد بدران -لمسه تكس 081","4","6","0","3","6","0","0","4","500","125","","2023-07-27 14:52:19","2023-07-27","hanan","1");
INSERT INTO zankat VALUES ("258","المليونير 731-غلا 530","4","7","0","3","6","0","0","4","1000","250","","2023-07-29 09:17:40","2023-07-27","hanan","1");
INSERT INTO zankat VALUES ("259","مكه ستار 1-2","4","7","0","3","6","0","0","5","500","100","","2023-07-29 09:18:08","2023-07-27","hanan","1");
INSERT INTO zankat VALUES ("260","تبارك 639- السجاعي 767","4","6","0","3","6","0","0","4","1000","250","","2023-07-29 16:48:25","2023-07-29","hanan","1");
INSERT INTO zankat VALUES ("261","المليونير 732-غلا 531","4","6","0","3","6","0","0","4","1000","250","","2023-07-29 16:48:48","2023-07-29","hanan","1");
INSERT INTO zankat VALUES ("262","عماره نجيب 508","4","7","0","3","6","0","0","6","750","125","","2023-07-29 17:31:49","2023-07-29","hanan","1");
INSERT INTO zankat VALUES ("263","عماره نجيب 510-509","4","7","0","3","6","0","0","6","1500","250","","2023-07-29 17:32:09","2023-07-29","hanan","1");
INSERT INTO zankat VALUES ("264","الراجحي 041","4","7","0","3","46","0","0","4","1000","250","","2023-07-29 17:41:18","2023-07-29","hanan","1");
INSERT INTO zankat VALUES ("265","حرحيره 75-17-قمرين 153","4","6","0","3","6","0","0","4","1000","250","","2023-07-30 09:37:17","2023-07-29","hanan","1");
INSERT INTO zankat VALUES ("268","التمساح 315","4","8","0","3","45","0","0","4","1000","250","","2023-07-30 09:45:53","2023-07-29","","1");
INSERT INTO zankat VALUES ("269","التمساح 555-315","4","8","0","3","34","0","0","4","1000","250","","2023-07-30 09:48:46","2023-07-29","","1");
INSERT INTO zankat VALUES ("270","ابراهيم يونس ","1","6","0","3","13","5","5","5","200","40","","2023-07-30 16:05:21","2023-07-30","","1");
INSERT INTO zankat VALUES ("272","امجاد","4","6","0","3","0","0","0","6","0","0","","2023-07-30 17:23:36","2023-07-30","hanan","1");
INSERT INTO zankat VALUES ("273","زوسكا ","4","6","0","3","8","0","0","5","1000","200","","2023-07-30 17:27:01","2023-07-30","hanan","1");
INSERT INTO zankat VALUES ("274","ملك روحي 2800-7200","4","6","0","3","6","0","0","4","500","125","","2023-07-30 17:28:04","2023-07-30","hanan","1");
INSERT INTO zankat VALUES ("275","التمساح 555-315","4","6","0","3","0","0","0","4","0","0","","2023-07-30 17:47:43","2023-07-30","hanan","1");
INSERT INTO zankat VALUES ("276","ضي القمر 2057-2054","4","7","0","3","6","0","0","4","1000","250","","2023-07-30 17:54:33","2023-07-30","hanan","1");
INSERT INTO zankat VALUES ("277","نرمين ونادين 105-مس لينا","4","7","0","3","25","0","0","4","500","125","","2023-07-30 17:55:47","2023-07-30","","1");
INSERT INTO zankat VALUES ("278","الرحمه 503-504","4","7","0","3","6","0","0","6","1000","167","","2023-07-30 17:57:36","2023-07-30","hanan","1");
INSERT INTO zankat VALUES ("279","الرحمه 505-505","4","7","0","3","6","0","0","6","1500","250","","2023-07-30 17:58:13","2023-07-30","hanan","1");
INSERT INTO zankat VALUES ("280","الرحمه 506-507","4","7","0","3","6","0","0","6","1000","167","","2023-07-30 17:59:24","2023-07-30","hanan","1");
INSERT INTO zankat VALUES ("281","ام زد 283-ميدو تكس 1014-1052","4","7","0","3","6","0","0","4","1000","250","","2023-07-30 18:00:53","2023-07-30","hanan","1");
INSERT INTO zankat VALUES ("282","ميدو تكس 1041-1049","4","7","0","3","25","0","0","5","500","100","","2023-07-30 18:02:25","2023-07-30","","1");
INSERT INTO zankat VALUES ("283","الامير 1260-سندريلا 7070","4","6","0","3","25","0","0","4","1000","250","","2023-07-31 14:12:48","2023-07-31","","1");
INSERT INTO zankat VALUES ("284","لاما ستايل 1002-1002","4","6","0","3","25","0","0","6","1000","167","","2023-07-31 14:13:28","2023-07-31","","1");
INSERT INTO zankat VALUES ("285","الندي 213","4","6","0","3","25","0","0","4","1000","250","","2023-07-31 15:22:37","2023-07-31","","1");
INSERT INTO zankat VALUES ("287","ابراهيم يونس ستيكر ","4","6","0","8","13","4","8","8","800","100","+سلفوفان","2023-08-01 09:24:38","2023-07-31","","1");
INSERT INTO zankat VALUES ("288","التنين 555-557-558","4","6","0","3","45","0","0","4","1000","250","","2023-08-01 09:25:37","2023-07-31","","1");
INSERT INTO zankat VALUES ("289","التنين 554-556","4","6","0","3","45","0","0","4","1000","250","","2023-08-01 09:26:18","2023-07-31","","1");
INSERT INTO zankat VALUES ("290","دالين 1015-1010","4","6","0","3","45","3","5","4","500","125","","2023-08-01 09:26:56","2023-07-31","","1");
INSERT INTO zankat VALUES ("291","دالين 1030-1020","4","6","0","3","45","3","5","4","500","125","","2023-08-01 09:27:38","2023-07-31","","1");
INSERT INTO zankat VALUES ("292","سندريلا 105-100","4","6","0","3","25","0","0","4","1000","250","","2023-08-01 09:28:10","2023-07-31","","1");
INSERT INTO zankat VALUES ("293","فاميلي شعبان 6286-6285","4","6","0","3","25","0","0","4","1000","250","","2023-08-01 09:29:22","2023-07-31","","1");
INSERT INTO zankat VALUES ("294","فاميلي شعبان 6284-الغندور 1013","4","7","0","3","25","0","0","4","500","125","","2023-08-01 09:30:29","2023-07-31","","1");
INSERT INTO zankat VALUES ("295","تبارك 641-القمه 2113","4","6","0","3","25","0","0","4","500","125","","2023-08-01 09:31:21","2023-07-31","","1");
INSERT INTO zankat VALUES ("296","ابراهيم يونس ستيكر ","4","6","0","8","11","0","0","4","340","85","","2023-08-01 09:35:03","2023-07-31","","1");
INSERT INTO zankat VALUES ("297","حور الشام 305-دالين 1025","4","7","0","4","25","0","0","4","1000","250","","2023-08-01 12:58:42","2023-08-01","","1");
INSERT INTO zankat VALUES ("298","بونجور 1009-1008","4","7","0","8","25","0","0","4","510","128","","2023-08-02 09:33:04","2023-08-01","","1");
INSERT INTO zankat VALUES ("299","التوحيد 656-القمه 2114","4","7","0","8","25","0","0","4","500","125","","2023-08-02 09:33:50","2023-08-01","","1");
INSERT INTO zankat VALUES ("300","المليونير 733-مس لين 2800-305","4","7","0","8","25","0","0","4","1000","250","","2023-08-02 09:34:52","2023-08-01","","1");
INSERT INTO zankat VALUES ("301","جميله 232-جميله 231","4","7","0","8","25","0","0","4","1000","250","","2023-08-02 09:35:31","2023-08-01","","1");
INSERT INTO zankat VALUES ("302","الغندور 1015-1012","4","7","0","8","25","0","0","4","500","125","","2023-08-03 09:28:44","2023-08-02","","1");
INSERT INTO zankat VALUES ("303","عمر رمضان غلاف ","4","7","0","3","51","5","5","4","250","63","","2023-08-03 09:30:32","2023-08-02","","1");
INSERT INTO zankat VALUES ("304","الياسمين 2237-عماره 903","4","7","0","8","25","0","0","4","1000","250","","2023-08-03 09:30:54","2023-08-02","","1");
INSERT INTO zankat VALUES ("305","عماره 902-نمبر وان 005","4","7","0","8","25","0","0","4","500","125","","2023-08-03 09:31:24","2023-08-02","","1");
INSERT INTO zankat VALUES ("306","عماره 511","4","6","0","3","25","0","0","6","750","125","","2023-08-03 16:54:22","2023-08-03","","1");
INSERT INTO zankat VALUES ("307","ساره 400-مس لين 1000","4","6","0","3","25","0","0","4","1000","250","","2023-08-03 16:54:46","2023-08-03","","1");
INSERT INTO zankat VALUES ("308","نيمو 403-مس لين 1100","4","6","0","3","25","0","0","4","1000","250","","2023-08-03 16:56:22","2023-08-03","","1");
INSERT INTO zankat VALUES ("309","مكه ستار 1-2","4","6","0","3","25","0","0","5","500","100","","2023-08-03 16:56:46","2023-08-03","","1");
INSERT INTO zankat VALUES ("311","الاشقاء 2023","4","7","0","3","25","0","0","5","1500","300","","2023-08-03 18:16:29","2023-08-03","","1");
INSERT INTO zankat VALUES ("312","امجاد ستيكر ","4","7","0","3","13","4","5","4","800","200","لون خاصص فضي ","2023-08-03 18:17:00","2023-08-03","hanan","1");
INSERT INTO zankat VALUES ("313","مس كيان 590-580","4","7","0","3","45","0","0","4","500","125","","2023-08-03 18:17:23","2023-08-03","","1");
INSERT INTO zankat VALUES ("314","دريم تكس 3300حرحيره 76","4","7","0","3","25","0","0","4","1000","250","","2023-08-05 09:21:33","2023-08-03","","1");
INSERT INTO zankat VALUES ("315","زين ستور ","2","7","0","7","43","0","0","1","0","0","","2023-08-05 09:22:29","2023-08-03","hanan","1");
INSERT INTO zankat VALUES ("316","العهد 968-الباشا 637","4","7","0","8","25","0","0","500","0","0","","2023-08-05 09:24:44","2023-08-03","","1");
INSERT INTO zankat VALUES ("317","اس ام 101-100","4","6","0","3","25","0","0","4","1000","250","","2023-08-05 15:47:57","2023-08-05","","1");
INSERT INTO zankat VALUES ("318","اس ام 103-102","4","6","0","3","25","0","0","4","1000","250","","2023-08-05 15:48:26","2023-08-05","","1");
INSERT INTO zankat VALUES ("319","اس ام 104-105","4","6","0","3","25","0","0","4","1000","250","","2023-08-05 15:48:59","2023-08-05","","1");
INSERT INTO zankat VALUES ("320","ام زد 147-اس ام 106","4","6","0","3","25","0","0","4","1000","250","","2023-08-05 15:49:32","2023-08-05","","1");
INSERT INTO zankat VALUES ("321","امجاد ","4","6","0","3","25","0","0","5","1000","200","","2023-08-05 15:50:18","2023-08-05","","1");
INSERT INTO zankat VALUES ("322","الفا 300-مس كيان 600","4","6","0","3","45","0","0","4","500","125","","2023-08-05 15:51:24","2023-08-05","","1");
INSERT INTO zankat VALUES ("323","عز الشام ","2","8","0","3","15","0","0","6","60000","10000","","2023-08-05 15:54:30","2023-08-05","","1");
INSERT INTO zankat VALUES ("324","ام اتش 1010-ان ام2099","4","7","0","3","25","0","0","4","1000","250","","2023-08-05 15:55:15","2023-08-05","","1");
INSERT INTO zankat VALUES ("325","ام زد 149-148","4","7","0","3","25","0","0","4","1000","250","","2023-08-05 15:56:02","2023-08-05","","1");
INSERT INTO zankat VALUES ("326","t.m.a","4","7","0","3","45","0","0","4","1000","250","","2023-08-05 15:57:21","2023-08-05","","1");
INSERT INTO zankat VALUES ("327","سالم نبيه -سلسة الوافي ","4","7","0","3","9","5","5","4","1000","250","","2023-08-05 15:58:48","2023-08-05","hanan","1");
INSERT INTO zankat VALUES ("328","زوسكا -برجر","2","7","0","3","16","4","8","6","2000","334","+لزق","2023-08-05 16:00:13","2023-08-05","","1");
INSERT INTO zankat VALUES ("330","ان ام 2101-ان ام 2100","4","6","0","3","25","0","0","4","1000","250","","2023-08-06 16:16:41","2023-08-06","","1");
INSERT INTO zankat VALUES ("331","ام زد150-ان ام 2102","4","6","0","3","25","0","0","4","1000","250","","2023-08-06 16:17:36","2023-08-06","","1");
INSERT INTO zankat VALUES ("332","مس لين 1500-مس لين1300-يوسف رمضان 559 1600-مس لين ","4","6","0","3","25","0","0","4","1000","250","","2023-08-06 16:21:10","2023-08-06","","1");
INSERT INTO zankat VALUES ("333","امجاد ","4","8","0","3","31","0","0","6","1000","167","","2023-08-06 17:21:13","2023-08-06","","1");
INSERT INTO zankat VALUES ("334","هاند تاج امجاد وش رقم 1","1","8","0","3","16","8","5","4","450","113","يوفي +تكسير +زومبه ","2023-08-06 18:13:46","2023-08-06","","1");
INSERT INTO zankat VALUES ("335","هان تاج امجاد ضهر 1","1","8","0","3","16","0","0","4","0","0","","2023-08-06 18:20:57","2023-08-06","hanan","1");
INSERT INTO zankat VALUES ("336","هاند تاج امجاد وجه رقم 6","1","8","0","3","16","8","5","4","150","38","يوفي +تكسير +زومبه ","2023-08-06 18:23:01","2023-08-06","hanan","1");
INSERT INTO zankat VALUES ("337","هاند تاج امجاد ضهر","1","8","0","3","16","0","0","4","0","0","","2023-08-06 18:23:30","2023-08-06","hanan","1");
INSERT INTO zankat VALUES ("338","القليني نوت","1","7","0","3","40","0","0","5","3200","640","","2023-08-06 18:24:31","2023-08-06","","1");
INSERT INTO zankat VALUES ("339","القليني غلاف ","4","7","0","3","16","0","0","5","130","26","","2023-08-06 18:26:00","2023-08-06","","1");
INSERT INTO zankat VALUES ("340","زين العابدين 507-حرحيره 322","4","7","0","3","25","0","0","4","500","125","","2023-08-06 18:27:08","2023-08-06","","1");
INSERT INTO zankat VALUES ("341","غلاف محمد حمدي ","4","7","0","3","22","5","5","4","700","175","","2023-08-06 18:28:40","2023-08-06","hanan","1");
INSERT INTO zankat VALUES ("342","الامير 1261-الامير 1263","4","7","0","3","25","0","0","6","1000","167","","2023-08-07 09:43:27","2023-08-06","","1");
INSERT INTO zankat VALUES ("343","الامير عمر 101-الامير عمر 102","4","7","0","3","25","0","0","4","500","125","","2023-08-07 09:45:27","2023-08-06","","1");
INSERT INTO zankat VALUES ("344","مس حنين 1064-1065","4","7","0","3","25","0","0","6","500","84","","2023-08-07 09:47:05","2023-08-06","","1");
INSERT INTO zankat VALUES ("345","مس حنين 1068-مس حنين 1067","4","7","0","3","25","0","0","6","500","84","","2023-08-07 09:47:59","2023-08-06","","1");
INSERT INTO zankat VALUES ("346","مس لين 4500-مس لين 4000-الامير 1262-الامير كيدز1264","4","7","0","3","25","0","0","4","1000","250","","2023-08-07 09:51:38","2023-08-06","","1");
INSERT INTO zankat VALUES ("348","اربيلا وش ","4","6","0","3","22","6","5","4","1000","250","سلوفان مط وجه واحد+زومبه +قص ","2023-08-07 14:38:16","2023-08-07","","1");
INSERT INTO zankat VALUES ("349","اربيلا ضهر","4","6","0","3","22","14","5","4","0","0","قص +زومبا ","2023-08-07 14:40:45","2023-08-07","","1");
INSERT INTO zankat VALUES ("350","الريف الدمشقي ","3","6","0","3","52","0","0","4","1500","375","","2023-08-07 14:46:58","2023-08-07","","1");
INSERT INTO zankat VALUES ("351","مس لين 4400-مس  لين 4040- مس لين 4100-مس لين 4200","4","6","0","3","25","0","0","4","1000","250","","2023-08-07 14:51:56","2023-08-07","","1");
INSERT INTO zankat VALUES ("352","نيو مكه ","4","6","0","3","25","0","0","4","500","125","","2023-08-07 14:52:46","2023-08-07","","1");
INSERT INTO zankat VALUES ("353","فاملي شهاب 194-195","4","6","0","3","25","0","0","4","1000","250","","2023-08-07 15:25:37","2023-08-07","","1");
INSERT INTO zankat VALUES ("354","تبارك 642-فاملي شهاب 196","4","6","0","3","25","0","0","4","1000","250","","2023-08-07 15:27:41","2023-08-07","","1");
INSERT INTO zankat VALUES ("355","ورده 110","4","6","0","3","25","0","0","4","1000","250","","2023-08-07 15:29:01","2023-08-07","","1");
INSERT INTO zankat VALUES ("356","عماره جروب 904-نمبر وان B006","4","7","0","3","46","0","0","4","1000","250","","2023-08-07 17:03:26","2023-08-07","","1");
INSERT INTO zankat VALUES ("357","قمرين 103-AM فاشون ام رنا ","4","7","0","3","25","0","0","4","500","125","","2023-08-07 17:46:43","2023-08-07","","1");
INSERT INTO zankat VALUES ("360","الفا تكس ","4","6","0","3","48","0","0","5","1000","200","","2023-08-08 14:01:09","2023-08-08","","1");
INSERT INTO zankat VALUES ("361","بطانية الفراعنه ","4","6","0","3","25","0","0","4","2000","500","","2023-08-08 14:01:58","2023-08-08","","1");
INSERT INTO zankat VALUES ("362","مس حنين 1066-حرحيره 10","4","6","0","3","25","0","0","6","1000","167","","2023-08-08 14:03:13","2023-08-08","","1");
INSERT INTO zankat VALUES ("363","ام زد فاشون 287-الاميرعمر 104","4","7","0","3","25","0","0","4","500","125","","2023-08-08 16:18:43","2023-08-08","","1");
INSERT INTO zankat VALUES ("364","التمساح 475-التمساح 315","4","7","0","3","34","0","0","4","1000","250","","2023-08-08 16:22:04","2023-08-08","","1");
INSERT INTO zankat VALUES ("365","t.m.a 4042-4042","4","7","0","3","45","0","0","4","1000","250","","2023-08-09 09:36:38","2023-08-08","","1");
INSERT INTO zankat VALUES ("366","ابو زيد 1010-ابو زيد 1012","4","7","0","3","25","0","0","4","1000","250","","2023-08-09 09:37:40","2023-08-08","","1");
INSERT INTO zankat VALUES ("367","دالين 1038-دالين 1037","4","7","0","3","34","3","5","4","500","125","","2023-08-09 09:39:52","2023-08-08","","1");
INSERT INTO zankat VALUES ("368","دالين 1040-دالين 1039","4","7","0","3","34","3","5","4","500","125","","2023-08-09 09:40:41","2023-08-08","","1");
INSERT INTO zankat VALUES ("369","دالين 1035-مكه ستار ","4","7","0","3","25","0","0","4","500","125","","2023-08-09 09:42:02","2023-08-08","","1");
INSERT INTO zankat VALUES ("370","غلاف محمد حمدي ","3","7","0","3","53","5","5","4","700","175","","2023-08-09 09:44:18","2023-08-08","","1");
INSERT INTO zankat VALUES ("371","سالم7006-زويل ","4","6","0","3","25","0","0","4","1000","250","","2023-08-09 13:11:35","2023-08-09","","1");
INSERT INTO zankat VALUES ("372","ابو زيد1011-لمسه تكس 82","4","6","0","3","25","0","0","4","500","125","","2023-08-09 14:48:59","2023-08-09","","1");
INSERT INTO zankat VALUES ("373","حرحيره 77-78-داليدا 214","4","6","0","3","25","0","0","4","1000","250","","2023-08-09 14:50:58","2023-08-09","","1");
INSERT INTO zankat VALUES ("374","احمد الخواجه غلاف ","4","6","0","3","16","6","5","4","250","63","سلوفان مط +ريجا كتاب ","2023-08-09 15:00:17","2023-08-09","hanan","1");
INSERT INTO zankat VALUES ("375","درويش استيكر ","4","7","0","3","13","0","0","4","1000","250","قص","2023-08-09 17:42:01","2023-08-09","hanan","1");
INSERT INTO zankat VALUES ("376","الندي -الامير 1266-صيدليات 777","4","7","0","3","25","0","0","4","1000","250","","2023-08-10 09:32:14","2023-08-09","","1");
INSERT INTO zankat VALUES ("377","الرحمه 222-فاملي 197","4","7","0","3","25","0","0","4","1000","250","","2023-08-10 09:33:19","2023-08-09","","1");
INSERT INTO zankat VALUES ("378","ام زد 151-توتي 1128","4","6","0","3","25","0","0","4","1000","250","","2023-08-10 14:43:26","2023-08-10","","1");
INSERT INTO zankat VALUES ("379","توتي 1130-توتي 1129","4","6","0","3","7","0","0","4","1000","250","","2023-08-10 14:43:56","2023-08-10","","1");
INSERT INTO zankat VALUES ("380"," الادهم 649-مس لينا 905","4","6","0","3","25","0","0","4","500","125","","2023-08-10 16:35:06","2023-08-10","","1");
INSERT INTO zankat VALUES ("381","التوحيد657-قمرين 104","4","7","0","3","25","0","0","4","500","125","","2023-08-10 17:06:37","2023-08-10","","1");
INSERT INTO zankat VALUES ("382","الامير 1265-1267","4","7","0","3","6","0","0","6","1000","167","","2023-08-12 09:25:41","2023-08-10","hanan","1");
INSERT INTO zankat VALUES ("383","فاملي 198-فاملي  768-فاملي  769","4","7","0","3","25","0","0","4","1000","250","","2023-08-12 09:26:30","2023-08-10","","1");
INSERT INTO zankat VALUES ("384","تبارك 643-الامير 1269-1270","4","6","0","3","6","0","0","4","1000","250","","2023-08-12 12:37:40","2023-08-12","hanan","1");
INSERT INTO zankat VALUES ("386","عماره كيدز 512-الامير 1268","4","6","0","3","25","0","0","6","1000","167","","2023-08-12 16:38:24","2023-08-12","","1");
INSERT INTO zankat VALUES ("387","عماره كيدز 513-عماره كيدز 514","4","6","0","3","25","0","0","6","1500","250","","2023-08-12 16:39:17","2023-08-12","","1");
INSERT INTO zankat VALUES ("388","عماره كيدز 515-515","4","6","0","3","6","0","0","6","750","125","","2023-08-12 16:40:25","2023-08-12","hanan","1");
INSERT INTO zankat VALUES ("389","شنطة 911","2","6","0","3","49","0","0","4","500","125","","2023-08-12 17:54:52","2023-08-12","hanan","1");
INSERT INTO zankat VALUES ("390","علبة ديلي بوكس 9 قطع ","2","7","0","7","50","0","0","1","1000","1000"," ","2023-08-12 18:00:01","2023-08-12","","1");
INSERT INTO zankat VALUES ("391","ابو يونس المموني 602-603","4","7","0","3","6","0","0","6","1000","167","","2023-08-13 09:37:23","2023-08-12","hanan","1");
INSERT INTO zankat VALUES ("392","توتي 1131-حرحيره 79-80","4","7","0","3","6","0","0","4","1000","250","","2023-08-13 09:39:06","2023-08-12","hanan","1");
INSERT INTO zankat VALUES ("393","درويش ","4","7","0","3","6","0","0","4","1000","250","","2023-08-13 09:40:18","2023-08-12","hanan","1");
INSERT INTO zankat VALUES ("394","منيو ويف وش ","4","6","0","3","8","12","5","4","500","125","","2023-08-13 14:48:24","2023-08-13","","1");
INSERT INTO zankat VALUES ("395","منيو ويف ضهر ","4","6","0","3","8","12","5","4","0","0","","2023-08-13 14:50:14","2023-08-13","hanan","1");
INSERT INTO zankat VALUES ("396","يوسف رمضان561-يوسف رمضان 560","4","6","0","3","34","0","0","4","1000","250","","2023-08-13 15:21:31","2023-08-13","","1");
INSERT INTO zankat VALUES ("397","مصنع رمسيس -مكه ستار 639-روشته اميره محمد ","4","6","0","3","25","0","0","4","1000","250","","2023-08-13 15:25:47","2023-08-13","","1");
INSERT INTO zankat VALUES ("398","الاشقاء 2023","4","6","0","3","25","0","0","4","1000","250","","2023-08-13 15:34:53","2023-08-13","","1");
INSERT INTO zankat VALUES ("399","التمساح 315-475","4","8","0","3","34","0","0","4","1000","250","","2023-08-13 16:58:36","2023-08-13","hanan","1");
INSERT INTO zankat VALUES ("400","حور الشام 313-الامير 1274","4","7","0","3","6","0","0","4","1000","250","","2023-08-14 09:29:50","2023-08-13","","1");
INSERT INTO zankat VALUES ("401","فاملي 770-فاملي 771","4","7","0","3","6","0","0","4","1000","250","","2023-08-14 09:33:07","2023-08-13","hanan","1");
INSERT INTO zankat VALUES ("402","فاملي 772-فاملي 773","4","7","0","3","6","0","0","4","1000","250","","2023-08-14 09:34:35","2023-08-13","hanan","1");
INSERT INTO zankat VALUES ("403","فاملي 774-فاملي 775","4","7","0","3","25","0","0","4","1000","250","","2023-08-14 09:35:49","2023-08-13","","1");
INSERT INTO zankat VALUES ("404","فاملي 777-فاملي 776","4","7","0","3","25","0","0","4","1000","250","","2023-08-14 09:36:53","2023-08-13","","1");
INSERT INTO zankat VALUES ("405","مس رحمه 214-الامير 1272-دالين 1036","4","7","0","3","25","0","0","4","1000","250","","2023-08-14 09:42:57","2023-08-13","","1");
INSERT INTO zankat VALUES ("406","مكه والرحاب 126","4","7","0","3","25","0","0","4","1250","313","","2023-08-14 09:46:03","2023-08-13","","1");
INSERT INTO zankat VALUES ("407","الادهم 3046-الادهم 3044","4","6","0","3","25","0","0","6","500","84","","2023-08-14 13:42:07","2023-08-14","","1");
INSERT INTO zankat VALUES ("408","ابو زيد 201-الادهم 3045","4","6","0","3","25","0","0","4","500","125","","2023-08-14 13:42:43","2023-08-14","","1");
INSERT INTO zankat VALUES ("409","داليدا منصور 9092-التوحيد 658","4","6","0","3","25","0","0","4","500","125","","2023-08-14 13:43:26","2023-08-14","","1");
INSERT INTO zankat VALUES ("410","الامير 1271-المصرين 247","4","6","0","3","6","0","0","6","1000","167","","2023-08-14 13:44:14","2023-08-14","","1");
INSERT INTO zankat VALUES ("411","ابراهيم يونس ","1","7","0","3","13","0","0","4","800","200","","2023-08-14 14:45:13","2023-08-14","hanan","1");
INSERT INTO zankat VALUES ("412","اس ام 108-107","4","7","0","3","25","0","0","4","1000","250","","2023-08-14 16:02:51","2023-08-14","","1");
INSERT INTO zankat VALUES ("413","ان ام 2103-الامير 1273","4","7","0","3","25","0","0","4","1000","250","","2023-08-14 16:04:56","2023-08-14","","1");
INSERT INTO zankat VALUES ("414","مؤسسة الرحمه 738-507","4","7","0","3","25","0","0","6","1000","167","","2023-08-14 16:08:05","2023-08-14","","1");
INSERT INTO zankat VALUES ("415","فاملي شهاب 199-الشريف وعباييتي 104","4","7","0","3","25","0","0","4","1000","250","","2023-08-14 16:10:47","2023-08-14","","1");
INSERT INTO zankat VALUES ("416","التمساح 475-التمساح 315","4","8","0","3","31","0","0","4","1000","250","","2023-08-14 17:04:17","2023-08-14","","1");
INSERT INTO zankat VALUES ("417","المليونير 735-نرمين ونادين 109","4","7","0","3","25","0","0","4","500","125","","2023-08-15 09:25:57","2023-08-14","","1");
INSERT INTO zankat VALUES ("418","جميله 224-جميله 222","4","6","0","3","25","0","0","4","500","125","","2023-08-15 17:05:28","2023-08-15","","1");
INSERT INTO zankat VALUES ("419","داليدا 215-العهد 110-العهد 111","4","6","0","3","6","0","0","4","1000","250","","2023-08-15 17:06:29","2023-08-15","hanan","1");
INSERT INTO zankat VALUES ("420","باريس 320-باريس 310","4","7","0","3","6","0","0","4","500","125","","2023-08-16 09:30:00","2023-08-15","hanan","1");
INSERT INTO zankat VALUES ("421","مكه ستار -مكه ستار  سولي ","4","7","0","3","6","0","0","5","500","100","","2023-08-16 09:37:36","2023-08-15","hanan","1");
INSERT INTO zankat VALUES ("422","مطعم عواد ","1","7","0","3","15","0","0","4","2000","500","","2023-08-16 09:50:22","2023-08-16","hanan","1");
INSERT INTO zankat VALUES ("423","فات برجر ","1","7","0","3","15","0","0","4","2000","500","","2023-08-16 09:51:41","2023-08-16","hanan","1");
INSERT INTO zankat VALUES ("424","ايليت 400-ايليت 401","4","6","0","3","8","0","0","4","500","125","","2023-08-16 12:22:30","2023-08-16","hanan","1");
INSERT INTO zankat VALUES ("425","قمرين 105-القمه 2108","4","6","0","3","6","0","0","4","500","125","","2023-08-16 12:23:05","2023-08-16","hanan","1");
INSERT INTO zankat VALUES ("426","هابي فيس -هابي فيس","4","6","0","3","6","0","0","5","2500","500","","2023-08-16 12:35:09","2023-08-16","hanan","1");
INSERT INTO zankat VALUES ("427","كلاوديا بلس ميت ","2","8","0","3","37","0","0","4","2000","500","","2023-08-16 13:26:49","2023-08-16","","1");
INSERT INTO zankat VALUES ("428","مس ليين 6000 -مس لين 2030","4","7","0","3","6","0","0","4","2000","500","","2023-08-16 18:20:46","2023-08-16","hanan","1");
INSERT INTO zankat VALUES ("429","مكه ستار -مكه ستارر ","4","7","0","3","6","0","0","5","500","100","","2023-08-16 18:21:25","2023-08-16","hanan","1");
INSERT INTO zankat VALUES ("430","هاند تاج الاشقاء وش ","4","7","0","3","17","8","5","4","1000","250","","2023-08-17 09:33:38","2023-08-16","hanan","1");
INSERT INTO zankat VALUES ("431","هاند تاج الاشقاء ضهر ","1","7","0","3","17","4","5","4","0","0","","2023-08-17 09:35:28","2023-08-16","hanan","1");
INSERT INTO zankat VALUES ("432","بيترومين توكتوك ","4","7","0","3","13","7","5","4","500","125","","2023-08-17 09:39:27","2023-08-16","hanan","1");
INSERT INTO zankat VALUES ("433","عماره جروب 905-غلاف عماد بدران ","4","7","0","3","46","0","0","4","500","125","","2023-08-17 09:43:43","2023-08-16","hanan","1");
INSERT INTO zankat VALUES ("434","غلا 533-المليونير 734","4","7","0","3","25","0","0","4","500","125","","2023-08-17 11:34:37","2023-08-07","hanan","1");
INSERT INTO zankat VALUES ("435","ام زد 286-ام زد 285","4","7","0","3","25","0","0","4","500","125","","2023-08-17 11:44:55","2023-08-07","hanan","1");
INSERT INTO zankat VALUES ("436","غلا 532-الامير عمر 100","4","7","0","3","25","0","0","4","500","125","","2023-08-17 11:56:17","2023-08-05","hanan","1");
INSERT INTO zankat VALUES ("437","ديلي بوكس ","2","8","0","3","15","0","0","4","2000","500","","2023-08-17 12:09:30","2023-08-16","hanan","1");
INSERT INTO zankat VALUES ("438","الراعي 804-الراعي 803","4","6","0","3","6","0","0","4","500","125","","2023-08-17 13:39:55","2023-08-17","hanan","1");
INSERT INTO zankat VALUES ("439","العهد 969-مكه والرحاب 127-127","4","6","0","3","6","0","0","4","1000","250","","2023-08-17 13:41:15","2023-08-17","hanan","1");
INSERT INTO zankat VALUES ("440","الكيميائي غلاف ","4","6","0","3","10","5","5","4","0","0","زنكات وطباعه فقط ","2023-08-17 13:51:14","2023-08-17","","1");
INSERT INTO zankat VALUES ("441","الماسه غلاف ","4","6","0","3","10","5","5","4","0","0","زنكات وطباعه فقط ","2023-08-17 13:52:29","2023-08-17","","1");
INSERT INTO zankat VALUES ("442","مس لين 2610-المصرين 248","4","6","0","3","6","0","0","4","1000","250","","2023-08-17 13:56:02","2023-08-17","hanan","1");
INSERT INTO zankat VALUES ("444","حرحيره 15-15","4","7","0","3","6","0","0","6","1000","167","","2023-08-17 17:43:58","2023-08-17","hanan","1");
INSERT INTO zankat VALUES ("445","حرحيره 16-ان ام 2104","4","7","0","3","6","0","0","6","1000","167","","2023-08-17 17:46:04","2023-08-17","hanan","1");
INSERT INTO zankat VALUES ("446","لمسه تكس 83-ام رنا am","4","7","0","3","6","0","0","4","500","125","","2023-08-17 17:47:12","2023-08-17","hanan","1");
INSERT INTO zankat VALUES ("447","مس رحمه 226-براند السجاعي 103-104","4","7","0","3","25","0","0","4","1000","250","","2023-08-17 17:48:03","2023-08-17","","1");
INSERT INTO zankat VALUES ("448","مس لين 2560-حرحيره 81","4","7","0","3","6","0","0","4","1000","250","","2023-08-17 17:50:56","2023-08-17","hanan","1");
INSERT INTO zankat VALUES ("449","تبارك 644-دالين 1041-مرام 206","4","7","0","3","25","0","0","4","1000","250","","2023-08-17 18:01:07","2023-08-17","","1");
INSERT INTO zankat VALUES ("450","الندي 100-101","4","6","0","3","31","0","0","4","1000","250","","2023-08-19 09:44:15","2023-08-17","","1");
INSERT INTO zankat VALUES ("451","الاشقاء 2023 -2023","4","6","0","3","25","0","0","5","2000","400","","2023-08-19 09:46:30","2023-08-17","","1");
INSERT INTO zankat VALUES ("452","الاشقاء 2023-2023","4","6","0","3","25","0","0","5","750","150","","2023-08-19 09:47:13","2023-08-17","","1");
INSERT INTO zankat VALUES ("453","ان ام 2106-ان ام 2105","4","6","0","3","25","0","0","4","1000","250","","2023-08-19 13:15:28","2023-08-19","","1");
INSERT INTO zankat VALUES ("454","ان ام 2107-الامير 1275","4","6","0","3","25","0","0","4","1000","250","","2023-08-19 13:16:13","2023-08-19","","1");
INSERT INTO zankat VALUES ("455","التنين 562-563","4","7","0","3","31","0","0","5","1000","200","","2023-08-19 14:56:01","2023-08-19","","1");
INSERT INTO zankat VALUES ("456","ام زد 153-ام زد 152","4","7","0","3","25","0","0","4","500","125","","2023-08-19 15:26:50","2023-08-19","","1");
INSERT INTO zankat VALUES ("457","ام زد 154-نرمين ونادين 103","4","7","0","3","25","0","0","4","500","125","","2023-08-19 15:27:36","2023-08-19","","1");
INSERT INTO zankat VALUES ("458","الامير 1278-1277 -خلود منصور ","4","7","0","3","6","0","0","4","1000","250","","2023-08-20 09:22:42","2023-08-19","hanan","1");
INSERT INTO zankat VALUES ("460","النجم المتميز 2041-2042","4","7","0","3","25","0","0","6","1000","167","","2023-08-20 09:23:35","2023-08-19","","1");
INSERT INTO zankat VALUES ("461","ببرازر سندريلا 1045-1044","4","7","0","3","6","0","0","4","1000","250","","2023-08-20 09:23:59","2023-08-19","","1");
INSERT INTO zankat VALUES ("462","اس ام 109-الامير 1279","4","6","0","3","6","0","0","4","1000","250","","2023-08-20 17:14:51","2023-08-20","hanan","1");
INSERT INTO zankat VALUES ("463","داليدا 216-المستقبل 2158","4","6","0","3","6","0","0","4","1000","250","","2023-08-20 17:15:12","2023-08-20","hanan","1");
INSERT INTO zankat VALUES ("464","فاميلي شعبان 6285-6279","4","6","0","0","6","0","0","4","1000","250","","2023-08-20 17:15:33","2023-08-20","hanan","1");
INSERT INTO zankat VALUES ("465","قمرين 107-106","4","6","0","3","6","0","0","4","500","125","","2023-08-20 17:15:51","2023-08-20","hanan","1");
INSERT INTO zankat VALUES ("466","شعبان بدون اسم -الامير 1276","4","7","0","3","6","0","0","6","1000","167","","2023-08-21 09:33:11","2023-08-20","hanan","1");
INSERT INTO zankat VALUES ("467","فاميلي شعبان 6287- شعبان بدون اسم ","4","7","0","3","6","0","0","4","1000","250","","2023-08-21 09:33:44","2023-08-20","hanan","1");
INSERT INTO zankat VALUES ("468","ليدي ستايل 101-104","4","7","0","3","8","3","5","6","500","84","","2023-08-21 09:36:52","2023-08-20","hanan","1");
INSERT INTO zankat VALUES ("469","ليدي ستايل 102-103","4","7","0","3","8","3","5","6","500","84","","2023-08-21 09:37:24","2023-08-20","hanan","1");
INSERT INTO zankat VALUES ("470","مكه والرحاب 128- المصرين 267","4","7","0","3","6","0","0","4","1000","250","","2023-08-21 09:37:51","2023-08-20","hanan","1");
INSERT INTO zankat VALUES ("471","نجمه ستار 501","4","7","0","3","6","0","0","4","1000","250","","2023-08-21 09:42:09","2023-08-20","hanan","1");
INSERT INTO zankat VALUES ("472","نرمين ونادين110-ساندي 1045","4","7","0","3","6","0","0","4","500","125","","2023-08-22 09:23:54","2023-08-21","hanan","1");
INSERT INTO zankat VALUES ("473","فاملي 779-فاملي 778","4","7","0","3","6","0","0","4","1000","250","","2023-08-22 09:26:00","2023-08-21","hanan","1");
INSERT INTO zankat VALUES ("474","ام زد 155-اس ام 110","4","6","0","3","6","0","0","4","500","125","","2023-08-22 09:28:06","2023-08-21","hanan","1");
INSERT INTO zankat VALUES ("475"," t.m.a","4","6","0","3","40","0","0","4","915","229","","2023-08-22 09:29:26","2023-08-21","","1");
INSERT INTO zankat VALUES ("476","الامير 1280-مكه ستار","4","6","0","3","6","0","0","4","1000","250","","2023-08-22 09:33:02","2023-08-21","hanan","1");
INSERT INTO zankat VALUES ("477","دريم تكس 3300","4","8","0","3","6","0","0","4","1000","250","","2023-08-22 09:35:24","2023-08-21","hanan","1");
INSERT INTO zankat VALUES ("478","المصرينن 246-266-فاملي 194","4","6","0","3","6","0","0","4","1000","250","","2023-08-22 12:26:00","2023-08-22","hanan","1");
INSERT INTO zankat VALUES ("479","مؤسسة الرحمه 506-505","4","6","0","3","6","0","0","6","1000","167","","2023-08-22 12:26:57","2023-08-22","hanan","1");
INSERT INTO zankat VALUES ("480","علبة وافل جولدن","1","6","0","3","54","4","5","4","1000","250","تكسير","2023-08-22 13:14:02","2023-08-22","hanan","1");
INSERT INTO zankat VALUES ("481","شنطة الهلال ","3","6","0","3","10","10","5","4","150","38","سلوفان مط + تكسير ","2023-08-22 13:16:23","2023-08-22","","1");
INSERT INTO zankat VALUES ("482","موزو مولتن كيك ","2","7","0","3","22","4","5","4","1000","250","","2023-08-22 14:50:46","2023-08-22","","1");
INSERT INTO zankat VALUES ("483","موزو وافل ","2","7","0","3","22","4","5","4","1000","250","","2023-08-22 14:51:31","2023-08-22","","1");
INSERT INTO zankat VALUES ("488","ام زد 157-ام زد 156","4","7","0","3","6","0","0","4","1000","250","","2023-08-22 16:31:11","2023-08-22","hanan","1");
INSERT INTO zankat VALUES ("489","الامير 1281-ام زد158","4","7","0","3","6","0","0","4","1000","250","","2023-08-22 16:32:43","2023-08-22","hanan","1");
INSERT INTO zankat VALUES ("490","الغندور 380-جميله 233","4","7","0","3","6","0","0","4","500","125","","2023-08-23 09:34:17","2023-08-22","hanan","1");
INSERT INTO zankat VALUES ("491","عماره كيدز 517-516","4","7","0","3","6","0","0","6","1500","250","","2023-08-23 09:34:57","2023-08-22","hanan","1");
INSERT INTO zankat VALUES ("492","فات برجر ","3","7","0","3","56","4","5","4","250","63","","2023-08-23 11:03:46","2023-08-22","","1");
INSERT INTO zankat VALUES ("493","t.m.a4044-مكهه ستار -مس لين 1100","4","6","0","3","6","0","0","4","1000","250","","2023-08-23 13:14:01","2023-08-23","hanan","1");
INSERT INTO zankat VALUES ("494","الامير 1267-الامير 1267","4","6","0","3","6","0","0","6","1000","167","","2023-08-23 13:15:23","2023-08-23","hanan","1");
INSERT INTO zankat VALUES ("495","الامير 1270-1270-زمزم1113-1114","4","6","0","3","6","0","0","4","1000","250","","2023-08-23 13:16:51","2023-08-23","hanan","1");
INSERT INTO zankat VALUES ("496","الهلال داخلي نوت ","1","6","0","3","55","0","0","4","4000","1000","","2023-08-23 13:20:25","2023-08-23","hanan","1");
INSERT INTO zankat VALUES ("497","الهلال كفر نوت ","3","6","0","3","10","10","5","4","160","40","","2023-08-23 13:22:49","2023-08-23","","1");
INSERT INTO zankat VALUES ("498","كرتله القليني ضهر ","1","7","0","5","22","4","9","2","500","250","","2023-08-23 13:39:54","2023-08-23","hanan","1");
INSERT INTO zankat VALUES ("499","كرتلة القليني وش ","4","7","0","5","22","7","9","2","500","250","","2023-08-23 13:41:31","2023-08-23","hanan","1");
INSERT INTO zankat VALUES ("500","ملبوسات المشاهير 1","3","6","0","3","11","10","5","4","150","38","","2023-08-23 14:37:13","2023-08-23","","1");
INSERT INTO zankat VALUES ("501","ملببوسات المشاهير 2","3","6","0","3","11","10","5","4","105","27","","2023-08-23 14:39:07","2023-08-23","","1");
INSERT INTO zankat VALUES ("502","التنين 565-التنين 564","4","7","0","3","31","0","0","4","1000","250","","2023-08-23 17:26:05","2023-08-23","","1");
INSERT INTO zankat VALUES ("503","ضي القمر 2002-2001-الباشا 700","4","7","0","3","6","0","0","4","1000","250","","2023-08-23 17:26:42","2023-08-23","hanan","1");
INSERT INTO zankat VALUES ("504","الامير 1282-المصرين 268-269","4","7","0","3","6","0","0","4","1000","250","","2023-08-24 09:39:39","2023-08-23","hanan","1");
INSERT INTO zankat VALUES ("505","التوحيد 660-التوحيد 659","4","7","0","3","6","0","0","4","1000","250","","2023-08-24 09:40:16","2023-08-23","hanan","1");
INSERT INTO zankat VALUES ("506","منيو فات برجر ","4","6","0","3","8","0","0","4","500","125","وجهين طبع وقلب ","2023-08-24 12:37:01","2023-08-24","hanan","1");
INSERT INTO zankat VALUES ("507","التمساح 475- التمساح 315","4","8","0","3","39","0","0","4","1000","250","","2023-08-24 12:38:32","2023-08-24","hanan","1");
INSERT INTO zankat VALUES ("508","الامير 1283- الامير 1283","4","6","0","3","6","0","0","4","1000","250","","2023-08-24 14:26:22","2023-08-24","hanan","1");
INSERT INTO zankat VALUES ("509","اس ام 112- اس ام 111","4","6","0","3","6","0","0","4","1000","250","","2023-08-24 14:26:48","2023-08-24","hanan","1");
INSERT INTO zankat VALUES ("510","دهب 600-601","4","7","0","4","0","0","0","4","0","0","","2023-08-24 14:36:43","2023-08-24","hanan","1");
INSERT INTO zankat VALUES ("511","دهب 602-دهب 603","4","7","0","4","0","0","0","4","0","0","","2023-08-24 14:37:16","2023-08-24","hanan","1");
INSERT INTO zankat VALUES ("512","دهب 604-دهب 605","4","7","0","4","0","0","0","4","0","0","","2023-08-24 14:37:54","2023-08-24","hanan","1");
INSERT INTO zankat VALUES ("513","دهب 606-دهب 607","4","7","0","4","0","0","0","4","0","0","","2023-08-24 14:38:20","2023-08-24","hanan","1");
INSERT INTO zankat VALUES ("514","دهب 608-دهب 609","4","7","0","4","0","0","0","4","0","0","","2023-08-24 14:38:57","2023-08-24","hanan","1");
INSERT INTO zankat VALUES ("515","الاشقاء 2023-الاشقاء 2023","4","8","0","3","6","0","0","5","2000","400","","2023-08-24 16:51:07","2023-08-24","hanan","1");
INSERT INTO zankat VALUES ("516","التوحيد 662-التوحيد 661","4","7","0","3","6","0","0","4","500","125","","2023-08-24 18:02:13","2023-08-24","hanan","1");
INSERT INTO zankat VALUES ("517","دعوة زفاف اسامه سعد ","4","7","0","3","16","12","5","4","300","75","60*80 طبع قلب ","2023-08-24 18:06:21","2023-08-24","hanan","1");
INSERT INTO zankat VALUES ("518","عماره جروب 906-المجد 613","4","7","0","3","6","0","0","4","500","125","","2023-08-24 18:07:10","2023-08-24","hanan","1");
INSERT INTO zankat VALUES ("519","فاملي 780-اس ام 113","4","7","0","3","6","0","0","4","1000","250","","2023-08-24 18:07:48","2023-08-24","hanan","1");
INSERT INTO zankat VALUES ("520","مس كيان 610-620","4","7","0","3","39","0","0","4","500","125","","2023-08-26 09:30:13","2023-08-24","hanan","1");
INSERT INTO zankat VALUES ("521","توتي 1133-توتي 1132","4","7","0","3","6","0","0","4","1000","250","","2023-08-26 09:31:02","2023-08-24","hanan","1");
INSERT INTO zankat VALUES ("522","فريندس  2024","4","7","0","3","45","0","0","4","500","125","","2023-08-26 09:32:06","2023-08-24","","1");
INSERT INTO zankat VALUES ("523","فاملي 782-فاملي 781","4","6","0","3","6","0","0","4","1000","250","","2023-08-26 13:35:45","2023-08-26","hanan","1");
INSERT INTO zankat VALUES ("524","فاملي 783-فاملي 784","4","6","0","3","6","0","0","4","1000","250","","2023-08-26 13:37:21","2023-08-26","hanan","1");
INSERT INTO zankat VALUES ("525","فاملي 785-فاملي 786","4","6","0","3","6","0","0","4","1000","250","","2023-08-26 13:37:59","2023-08-26","hanan","1");
INSERT INTO zankat VALUES ("526","فاملي 787-مريومه 10","4","6","0","3","6","0","0","4","1000","250","","2023-08-26 13:38:54","2023-08-26","hanan","1");
INSERT INTO zankat VALUES ("527","حرحيره 16-نورا كيدز 1003","4","6","0","3","6","0","0","6","1000","167","","2023-08-26 13:40:42","2023-08-26","hanan","1");
INSERT INTO zankat VALUES ("528","مريومه 40-المجد 614","4","6","0","3","6","0","0","4","1000","250","","2023-08-26 13:41:14","2023-08-26","hanan","1");
INSERT INTO zankat VALUES ("529"," برشور الهلال بلاست  وش","4","7","0","3","9","4","5","4","2000","500","","2023-08-26 17:15:43","2023-08-26","","1");
INSERT INTO zankat VALUES ("530","برشور الهلال بلاست ضهر ","4","7","0","3","9","0","0","4","0","0","","2023-08-26 17:17:07","2023-08-26","hanan","1");
INSERT INTO zankat VALUES ("531","الباشا701-الباشا 72","4","7","0","3","6","0","0","4","1000","250","","2023-08-26 17:55:17","2023-08-26","hanan","1");
INSERT INTO zankat VALUES ("532","الندي102-العهد 965","4","7","0","3","6","0","0","4","1000","250","","2023-08-26 17:56:24","2023-08-26","","1");
INSERT INTO zankat VALUES ("533","جميله 234-دهب 610","4","7","0","3","6","0","0","4","500","125","","2023-08-26 17:58:42","2023-08-26","hanan","1");
INSERT INTO zankat VALUES ("534","دهب 612-دهب 611","4","7","0","4","0","0","0","4","0","0","","2023-08-26 17:59:51","2023-08-26","hanan","1");
INSERT INTO zankat VALUES ("535","نجمه ستار 502-502","4","7","0","3","6","0","0","4","1000","250","","2023-08-26 18:00:30","2023-08-26","hanan","1");
INSERT INTO zankat VALUES ("536","علبة برجر فات برجر ","3","8","0","3","48","4","5","4","730","183","","2023-08-26 18:18:43","2023-08-26","","1");
INSERT INTO zankat VALUES ("537","ام اتش 1011-1012","4","6","0","3","6","0","0","4","1000","250","","2023-08-27 13:09:15","2023-08-27","hanan","1");
INSERT INTO zankat VALUES ("538","مكس حلو وافل ","1","6","0","3","22","4","5","4","500","125","","2023-08-27 13:13:57","2023-08-27","hanan","1");
INSERT INTO zankat VALUES ("539","الياسمين 2205-2205","4","6","0","3","6","0","0","4","1000","250","","2023-08-27 13:14:58","2023-08-27","hanan","1");
INSERT INTO zankat VALUES ("540","توتي 1134-زمزم1115","4","6","0","3","6","0","0","4","1000","250","","2023-08-27 13:15:42","2023-08-27","hanan","1");
INSERT INTO zankat VALUES ("541","زين العابدين 501-502","4","6","0","3","6","0","0","4","1000","250","","2023-08-27 13:16:11","2023-08-27","hanan","1");
INSERT INTO zankat VALUES ("542","قمرين 108-109","4","6","0","3","6","0","0","4","500","125","","2023-08-27 13:16:37","2023-08-27","hanan","1");
INSERT INTO zankat VALUES ("543","نرمين ونادين 111-112","4","6","0","3","6","0","0","4","500","125","","2023-08-27 13:17:33","2023-08-27","hanan","1");
INSERT INTO zankat VALUES ("544","ديكسي برجر ","4","8","0","3","16","16","8","6","1000","167","تكسير وتلزيق ","2023-08-27 13:48:41","2023-08-27","","1");
INSERT INTO zankat VALUES ("545","ديكسي بطاطس ","4","8","0","3","16","4","8","6","2000","334","تكسير وتلزيق","2023-08-27 13:51:57","2023-08-27","","1");
INSERT INTO zankat VALUES ("546","منيو ويف ضهر ","4","8","0","3","8","12","5","4","500","125","","2023-08-27 13:53:26","2023-08-27","hanan","1");
INSERT INTO zankat VALUES ("547","منيو ويف وش ","4","8","0","3","0","12","5","4","0","0","","2023-08-27 13:54:21","2023-08-27","hanan","1");
INSERT INTO zankat VALUES ("548","منيو فات برجر طبع وقلب ","4","8","0","3","8","0","0","4","500","125","طبع وقلب ","2023-08-27 13:55:59","2023-08-27","hanan","1");
INSERT INTO zankat VALUES ("549","ام زد ","4","7","0","3","9","12","5","4","1000","250","يو في ","2023-08-28 09:41:57","2023-08-27","hanan","1");
INSERT INTO zankat VALUES ("550","ام زد ","4","7","0","3","9","12","5","4","1000","250","يو في ","2023-08-28 09:42:59","2023-08-27","hanan","1");
INSERT INTO zankat VALUES ("551","بونجور 1014-بونجور 1013","4","7","0","3","6","0","0","4","1000","250","","2023-08-28 09:43:44","2023-08-27","hanan","1");
INSERT INTO zankat VALUES ("552","الادهم -الادهم ","4","7","0","3","6","0","0","4","500","125","","2023-08-28 09:44:22","2023-08-27","hanan","1");
INSERT INTO zankat VALUES ("553","الامير 1284-1284","4","7","0","3","6","0","0","6","1000","167","","2023-08-28 09:45:22","2023-08-27","hanan","1");
INSERT INTO zankat VALUES ("554","ان ام 2108-الامير 1285","4","7","0","3","6","0","0","4","1000","250","","2023-08-28 09:46:42","2023-08-27","hanan","1");
INSERT INTO zankat VALUES ("555","الامير 1286-فاملي 200","4","7","0","3","6","0","0","4","1000","250","","2023-08-28 09:47:23","2023-08-27","hanan","1");
INSERT INTO zankat VALUES ("556","الامير 105-القمه 100","4","7","0","3","6","0","0","4","500","125","","2023-08-28 09:48:05","2023-08-27","hanan","1");
INSERT INTO zankat VALUES ("557","جميله 235-العهد 970","4","7","0","3","6","0","0","4","500","125","","2023-08-28 09:48:46","2023-08-27","hanan","1");
INSERT INTO zankat VALUES ("558","نجمه ستارز 504-نجمه ستارز 503","4","7","0","3","6","0","0","4","2000","500","","2023-08-28 09:50:00","2023-08-27","hanan","1");
INSERT INTO zankat VALUES ("559","ديكسي سناك ","4","7","0","10","16","0","0","2","1000","500","","2023-08-28 10:00:19","2023-08-27","hanan","1");
INSERT INTO zankat VALUES ("560"," منيو ويف ضهر ","2","6","0","3","0","12","5","4","0","0","","2023-08-28 10:40:24","2023-08-27","hanan","1");
INSERT INTO zankat VALUES ("561","فات برجر ","1","8","0","3","15","0","0","4","2000","500","","2023-08-28 11:15:20","2023-08-28","hanan","1");
INSERT INTO zankat VALUES ("562","t.m.a 4045-زمزم 1116-1117","4","6","0","3","6","0","0","4","1000","250","","2023-08-28 12:13:55","2023-08-28","hanan","1");
INSERT INTO zankat VALUES ("563","الايمان 100-101","4","6","0","3","6","0","0","4","500","125","","2023-08-28 12:15:34","2023-08-28","hanan","1");
INSERT INTO zankat VALUES ("564","تاليا 168-تاليا 167","4","6","0","3","6","0","0","4","1000","250","","2023-08-28 12:20:21","2023-08-28","hanan","1");
INSERT INTO zankat VALUES ("565","تاليا 170-تاليا 169","4","6","0","3","6","0","0","4","1000","250","","2023-08-28 12:53:25","2023-08-28","hanan","1");
INSERT INTO zankat VALUES ("566","الامير 1273-تبارك 645","4","7","0","3","6","0","0","4","1000","250","","2023-08-29 09:36:46","2023-08-28","hanan","1");
INSERT INTO zankat VALUES ("567","براند 100-التوحيد 663","4","7","0","3","6","0","0","4","500","125","","2023-08-29 09:40:13","2023-08-28","hanan","1");
INSERT INTO zankat VALUES ("568","ايان 1001-الادهم ","4","7","0","3","6","0","0","4","500","125","","2023-08-29 09:43:33","2023-08-28","hanan","1");
INSERT INTO zankat VALUES ("569","باريس 340-باريس 330","4","7","0","3","6","0","0","4","500","125","","2023-08-29 09:45:13","2023-08-28","hanan","1");
INSERT INTO zankat VALUES ("570","ضي القمر 2003-ضي القمر 2004","4","7","0","3","6","0","0","4","500","125","","2023-08-29 09:46:12","2023-08-28","hanan","1");
INSERT INTO zankat VALUES ("571","قمرين 111-قمرين 110","4","7","0","3","6","0","0","4","500","125","","2023-08-29 09:47:15","2023-08-28","hanan","1");
INSERT INTO zankat VALUES ("572","غلاف الهال نوته خارجي ","3","8","0","3","10","0","0","4","160","40","","2023-08-29 12:38:58","2023-08-29","","1");
INSERT INTO zankat VALUES ("573","التمساح555-التمساح315","4","8","0","3","39","0","0","4","1000","250","","2023-08-29 12:44:20","2023-08-29","hanan","1");
INSERT INTO zankat VALUES ("574","زمزم 1118-ام اس البربري 1008","4","6","0","3","6","0","0","4","1000","250","","2023-08-29 16:54:57","2023-08-29","hanan","1");
INSERT INTO zankat VALUES ("575","ام زد 160-ام زد 159","4","6","0","3","6","0","0","4","1000","250","","2023-08-29 16:55:55","2023-08-29","hanan","1");
INSERT INTO zankat VALUES ("576","التوحيد 664-نمبر وان b007","4","6","0","3","6","0","0","4","500","125","","2023-08-29 16:57:23","2023-08-29","hanan","1");
INSERT INTO zankat VALUES ("577","برازر 1046-زين العابدين 526","4","6","0","3","6","0","0","4","1000","250","","2023-08-29 16:58:49","2023-08-29","hanan","1");
INSERT INTO zankat VALUES ("579","الياسمين 2232-الامير 1288","4","7","0","3","6","0","0","6","1000","167","","2023-08-30 09:27:23","2023-08-29","hanan","1");
INSERT INTO zankat VALUES ("580","جو 701-جو 702","4","7","0","3","6","0","0","4","500","125","","2023-08-30 09:27:51","2023-08-29","hanan","1");
INSERT INTO zankat VALUES ("581","قمرين 112-مايان 10","4","7","0","3","6","0","0","4","500","125","","2023-08-30 09:30:26","2023-08-29","hanan","1");
INSERT INTO zankat VALUES ("582","مس حنين 1063-مس حنين 1070","4","7","0","3","0","0","0","6","0","0","","2023-08-30 09:32:55","2023-08-29","hanan","1");
INSERT INTO zankat VALUES ("583","حرحيره 311-الامير 1289-حرحيره 63","4","6","0","3","6","0","0","4","1000","250","","2023-08-30 12:21:11","2023-08-30","hanan","1");
INSERT INTO zankat VALUES ("584","مس حنين 1070-مس حنين 1069","4","6","0","3","6","0","0","4","500","125","","2023-08-30 12:22:40","2023-08-30","hanan","1");
INSERT INTO zankat VALUES ("585","امجاد تكرار ","4","8","0","3","58","0","0","6","3000","500","","2023-08-30 12:31:21","2023-08-30","","1");
INSERT INTO zankat VALUES ("586","جولدن زبده ","1","6","0","3","15","0","0","6","1500","250","","2023-08-30 13:12:10","2023-08-30","","1");
INSERT INTO zankat VALUES ("587","اس ام 114-اس ام 115","4","7","0","3","6","0","0","4","1000","250","","2023-08-30 15:34:15","2023-08-30","hanan","1");
INSERT INTO zankat VALUES ("588","طيور بيروت 101-طيور بيروت 100","4","7","0","3","6","0","0","4","1000","250","","2023-08-30 15:36:53","2023-08-30","hanan","1");
INSERT INTO zankat VALUES ("589","ايليت 501-الجوكر 402","4","7","0","3","6","0","0","4","500","125","","2023-08-31 10:13:29","2023-08-30","","1");
INSERT INTO zankat VALUES ("590","باريس 350-باريس 360-نرمين ونادين 113","4","7","0","3","6","0","0","4","500","125","","2023-08-31 10:14:57","2023-08-30","","1");
INSERT INTO zankat VALUES ("591","عماره كيدز 519-عماره كيدز 518","4","7","0","3","6","0","0","6","1500","250","","2023-08-31 10:17:17","2023-08-30","","1");
INSERT INTO zankat VALUES ("592","عماره نجيب 520-عماره نجيب 507","4","7","0","3","6","0","0","6","1000","167","","2023-08-31 10:18:18","2023-08-30","","1");
INSERT INTO zankat VALUES ("593","ضي القمر 2005-عماره نجيب 520","4","7","0","3","6","0","0","4","500","125","","2023-08-31 10:19:11","2023-08-30","","1");
INSERT INTO zankat VALUES ("594","الامير 1290-فاملي 6284","4","7","0","3","6","0","0","4","1000","250","","2023-08-31 10:21:06","2023-08-30","","1");
INSERT INTO zankat VALUES ("595","فاملي 6288-فاملي شعبان 6289","4","7","0","3","6","0","0","4","1000","250","","2023-08-31 10:22:08","2023-08-30","","1");
INSERT INTO zankat VALUES ("596","مس لين 30-مس لين 20","4","7","0","3","6","0","0","4","1000","250","","2023-08-31 10:23:34","2023-08-30","","1");
INSERT INTO zankat VALUES ("597","حرحيره 304-نرمين ونادين 229","4","6","0","3","6","0","0","4","500","125","","2023-08-31 12:52:29","2023-08-31","hanan","1");
INSERT INTO zankat VALUES ("598","t.m.a4043-مس لين 10","4","6","0","3","6","0","0","4","1000","250","","2023-08-31 12:53:04","2023-08-31","hanan","1");
INSERT INTO zankat VALUES ("599","ان ام 2097-ان ام2096","4","7","0","3","6","0","0","4","1000","250","","2023-08-31 17:26:50","2023-08-31","hanan","1");
INSERT INTO zankat VALUES ("600","جميله 236-القمه 101","4","7","0","3","6","0","0","4","500","125","","2023-08-31 17:28:06","2023-08-31","hanan","1");
INSERT INTO zankat VALUES ("601","ام رنا -حرحيره326","4","7","0","3","6","0","0","4","500","125","قص تمن فقط ","2023-08-31 17:30:25","2023-08-31","hanan","1");
INSERT INTO zankat VALUES ("602","برازر 1047-الادهم 501-502","4","7","0","3","6","0","0","4","1000","250","","2023-09-02 09:33:06","2023-08-31","hanan","1");
INSERT INTO zankat VALUES ("603","دالين 1043-دالين 1042","4","6","0","3","39","3","5","4","500","125","","2023-09-02 15:22:47","2023-09-02","hanan","1");
INSERT INTO zankat VALUES ("604","دالين 1044-دالين 1045","4","6","0","3","39","3","5","4","500","125","","2023-09-02 15:23:25","2023-09-02","hanan","1");
INSERT INTO zankat VALUES ("605","سدره 1003-سدره 1003-روشته دينا حمدي ","4","6","0","3","6","0","0","4","1000","250","","2023-09-02 15:25:09","2023-09-02","hanan","1");
INSERT INTO zankat VALUES ("606","الغندور 2001-مس كيان ","4","6","0","3","6","0","0","4","500","125","","2023-09-02 15:25:56","2023-09-02","hanan","1");
INSERT INTO zankat VALUES ("607","مؤسسة الرحمه 503-504","4","8","0","3","6","0","0","6","1000","167","","2023-09-02 15:28:45","2023-09-02","hanan","1");
INSERT INTO zankat VALUES ("608","الادهم3040-الادهم 3041","4","7","0","3","6","0","0","4","500","125","","2023-09-02 15:58:19","2023-09-02","","1");
INSERT INTO zankat VALUES ("609","الادهم 2033-سندريلا501","4","7","0","3","6","0","0","4","500","125","","2023-09-02 16:02:42","2023-09-02","hanan","1");
INSERT INTO zankat VALUES ("610","برشور الهلال وجه ","4","8","0","3","9","4","8","4","1000","250","","2023-09-02 16:56:04","2023-09-02","","1");
INSERT INTO zankat VALUES ("611","برشور الهلال ضهر ","4","8","0","3","0","0","0","4","0","0","","2023-09-02 17:02:16","2023-09-02","hanan","1");
INSERT INTO zankat VALUES ("612","مكه والرحاب 130-حرحيره 82","4","7","0","3","6","0","0","4","1000","250","","2023-09-02 17:46:13","2023-09-02","hanan","1");
INSERT INTO zankat VALUES ("613","طيور بيروت 102-فاملي شهاب 188","4","7","0","3","6","0","0","4","1000","250","","2023-09-02 17:46:49","2023-09-02","hanan","1");
INSERT INTO zankat VALUES ("614","مس لين 40-مريومه 500-مريومه 505","4","7","0","3","6","0","0","4","1000","250","","2023-09-02 17:47:29","2023-09-02","hanan","1");
INSERT INTO zankat VALUES ("615","الندي 104-الندي 103","4","7","0","3","39","0","0","4","1000","250","","2023-09-03 09:36:48","2023-09-02","","1");
INSERT INTO zankat VALUES ("616","الندي 307-مكه والرحاب 129","4","7","0","3","6","0","0","4","1000","250","","2023-09-03 09:39:16","2023-09-02","","1");
INSERT INTO zankat VALUES ("617","ام زد رجب 291-ام زد رجب 292","4","6","0","3","6","0","0","4","500","125","","2023-09-03 16:15:25","2023-09-03","hanan","1");
INSERT INTO zankat VALUES ("618","غلاف الرحال استاذ محمود رمضان-","4","6","0","3","22","10","0","4","1000","250","","2023-09-03 16:17:41","2023-09-03","","1");
INSERT INTO zankat VALUES ("619","لمسه تكس 84-لمسه تكس 85","4","6","0","3","6","0","0","4","500","125","","2023-09-03 16:18:32","2023-09-03","hanan","1");
INSERT INTO zankat VALUES ("620","مس حنين 1071-مس حنين 1072","4","6","0","3","6","0","0","4","500","125","","2023-09-03 16:19:11","2023-09-03","hanan","1");
INSERT INTO zankat VALUES ("621","علبة بان كيك موزو ","2","6","0","3","22","0","0","4","1000","250","","2023-09-03 16:20:15","2023-09-03","hanan","1");
INSERT INTO zankat VALUES ("622","موزو هولدر ","2","6","0","3","22","0","0","6","1000","167","","2023-09-03 16:21:47","2023-09-03","hanan","1");
INSERT INTO zankat VALUES ("623","الاشقاء 2023","4","8","0","3","6","0","0","4","2000","500","","2023-09-03 16:25:25","2023-09-03","hanan","1");
INSERT INTO zankat VALUES ("624","دالين 1047-دالين 1046","4","7","0","3","39","3","5","4","500","125","","2023-09-03 17:59:26","2023-09-03","hanan","1");
INSERT INTO zankat VALUES ("625","برازر سندريلا 1048-فاملي ابو العنين 98","4","7","0","3","6","0","0","4","1000","250","","2023-09-03 18:00:45","2023-09-03","hanan","1");
INSERT INTO zankat VALUES ("626","طيور بيروت 103-مكه والرحاب 105","4","7","0","3","6","0","0","4","1000","250","","2023-09-03 18:01:45","2023-09-03","hanan","1");
INSERT INTO zankat VALUES ("627","مريومه 510-مريومه 500-مريومه 505-ميدو تكس 1054","4","7","0","3","6","0","0","4","1000","250","","2023-09-03 18:03:37","2023-09-03","hanan","1");
INSERT INTO zankat VALUES ("628","مس مريم 268-ياريس 370","4","7","0","3","6","0","0","4","500","125","","2023-09-03 18:04:40","2023-09-03","hanan","1");
INSERT INTO zankat VALUES ("629","ورده 115-الادهم مصطفي ","4","7","0","3","6","0","0","4","1000","250","","2023-09-04 09:28:03","2023-09-03","hanan","1");
INSERT INTO zankat VALUES ("630","المملكه -عماره نجيب كيدز ","4","7","0","3","6","0","0","4","1000","250","","2023-09-04 09:28:49","2023-09-03","hanan","1");
INSERT INTO zankat VALUES ("631","هاند تاج امجاد وش ","1","8","0","3","16","0","0","4","450","113","","2023-09-04 17:43:03","2023-09-04","hanan","1");
INSERT INTO zankat VALUES ("632","هاند تاج ضهر1","1","8","0","3","16","4","0","4","375","94","","2023-09-04 17:45:13","2023-09-04","hanan","1");
INSERT INTO zankat VALUES ("633","هاند تاج ضهر 6","1","8","0","3","16","0","0","4","75","19","","2023-09-04 17:49:10","2023-09-04","hanan","1");
INSERT INTO zankat VALUES ("634","امجاد استيكر ","1","8","0","3","13","4","5","4","800","200","","2023-09-04 17:50:35","2023-09-04","","1");
INSERT INTO zankat VALUES ("635","نجمه استار 501-501","4","8","0","3","6","0","0","4","1000","250","","2023-09-04 17:52:35","2023-09-04","hanan","1");
INSERT INTO zankat VALUES ("636","هولدر 911","2","6","0","3","22","0","0","6","1000","167","","2023-09-04 17:54:31","2023-09-04","hanan","1");
INSERT INTO zankat VALUES ("637","ان ام 2109-الادهم 650","4","6","0","3","6","0","0","4","500","125","","2023-09-04 17:55:41","2023-09-04","hanan","1");
INSERT INTO zankat VALUES ("638","الباشا 703-دالين 1048-الادهم ابراهيم 3050","4","6","0","3","6","0","0","4","1000","250","","2023-09-04 17:56:27","2023-09-04","hanan","1");
INSERT INTO zankat VALUES ("639","تاليا 171-تاليا 172","4","6","0","3","6","0","0","4","1000","250","","2023-09-04 17:57:41","2023-09-04","hanan","1");
INSERT INTO zankat VALUES ("640","نرمين ونادين 114-قمرين 113","4","6","0","3","6","0","0","4","500","125","","2023-09-04 17:58:21","2023-09-04","hanan","1");
INSERT INTO zankat VALUES ("641"," e.s فاشون رانسي 201 -فريندس205 ","4","7","0","3","6","0","0","4","500","125","","2023-09-04 18:06:42","2023-09-04","hanan","1");
INSERT INTO zankat VALUES ("642","الادهم مس لينا 702-الادهم مس لينا 703","4","6","0","3","6","0","0","4","1000","250","","2023-09-05 14:19:30","2023-09-05","hanan","1");
INSERT INTO zankat VALUES ("643","ريتاي سيد صالح ","4","6","0","3","6","0","0","4","1000","250","","2023-09-05 14:20:22","2023-09-05","hanan","1");
INSERT INTO zankat VALUES ("644","مس لين 50-فادي كلاس 1000","4","6","0","3","6","0","0","4","1000","250","","2023-09-05 14:20:56","2023-09-05","hanan","1");
INSERT INTO zankat VALUES ("645","مكه ستار- مكه ستار ","4","6","0","3","6","0","0","5","700","140","","2023-09-05 14:24:40","2023-09-05","hanan","1");
INSERT INTO zankat VALUES ("646","برازر 1049-برازر 1050","4","6","0","3","6","0","0","4","1000","250","","2023-09-05 15:46:27","2023-09-05","hanan","1");
INSERT INTO zankat VALUES ("647","الياسمين 107-برازر 1039","4","6","0","3","6","0","0","4","1000","250","","2023-09-05 15:46:58","2023-09-05","hanan","1");
INSERT INTO zankat VALUES ("648","شنطة 911","4","6","0","3","29","4","0","4","2000","500","","2023-09-05 15:50:44","2023-09-05","","1");
INSERT INTO zankat VALUES ("649","شنطه كلاوديا ","1","6","0","3","29","4","0","4","2000","500","","2023-09-05 15:52:58","2023-09-05","","1");
INSERT INTO zankat VALUES ("651","ان ام 2107-2110","4","6","0","3","6","0","0","4","1000","250","","2023-09-06 11:38:26","2023-09-06","hanan","1");
INSERT INTO zankat VALUES ("652","اس ام شعبان 116-117","4","6","0","3","6","0","0","4","1000","250","","2023-09-06 11:39:14","2023-09-06","hanan","1");
INSERT INTO zankat VALUES ("653","tma ك 1","4","6","0","3","39","0","0","4","1000","250","","2023-09-06 11:41:02","2023-09-06","hanan","1");
INSERT INTO zankat VALUES ("654","ام زد شعبان 293-توتي البدراوي 1135","4","6","0","3","6","0","0","4","1000","250","","2023-09-06 11:41:27","2023-09-06","hanan","1");
INSERT INTO zankat VALUES ("655","ان ام 2111-الامير 1291","4","6","0","3","6","0","0","6","1000","167","","2023-09-06 11:41:50","2023-09-06","hanan","1");
INSERT INTO zankat VALUES ("656","سندريلا 7080-7075","4","6","0","3","6","0","0","4","500","125","","2023-09-06 11:42:16","2023-09-06","hanan","1");
INSERT INTO zankat VALUES ("657","سندريلا 7090-7085","4","6","0","3","6","0","0","4","500","125","","2023-09-06 11:42:36","2023-09-06","hanan","1");
INSERT INTO zankat VALUES ("658","لؤلؤه نجد 627-923","4","6","0","3","6","0","0","4","1000","250","","2023-09-06 11:43:12","2023-09-06","hanan","1");
INSERT INTO zankat VALUES ("659","لؤلؤه نجدد 632- الامير 1292","4","6","0","3","6","0","0","4","1000","250","","2023-09-06 11:43:32","2023-09-06","hanan","1");
INSERT INTO zankat VALUES ("660","الياسمين 2205","4","8","0","3","6","0","0","4","1500","375","","2023-09-06 11:43:53","2023-09-06","hanan","1");
INSERT INTO zankat VALUES ("661","ظرف المسيري ","2","7","0","3","10","7","5","6","250","42","تكسير +سلوفان مط +بصمه +لون خاص جولد ","2023-09-06 15:41:09","2023-09-06","","1");
INSERT INTO zankat VALUES ("662","قمرين 114- القمه 102","4","7","0","3","6","0","0","4","500","125","","2023-09-06 15:41:34","2023-09-06","hanan","1");
INSERT INTO zankat VALUES ("663","توليدي حجاج 500-600","4","7","0","3","33","3","5","6","500","84","","2023-09-06 15:42:01","2023-09-06","","1");
INSERT INTO zankat VALUES ("664","توليدي 700-800","4","7","0","3","33","3","5","6","500","84","","2023-09-06 15:42:29","2023-09-06","","1");
INSERT INTO zankat VALUES ("665","حورس 801-الرحمه اسلام 205-نسر الصعيد شعبان 501","4","7","0","3","6","0","0","4","1000","250","","2023-09-06 15:43:01","2023-09-06","hanan","1");
INSERT INTO zankat VALUES ("666","عماره مصطفي 907-908","4","7","0","3","6","0","0","4","1000","250","","2023-09-06 15:44:06","2023-09-06","hanan","1");
INSERT INTO zankat VALUES ("667","الامير 1293- دريم تكس 3400","4","7","0","3","6","0","0","4","1000","250","","2023-09-07 09:40:43","2023-09-06","","1");
INSERT INTO zankat VALUES ("668","ضي القمر 2006-ام رنا فاشون ","4","7","0","3","6","0","0","4","500","125","","2023-09-07 09:41:08","2023-09-06","hanan","1");
INSERT INTO zankat VALUES ("669","توتي 1136-ام اس 1006","4","6","0","3","6","0","0","4","1000","250","","2023-09-09 09:28:41","2023-09-07","hanan","1");
INSERT INTO zankat VALUES ("670","المليونير 300-المليونير 301","4","6","0","3","6","0","0","4","1000","250","","2023-09-09 09:30:36","2023-09-07","hanan","1");
INSERT INTO zankat VALUES ("671","غلا601-غلا 600","4","6","0","3","6","0","0","4","1000","250","","2023-09-09 09:31:14","2023-09-07","hanan","1");
INSERT INTO zankat VALUES ("672","مس مريم 269-مس مريم 270","4","6","0","3","6","0","0","4","500","125","","2023-09-09 09:32:18","2023-09-07","hanan","1");
INSERT INTO zankat VALUES ("673","المليونير 302-زين العابدين 503","4","6","0","3","6","0","0","4","1000","250","","2023-09-09 09:34:03","2023-09-07","hanan","1");
INSERT INTO zankat VALUES ("674","زين العابدين 504-زين العابدين 505","4","7","0","3","6","0","0","4","1000","250","","2023-09-09 09:35:15","2023-09-07","hanan","1");
INSERT INTO zankat VALUES ("675","التمساح 475-التمساح 315","4","8","0","3","39","0","0","4","1000","250","","2023-09-09 11:17:28","2023-09-09","hanan","1");
INSERT INTO zankat VALUES ("676","كفر فات برجر ","2","8","0","3","48","4","8","4","970","243","","2023-09-09 11:19:27","2023-09-09","","1");
INSERT INTO zankat VALUES ("677","الجوكر 300-الجوكر 200","4","6","0","3","33","0","0","4","500","125","25*30","2023-09-09 16:09:52","2023-09-09","","1");
INSERT INTO zankat VALUES ("678","يوسف رمضان 567-568","4","6","0","3","39","0","0","6","1000","167","","2023-09-09 16:11:32","2023-09-09","hanan","1");
INSERT INTO zankat VALUES ("679","الندي 105-يوسف رمضان 566-569","4","6","0","3","39","0","0","4","1000","250","","2023-09-09 16:12:49","2023-09-09","hanan","1");
INSERT INTO zankat VALUES ("680","مس ايه 1002-مس ايه 1003","4","6","0","3","6","0","0","4","500","125","","2023-09-09 16:13:32","2023-09-09","hanan","1");
INSERT INTO zankat VALUES ("681","مس ايه 1004-1مس ايه 1005","4","6","0","3","6","0","0","4","500","125","","2023-09-09 16:14:10","2023-09-09","hanan","1");
INSERT INTO zankat VALUES ("682","عماره نجيب 522-عماره نجيب 522","4","7","0","3","6","0","0","6","750","125","","2023-09-10 09:40:03","2023-09-09","hanan","1");
INSERT INTO zankat VALUES ("684","فريندس207- فريندس 206","4","7","0","3","39","0","0","4","500","125","","2023-09-10 09:42:15","2023-09-09","hanan","1");
INSERT INTO zankat VALUES ("685","فريندس 208-209","4","7","0","3","39","0","0","4","500","125","","2023-09-10 09:43:21","2023-09-09","hanan","1");
INSERT INTO zankat VALUES ("686","قمرين 116-قمرين 114","4","7","0","3","6","0","0","4","500","125","","2023-09-10 09:45:16","2023-09-09","hanan","1");
INSERT INTO zankat VALUES ("687","ضي القمر 2007-قمرين 117","4","7","0","3","6","0","0","4","500","125","","2023-09-10 09:46:16","2023-09-09","hanan","1");
INSERT INTO zankat VALUES ("688","مس كيان 660-مس كيان 650","4","7","0","3","6","0","0","4","500","125","","2023-09-10 09:47:12","2023-09-09","hanan","1");
INSERT INTO zankat VALUES ("689","t.m.a","4","7","0","3","37","0","0","4","2000","500","","2023-09-10 09:50:07","2023-09-09","hanan","1");
INSERT INTO zankat VALUES ("690","الاشقاء 2023-2023","4","8","0","3","6","0","0","5","2000","400","","2023-09-10 14:10:08","2023-09-10","hanan","1");
INSERT INTO zankat VALUES ("691","الاشقاء 2023-2023","4","8","0","3","6","0","0","4","2000","500","","2023-09-10 14:10:56","2023-09-10","hanan","1");
INSERT INTO zankat VALUES ("692","ان ام 2112-الامير 1294","4","6","0","3","6","0","0","4","1000","250","","2023-09-10 14:13:17","2023-09-10","hanan","1");
INSERT INTO zankat VALUES ("693","الامير 1295-برازر 1036","4","6","0","3","6","0","0","6","1000","167","","2023-09-10 14:14:03","2023-09-10","hanan","1");
INSERT INTO zankat VALUES ("694","فاملي السجاعي 785-فاملي شعبان6291 ","4","6","0","3","6","0","0","4","1000","250","","2023-09-10 14:15:26","2023-09-10","hanan","1");
INSERT INTO zankat VALUES ("695","جميله 6000-جميله 60014","4","6","0","3","39","0","0","4","500","125","","2023-09-10 17:30:13","2023-09-10","hanan","1");
INSERT INTO zankat VALUES ("696","فادي كلاس 1000-1000","4","6","0","3","6","0","0","4","1000","250","","2023-09-10 17:30:46","2023-09-10","hanan","1");
INSERT INTO zankat VALUES ("697","قمرين 118-الياسمين 108","4","6","0","3","6","0","0","4","500","125","","2023-09-10 17:31:23","2023-09-10","hanan","1");
INSERT INTO zankat VALUES ("698","كارما 131-كارما 129","4","6","0","3","6","0","0","4","500","125","","2023-09-10 17:31:57","2023-09-10","hanan","1");
INSERT INTO zankat VALUES ("699","السجاعي 789-السجاعي 788","4","7","0","3","6","0","0","4","1000","250","","2023-09-10 17:36:18","2023-09-10","hanan","1");
INSERT INTO zankat VALUES ("700","فاملي السجاعي 790-فاملي السجاعي 791","4","7","0","3","6","0","0","4","1000","250","","2023-09-10 17:37:23","2023-09-10","hanan","1");
INSERT INTO zankat VALUES ("701","فاملي السجاعي 792-فاملي السجاعي 793","4","7","0","3","6","0","0","4","1000","250","","2023-09-10 17:37:59","2023-09-10","hanan","1");
INSERT INTO zankat VALUES ("702","الباشا 704-فاملي السجاعي 794","4","7","0","3","6","0","0","4","1000","250","","2023-09-10 17:38:33","2023-09-10","hanan","1");
INSERT INTO zankat VALUES ("703","التمساح 315- التمساح 315","4","7","0","3","39","0","0","4","1000","250","","2023-09-10 17:39:22","2023-09-10","","1");
INSERT INTO zankat VALUES ("704","ديلي بوكس زبده ","1","8","0","3","15","0","0","4","2000","500","","2023-09-10 17:43:12","2023-09-10","hanan","1");
INSERT INTO zankat VALUES ("705","ديلي بوكس ورق سلفر ","2","8","0","3","26","0","0","4","1000","250","","2023-09-10 17:44:14","2023-09-10","hanan","1");
INSERT INTO zankat VALUES ("706","المصرين 270-271","4","7","0","3","6","0","0","6","500","84","","2023-09-11 09:36:53","2023-09-10","hanan","1");
INSERT INTO zankat VALUES ("707","فاملي ابو العنين90-87","4","7","0","3","6","0","0","4","1000","250","","2023-09-11 09:40:07","2023-09-10","hanan","1");
INSERT INTO zankat VALUES ("708","فاملي ابو العنين 97-98","4","7","0","3","6","0","0","4","1000","250","","2023-09-11 09:40:40","2023-09-10","","1");
INSERT INTO zankat VALUES ("709","فاملي شعبان 6290-التوحيد 665","4","7","0","3","6","0","0","4","500","125","","2023-09-11 09:41:35","2023-09-10","hanan","1");
INSERT INTO zankat VALUES ("710","مس حنين 1073-فاملي شهاب 201","4","7","0","3","6","0","0","4","1000","250","","2023-09-11 09:42:27","2023-09-10","hanan","1");
INSERT INTO zankat VALUES ("713","e.s فاشون 202-203","4","7","0","3","6","0","0","4","500","125","","2023-09-11 09:57:16","2023-09-10","hanan","1");
INSERT INTO zankat VALUES ("715","نورا كيدز 1004-1005","4","6","0","3","6","0","0","6","1000","167","","2023-09-11 14:35:43","2023-09-11","hanan","1");
INSERT INTO zankat VALUES ("716","بونجور 1018- حرحيره 327","4","6","0","3","6","0","0","4","500","125","","2023-09-11 14:36:29","2023-09-11","hanan","1");
INSERT INTO zankat VALUES ("717","بونجور 1017-ورده 120","4","6","0","3","6","0","0","4","1000","250","","2023-09-11 14:37:17","2023-09-11","hanan","1");
INSERT INTO zankat VALUES ("718","بونجور 1016-بونجور 1015","4","6","0","3","6","0","0","4","1000","250","","2023-09-11 14:38:52","2023-09-11","hanan","1");
INSERT INTO zankat VALUES ("719","مس مريم 271-مس مريم 272","4","7","0","3","6","0","0","4","500","125","","2023-09-11 16:35:28","2023-09-11","hanan","1");
INSERT INTO zankat VALUES ("720","الندي 307-لافندر 200","4","7","0","3","6","0","0","4","1000","250","","2023-09-11 17:30:37","2023-09-11","hanan","1");
INSERT INTO zankat VALUES ("721","ضي القمر 2008-ام اتش 1013","4","7","0","3","6","0","0","4","500","125","","2023-09-11 17:31:36","2023-09-11","hanan","1");
INSERT INTO zankat VALUES ("722","الامير 1293-الامير 1296-يوسف رمضان 570-الادهم 3044","4","7","0","3","6","0","0","4","1000","250","","2023-09-11 17:57:11","2023-09-11","hanan","1");
INSERT INTO zankat VALUES ("723","الاشقاء 2023-الاشقاء 2023","4","8","0","3","6","0","0","4","2000","500","","2023-09-11 18:00:08","2023-09-11","hanan","1");
INSERT INTO zankat VALUES ("724","ان ام ك 2113-2114","4","7","0","3","6","0","0","4","1000","250","","2023-09-12 09:57:28","2023-09-11","hanan","1");
INSERT INTO zankat VALUES ("725","عز الشام زبده","1","8","0","3","15","0","0","6","60000","10000","","2023-09-12 10:01:19","2023-09-11","hanan","1");
INSERT INTO zankat VALUES ("726","الباشا 704-سندريلا 7095","4","6","0","3","6","0","0","4","1000","250","","2023-09-12 14:04:52","2023-09-12","hanan","1");
INSERT INTO zankat VALUES ("727","حرحيره 800- قمرين 119","4","6","0","3","6","0","0","4","500","125","","2023-09-12 14:06:03","2023-09-12","hanan","1");
INSERT INTO zankat VALUES ("728","مس لين 60-مس لين 70","4","6","0","3","6","0","0","4","2000","500","","2023-09-12 14:06:34","2023-09-12","hanan","1");
INSERT INTO zankat VALUES ("729","14 سبورت ","3","7","0","7","49","4","8","1","1000","1000","تكسير+لزق ","2023-09-12 14:10:46","2023-09-12","hanan","1");
INSERT INTO zankat VALUES ("730","الامير 1297-k j 601","4","7","0","3","6","0","0","4","1000","250","","2023-09-12 17:44:40","2023-09-12","hanan","1");
INSERT INTO zankat VALUES ("731","لولي 600-الفريده 500","4","7","0","3","6","0","0","4","2000","500","","2023-09-12 17:46:02","2023-09-12","hanan","1");
INSERT INTO zankat VALUES ("732","الياسمين 2109-المستقبل جروب 2154","4","7","0","3","6","0","0","4","1000","250","","2023-09-12 17:46:38","2023-09-12","hanan","1");
INSERT INTO zankat VALUES ("733","تاليا 173-تاليا 174","4","7","0","3","6","0","0","4","1000","250","","2023-09-12 17:47:07","2023-09-12","hanan","1");
INSERT INTO zankat VALUES ("734","زين العابدين 508-507","4","7","0","3","6","0","0","4","1000","250","","2023-09-12 17:47:45","2023-09-12","hanan","1");
INSERT INTO zankat VALUES ("736","t.m.a 2-3-5-7","4","6","0","3","40","0","0","4","4000","1000","","2023-09-13 17:43:54","2023-09-13","hanan","1");
INSERT INTO zankat VALUES ("737","tp","2","6","0","3","10","6","8","6","1000","167","سلوفان مط + تكسير + لزق ","2023-09-13 18:04:20","2023-09-13","","1");
INSERT INTO zankat VALUES ("738","جنه استايل 201- التركاوي جروب ","4","6","0","3","6","0","0","4","1000","250","","2023-09-13 18:05:24","2023-09-13","hanan","1");
INSERT INTO zankat VALUES ("739","الندي 308","4","6","0","3","6","0","0","4","1000","250","","2023-09-13 18:06:29","2023-09-13","hanan","1");
INSERT INTO zankat VALUES ("740","حورس كيدز ","4","6","0","3","19","8","8","4","1000","250","","2023-09-13 18:11:49","2023-09-13","hanan","1");
INSERT INTO zankat VALUES ("741","مس لينا ","4","6","0","3","19","8","8","4","1000","250","","2023-09-13 18:15:40","2023-09-13","hanan","1");
INSERT INTO zankat VALUES ("742","علبة ديلي بوكس ","2","7","0","7","59","4","8","1","1000","1000","","2023-09-13 18:30:34","2023-09-13","hanan","1");
INSERT INTO zankat VALUES ("743","العهد 973-ابو زيد 202","4","7","0","3","6","0","0","4","500","125","","2023-09-14 09:56:49","2023-09-13","hanan","1");
INSERT INTO zankat VALUES ("744","مس لين 515-حرحيره 328","4","7","0","3","6","0","0","4","1000","250","","2023-09-14 09:58:15","2023-09-13","hanan","1");
INSERT INTO zankat VALUES ("745","زين العابدبن 509- زين الابدين 510","4","7","0","3","6","0","0","4","1000","250","","2023-09-14 09:59:15","2023-09-13","hanan","1");
INSERT INTO zankat VALUES ("746","ام زد رجب ","4","6","0","3","9","3","5","4","1000","250","","2023-09-14 13:51:53","2023-09-14","hanan","1");
INSERT INTO zankat VALUES ("747","السجاعي 795-يارا 1140","4","6","0","3","6","0","0","4","1000","250","","2023-09-14 13:52:47","2023-09-14","hanan","1");
INSERT INTO zankat VALUES ("748","حرحيره 16-يارا 142","4","6","0","3","6","0","0","6","1000","167","","2023-09-14 13:54:26","2023-09-14","hanan","1");
INSERT INTO zankat VALUES ("749","ورق زبده فات برجر ","1","8","0","3","15","0","0","4","2000","500","","2023-09-14 13:56:29","2023-09-14","hanan","1");
INSERT INTO zankat VALUES ("753","ان ام 2116-2115","4","7","0","3","6","0","0","4","1000","250","","2023-09-16 10:02:25","2023-09-14","hanan","1");
INSERT INTO zankat VALUES ("754","ان ام 2117-الامير 1298","4","7","0","3","6","0","0","4","1000","250","","2023-09-16 10:03:12","2023-09-14","hanan","1");
INSERT INTO zankat VALUES ("755","الامير 1299-نورا كيدز 1006","4","7","0","3","6","0","0","6","1000","167","","2023-09-16 10:05:05","2023-09-14","hanan","1");
INSERT INTO zankat VALUES ("756","الندي لاشين 106 ","4","7","0","3","39","0","0","4","500","125","","2023-09-16 10:06:49","2023-09-14","hanan","1");
INSERT INTO zankat VALUES ("757","جميله 237-نرومين ونادين 115","4","7","0","3","6","0","0","4","500","125","","2023-09-16 10:08:16","2023-09-14","hanan","1");
INSERT INTO zankat VALUES ("758","ان ام 2093- السلوي 615","4","7","0","3","6","0","0","4","1000","250","","2023-09-16 10:12:40","2023-09-14","hanan","1");
INSERT INTO zankat VALUES ("759","الغندور 2010-2007","4","7","0","3","6","0","0","4","500","125","","2023-09-16 10:14:22","2023-09-14","hanan","1");
INSERT INTO zankat VALUES ("760","برازر 1051-حورس 801-الوحش 1500","4","7","0","3","6","0","0","4","1000","250","","2023-09-16 10:15:16","2023-09-14","hanan","1");
INSERT INTO zankat VALUES ("761","ام زد 294-295","4","6","0","3","6","0","0","4","500","125","","2023-09-16 15:40:05","2023-09-16","hanan","1");
INSERT INTO zankat VALUES ("762","براز السيد 1035-","4","6","0","3","6","0","0","6","1000","167","","2023-09-16 15:46:00","2023-09-16","hanan","1");
INSERT INTO zankat VALUES ("763","الياسمين 2232- برازر السيد 1035","4","6","0","3","6","0","0","6","1000","167","","2023-09-16 15:46:42","2023-09-16","hanan","1");
INSERT INTO zankat VALUES ("764","سالم رانسي 7004","4","6","0","3","6","0","0","4","1500","375","","2023-09-16 15:47:55","2023-09-16","","1");
INSERT INTO zankat VALUES ("765","مؤسسه الرحمه 505- نيو مارينا 110","4","6","0","3","6","0","0","6","1000","167","","2023-09-16 15:48:32","2023-09-16","hanan","1");
INSERT INTO zankat VALUES ("766","مس مريم 274-273","4","6","0","3","6","0","0","4","500","125","","2023-09-16 15:49:16","2023-09-16","hanan","1");
INSERT INTO zankat VALUES ("767","مس مريم 276-مس مريم 275","4","6","0","3","6","0","0","4","500","125","","2023-09-16 15:49:43","2023-09-16","hanan","1");
INSERT INTO zankat VALUES ("768","كي جي 602-جو يوسف 567","4","6","0","3","6","0","0","4","1000","250","","2023-09-16 15:50:28","2023-09-16","hanan","1");
INSERT INTO zankat VALUES ("769","وافل ميكس حلو ","1","7","0","3","22","4","8","4","500","125","","2023-09-16 15:51:19","2023-09-16","hanan","1");
INSERT INTO zankat VALUES ("770","امير الزمان 900-905","4","7","0","3","8","3","5","4","500","125","","2023-09-16 15:51:52","2023-09-16","hanan","1");
INSERT INTO zankat VALUES ("771","حرحيره 321-رانسي 205","4","7","0","3","6","0","0","4","500","125","","2023-09-16 15:52:16","2023-09-16","hanan","1");
INSERT INTO zankat VALUES ("772","t.m.a","4","7","0","3","39","0","0","4","1000","250","","2023-09-17 09:42:33","2023-09-16","hanan","1");
INSERT INTO zankat VALUES ("773","الباشا 705-فاملي غبدالله 301","4","7","0","3","6","0","0","4","1000","250","","2023-09-17 09:43:18","2023-09-16","hanan","1");
INSERT INTO zankat VALUES ("775"," العهد 974-ضي القمر 2009","4","7","0","3","6","0","0","4","500","125","","2023-09-17 09:45:58","2023-09-16","hanan","1");
INSERT INTO zankat VALUES ("776","نمبر وان 909-نمبر وان 008","4","7","0","3","0","0","0","4","500","125","","2023-09-17 09:46:37","2023-09-16","hanan","1");
INSERT INTO zankat VALUES ("777","مريومه 90-مس حنين 1074","4","7","0","3","6","0","0","4","1000","250","","2023-09-17 09:47:09","2023-09-16","hanan","1");
INSERT INTO zankat VALUES ("778","مس لين 100-مس لين 110","4","7","0","3","6","0","0","4","1000","250","","2023-09-17 09:47:40","2023-09-16","hanan","1");
INSERT INTO zankat VALUES ("779","  احمد رافت شنطه","1","7","0","3","59","4","8","4","300","75","تكسير مع الغاء الريجا الي فوق والزونب","2023-09-17 09:51:37","2023-09-16","","1");
INSERT INTO zankat VALUES ("780","h.a 100-ام زد 286","4","7","0","3","6","0","0","4","500","125","","2023-09-17 15:41:51","2023-09-17","hanan","1");
INSERT INTO zankat VALUES ("781","المليونير 304-المليونير 303","4","7","0","3","6","0","0","4","1000","250","","2023-09-17 15:42:27","2023-09-17","hanan","1");
INSERT INTO zankat VALUES ("782","المليونير 306-المليونير 305","4","7","0","3","6","0","0","4","1000","250","","2023-09-17 15:43:07","2023-09-17","hanan","1");
INSERT INTO zankat VALUES ("783","المليونير 307- المليونير 308","4","7","0","3","6","0","0","4","1000","250","","2023-09-17 15:43:51","2023-09-17","hanan","1");
INSERT INTO zankat VALUES ("784","غلا 602- غلا 603","4","7","0","3","6","0","0","4","1000","250","","2023-09-17 15:44:16","2023-09-17","hanan","1");
INSERT INTO zankat VALUES ("785","مس لين 20- مكهه ستار -h.a 110","4","7","0","3","6","0","0","4","1000","250","","2023-09-17 15:45:34","2023-09-17","hanan","1");
INSERT INTO zankat VALUES ("786","مس مريومه 277- h.a 105","4","7","0","3","6","0","0","6","1000","167","","2023-09-17 15:46:37","2023-09-17","hanan","1");
INSERT INTO zankat VALUES ("787","هابي فيس ","4","8","0","3","6","0","0","5","1500","300","","2023-09-17 15:48:17","2023-09-17","hanan","1");
INSERT INTO zankat VALUES ("789","امجاد ","4","8","0","3","57","0","0","6","3000","500","","2023-09-17 16:38:27","2023-09-17","","1");
INSERT INTO zankat VALUES ("790","جميله 6004-جميله 6003","4","7","0","3","39","0","0","4","500","125","","2023-09-17 17:36:14","2023-09-17","hanan","1");
INSERT INTO zankat VALUES ("791","حور الشام 316- حور الشام 315","4","7","0","3","6","0","0","4","500","125","","2023-09-17 17:36:50","2023-09-17","hanan","1");
INSERT INTO zankat VALUES ("792","مسه تكس 87- لمسه تكس 86","4","7","0","3","6","0","0","4","500","125","","2023-09-17 17:37:34","2023-09-17","hanan","1");
INSERT INTO zankat VALUES ("793","t.p  شنطه ","2","6","0","3","0","4","0","6","0","0","سلوفان مط  تكسير + تلزيق ","2023-09-17 17:40:24","2023-09-17","hanan","1");
INSERT INTO zankat VALUES ("794","المسيري ظرف  وجهين  ","2","7","0","7","10","6","0","1","300","300","سلوفان مط + بصمه ","2023-09-17 17:44:47","2023-09-17","","1");
INSERT INTO zankat VALUES ("795","القمه 1103- مكه ستار ","4","7","0","3","6","0","0","4","500","125","","2023-09-18 09:43:48","2023-09-17","hanan","1");
INSERT INTO zankat VALUES ("796","جميله 6002-الصفوه 100","4","7","0","3","6","0","0","4","500","125","","2023-09-18 09:46:02","2023-09-17","hanan","1");
INSERT INTO zankat VALUES ("797","زين العابدين 511- مس لين 140","4","7","0","3","6","0","0","4","1000","250","","2023-09-18 09:48:01","2023-09-17","hanan","1");
INSERT INTO zankat VALUES ("798"," عماره كيدز 524- عماره كيدز 523","4","7","0","3","6","0","0","6","1000","167","","2023-09-18 09:49:59","2023-09-17","hanan","1");
INSERT INTO zankat VALUES ("799","فاملي ابو العنين 303- جنه استايل 202-جنه استايل 203","4","7","0","3","6","0","0","4","1000","250","","2023-09-18 09:52:57","2023-09-17","hanan","1");
INSERT INTO zankat VALUES ("800","موديل حبيبه ","4","7","0","3","6","0","0","4","1000","250","","2023-09-18 09:54:48","2023-09-17","hanan","1");
INSERT INTO zankat VALUES ("801","موديل حنين ","4","7","0","3","6","0","0","4","1000","250","","2023-09-18 09:55:30","2023-09-17","hanan","1");
INSERT INTO zankat VALUES ("802"," توتي 1137-فاملي السجاعي 767","4","6","0","3","6","0","0","4","1000","250","","2023-09-18 13:52:42","2023-09-18","hanan","1");
INSERT INTO zankat VALUES ("803","e.s صبري 202- حورس 802- دالين 1049","4","6","0","3","6","0","0","4","1000","250","","2023-09-18 14:21:26","2023-09-18","hanan","1");
INSERT INTO zankat VALUES ("804","دريم 3300","4","8","0","3","6","0","0","4","1000","250","","2023-09-18 14:53:28","2023-09-18","hanan","1");
INSERT INTO zankat VALUES ("805","ان ام 2100- الامير 1300","4","6","0","3","6","0","0","4","1000","250","","2023-09-18 14:56:19","2023-09-18","hanan","1");
INSERT INTO zankat VALUES ("806","طيور بيروت 104-زمزم 1119","4","6","0","3","6","0","0","4","1000","250","","2023-09-18 14:57:49","2023-09-18","hanan","1");
INSERT INTO zankat VALUES ("807","t.m.a -4047 t.m.a","4","7","0","3","39","0","0","4","1000","250","","2023-09-19 09:42:23","2023-09-18","hanan","1");
INSERT INTO zankat VALUES ("808","الادهم مصطفي - نورا كيدز 1007","4","7","0","3","6","0","0","6","1000","167","","2023-09-19 09:43:12","2023-09-18","hanan","1");
INSERT INTO zankat VALUES ("809","kj انس 603- الادهم مصطفي ","4","7","0","3","6","0","0","4","1000","250","","2023-09-19 09:43:50","2023-09-18","hanan","1");
INSERT INTO zankat VALUES ("810","مس حنين 1075- عماره جروب 910","4","7","0","3","6","0","0","4","500","125","","2023-09-19 09:44:36","2023-09-18","hanan","1");
INSERT INTO zankat VALUES ("811","ظرف المسيري ","2","7","0","7","10","4","0","1","250","250","مط وبصمه","2023-09-19 12:31:42","2023-09-19","hanan","1");
INSERT INTO zankat VALUES ("812","ان ام 2100-الامير 1301","4","7","0","3","6","0","0","4","1000","250","","2023-09-19 13:27:04","2023-09-19","","1");
INSERT INTO zankat VALUES ("813","اس ام 118-اس ام 119","4","7","0","3","6","0","0","4","1000","250","","2023-09-19 13:27:36","2023-09-19","","1");
INSERT INTO zankat VALUES ("814","الصفوه 101- الصفوه 102","4","7","0","3","6","0","0","4","1000","250","","2023-09-19 13:28:36","2023-09-19","","1");
INSERT INTO zankat VALUES ("815","ام زد 161-ام زد 162","4","7","0","3","6","0","0","4","1000","250","","2023-09-19 13:29:57","2023-09-19","","1");
INSERT INTO zankat VALUES ("816","ام زد 163- ام زد 164","4","7","0","3","6","0","0","4","1000","250","","2023-09-19 13:30:26","2023-09-19","","1");
INSERT INTO zankat VALUES ("818","ام زد رجب ","4","7","0","3","9","3","5","4","1000","250","ريجا ","2023-09-19 13:41:49","2023-09-19","hanan","1");
INSERT INTO zankat VALUES ("819","ام زد رجب 296- ام زد رجب 297","4","7","0","3","6","0","0","4","500","125","","2023-09-19 13:42:35","2023-09-19","hanan","1");
INSERT INTO zankat VALUES ("820","الرياض 100-الرياض101","4","6","0","3","6","0","0","4","1000","250","","2023-09-19 14:33:57","2023-09-19","","1");
INSERT INTO zankat VALUES ("821","عماره كيدز 525- عماره كيدز 526","4","6","0","3","6","0","0","6","1000","167","","2023-09-19 14:34:57","2023-09-19","","1");
INSERT INTO zankat VALUES ("822","عماره كيدز 526-ام زد 291","4","6","0","3","6","0","0","4","500","125","","2023-09-19 14:36:28","2023-09-19","","1");
INSERT INTO zankat VALUES ("823","الباشا 706-فاملي شعبان 6292","4","6","0","3","6","0","0","4","1000","250","","2023-09-19 15:11:53","2023-09-19","","1");
INSERT INTO zankat VALUES ("824","الفريده 600-الفريده 500","4","7","0","3","6","0","0","4","1000","250","","2023-09-19 17:29:25","2023-09-19","","1");
INSERT INTO zankat VALUES ("825","مس لين 90-مس لين 30","4","7","0","3","6","0","0","4","1000","250","","2023-09-19 17:31:01","2023-09-19","","1");
INSERT INTO zankat VALUES ("826","زين العابدين 512- لؤلؤه نجد 633","4","7","0","3","6","0","0","4","1000","250","","2023-09-19 17:34:49","2023-09-19","hanan","1");
INSERT INTO zankat VALUES ("827","الفراعنه ","4","8","0","3","6","0","0","4","2000","500","","2023-09-20 09:40:51","2023-09-19","hanan","1");
INSERT INTO zankat VALUES ("828","سندريلا 7100-فاميلي شعبان 6293","4","7","0","3","6","0","0","4","500","125","","2023-09-20 09:41:24","2023-09-19","hanan","1");
INSERT INTO zankat VALUES ("829","المجد 615-عماره 911","4","7","0","3","6","0","0","4","1000","250","","2023-09-20 09:41:49","2023-09-19","hanan","1");
INSERT INTO zankat VALUES ("830","بونجور ابو زيد 1019-زمز 1113-1120","4","7","0","3","6","0","0","4","1000","250","","2023-09-20 12:10:35","2023-09-20","hanan","1");
INSERT INTO zankat VALUES ("831","الادهم ابراهيم 3044- التمساح 475","4","7","0","3","6","0","0","4","1000","250","","2023-09-20 14:21:52","2023-09-20","hanan","1");
INSERT INTO zankat VALUES ("832","كلاوديا هولدر 2 عين ","1","7","0","3","22","4","8","6","1000","167","","2023-09-20 14:25:16","2023-09-20","hanan","1");
INSERT INTO zankat VALUES ("833","كلاوديا هولدر 4 عين ","1","7","0","3","22","4","8","4","500","125","","2023-09-20 14:25:53","2023-09-20","hanan","1");
INSERT INTO zankat VALUES ("835","زوسكا فلاير ","4","7","0","3","8","0","0","5","250","50","طبع وقلب ","2023-09-20 14:31:54","2023-09-20","","1");
INSERT INTO zankat VALUES ("836","برازر السيد 1035","4","8","0","3","6","0","0","6","1000","167","","2023-09-20 14:37:02","2023-09-20","hanan","1");
INSERT INTO zankat VALUES ("837","منيو زوسكا ","4","7","0","3","8","0","0","4","500","125","طبع وقلب  ","2023-09-20 15:05:26","2023-09-20","hanan","1");
INSERT INTO zankat VALUES ("838","التنين 571- زين العابدين 513","4","7","0","3","6","0","0","4","1000","250","","2023-09-20 18:04:58","2023-09-20","hanan","1");
INSERT INTO zankat VALUES ("839","العهد 975-عماره محمود 912","4","7","0","3","6","0","0","4","500","125","","2023-09-20 18:05:27","2023-09-20","hanan","1");
INSERT INTO zankat VALUES ("840","كارما فاشون 133-134","4","7","0","3","6","0","0","4","500","125","","2023-09-20 18:05:46","2023-09-20","hanan","1");
INSERT INTO zankat VALUES ("841","الدوليه ضهر ","4","7","0","3","9","12","5","4","510","13","","2023-09-20 18:08:30","2023-09-20","hanan","1");
INSERT INTO zankat VALUES ("842","الدوليه وش ","4","7","0","3","9","12","5","4","0","0","","2023-09-20 18:09:01","2023-09-20","hanan","1");
INSERT INTO zankat VALUES ("843","الدوليه غلاف ","4","7","0","3","11","12","5","4","260","65","طبع وقلب +مط سبوت+ريجا","2023-09-20 18:10:06","2023-09-20","","1");
INSERT INTO zankat VALUES ("844","المسيري جروب ","2","7","0","7","43","0","0","1","0","0","","2023-09-21 09:54:24","2023-09-20","hanan","1");
INSERT INTO zankat VALUES ("845","الادهم ابراهيم 3025-3053","4","6","0","3","6","0","0","6","500","84","","2023-09-21 17:30:53","2023-09-21","hanan","1");
INSERT INTO zankat VALUES ("846","زمزم 1113-التنين 572- مكه ستار ","4","6","0","3","6","0","0","4","1000","250","","2023-09-21 17:34:13","2023-09-21","","1");
INSERT INTO zankat VALUES ("847","نورا كيدز 1008-1004","4","6","0","3","6","0","0","6","1000","167","","2023-09-21 17:34:38","2023-09-21","","1");
INSERT INTO zankat VALUES ("848","ورق زبده ","3","8","0","3","15","0","0","5","2000","400","","2023-09-21 17:35:55","2023-09-21","hanan","1");
INSERT INTO zankat VALUES ("849","الاشقاء 2023","4","8","0","3","6","0","0","5","2000","400","","2023-09-21 17:36:27","2023-09-21","hanan","1");
INSERT INTO zankat VALUES ("850","حرحيره 15","4","8","0","3","6","0","0","6","1000","167","","2023-09-21 17:37:00","2023-09-21","hanan","1");
INSERT INTO zankat VALUES ("851","الدوليه غلاف ","4","7","0","3","11","12","0","4","260","65","طبع وقلب +مط سبوت+ريجا","2023-09-21 17:40:17","2023-09-21","hanan","1");
INSERT INTO zankat VALUES ("852","الندي309","4","7","0","3","6","0","0","4","1000","250","","2023-09-21 17:41:54","2023-09-21","hanan","1");
INSERT INTO zankat VALUES ("853","البدراوي 1138-ستايل جنه 204","4","7","0","6","6","0","0","4","1000","250","","2023-09-21 18:01:51","2023-09-21","hanan","1");
INSERT INTO zankat VALUES ("855","حرحيره 329-القمه 104","4","7","0","3","6","0","0","4","500","125","","2023-09-21 18:05:21","2023-09-21","hanan","1");
INSERT INTO zankat VALUES ("856","الجوكر 403-502","4","7","0","3","6","0","0","4","500","125","","2023-09-23 09:37:30","2023-09-21","hanan","1");
INSERT INTO zankat VALUES ("858","لمسه تكس 88-عماره جروب 913","4","7","0","3","6","0","0","4","500","125","","2023-09-23 09:40:04","2023-09-21","hanan","1");
INSERT INTO zankat VALUES ("859","الياسمين 2232-الامير 1302","4","6","0","3","6","0","0","6","1000","167","","2023-09-23 17:22:19","2023-09-23","hanan","1");
INSERT INTO zankat VALUES ("860","حرحيره 237- الفريده 700","4","6","0","3","6","0","0","4","1000","250","","2023-09-23 17:23:42","2023-09-23","hanan","1");
INSERT INTO zankat VALUES ("861","اس ام 110- طيور بيروت 105","4","6","0","3","6","0","0","4","1000","250","","2023-09-23 17:24:05","2023-09-23","hanan","1");
INSERT INTO zankat VALUES ("862","قمرين 121-120","4","6","0","3","6","0","0","4","500","125","","2023-09-23 17:24:26","2023-09-23","hanan","1");
INSERT INTO zankat VALUES ("863","روان 695-696","4","6","0","4","6","0","0","4","0","0","","2023-09-23 17:25:02","2023-09-23","hanan","1");
INSERT INTO zankat VALUES ("864","فاميلي شهاب 195- زين العابدين 514","4","7","0","3","6","0","0","4","500","125","","2023-09-23 17:28:01","2023-09-23","hanan","1");
INSERT INTO zankat VALUES ("865","الاشقا 2023","4","7","0","3","6","0","0","4","1000","250","","2023-09-24 09:28:19","2023-09-23","hanan","1");
INSERT INTO zankat VALUES ("866","العهد 976-مكه سولي ","4","7","0","3","6","0","0","4","500","125","","2023-09-24 09:28:54","2023-09-23","hanan","1");
INSERT INTO zankat VALUES ("867","الريف الدمشقي ","2","8","0","3","47","4","8","4","3000","750","","2023-09-24 13:46:07","2023-09-24","hanan","1");
INSERT INTO zankat VALUES ("868","القمه 105-ام زد رجب 300","4","6","0","3","6","0","0","4","500","125","","2023-09-24 14:03:42","2023-09-24","hanan","1");
INSERT INTO zankat VALUES ("869","ام زد 292-287","4","6","0","3","6","0","0","4","1000","250","","2023-09-24 14:04:04","2023-09-24","hanan","1");
INSERT INTO zankat VALUES ("870","ام  زد رجب 299-298","4","6","0","3","6","0","0","4","500","125","","2023-09-24 14:04:38","2023-09-24","hanan","1");
INSERT INTO zankat VALUES ("871","لالامير 1304- ام عادل 165","4","6","0","3","6","0","0","4","1000","250","","2023-09-24 14:05:29","2023-09-24","hanan","1");
INSERT INTO zankat VALUES ("872","مؤسسه الرحمه  506-504","4","6","0","3","6","0","0","6","1000","167","","2023-09-24 14:06:16","2023-09-24","hanan","1");
INSERT INTO zankat VALUES ("873","مس مريم 278- 738","4","6","0","3","6","0","0","6","1000","167","","2023-09-24 14:06:55","2023-09-24","hanan","1");
INSERT INTO zankat VALUES ("874","القمه 522-521","4","6","0","3","6","0","0","6","1000","167","","2023-09-24 14:07:31","2023-09-24","hanan","1");
INSERT INTO zankat VALUES ("875","الياسمين 2240- برازر سندريلا 1035","4","6","0","3","6","0","0","6","1000","167","","2023-09-24 14:08:05","2023-09-24","hanan","1");
INSERT INTO zankat VALUES ("876","جنه ستايل 205-الامير 1303","4","6","0","3","6","0","0","4","1000","250","","2023-09-24 14:08:37","2023-09-24","hanan","1");
INSERT INTO zankat VALUES ("877","جميله 239-238","4","7","0","3","6","0","0","4","500","125","","2023-09-24 17:22:21","2023-09-24","hanan","1");
INSERT INTO zankat VALUES ("878","ساحره بيروت 1000-1001","4","7","0","3","6","0","0","4","500","125","","2023-09-24 17:22:58","2023-09-24","hanan","1");
INSERT INTO zankat VALUES ("879","ساحره بيروت 1002-1003","4","7","0","3","6","0","0","4","500","125","","2023-09-24 17:23:18","2023-09-24","hanan","1");
INSERT INTO zankat VALUES ("880","مكه ستار 641- لافندر201","4","7","0","3","6","0","0","4","1000","250","","2023-09-24 17:23:50","2023-09-24","hanan","1");
INSERT INTO zankat VALUES ("881","التمساح 505","4","7","0","3","39","0","0","4","1000","250","","2023-09-25 09:42:29","2023-09-24","hanan","1");
INSERT INTO zankat VALUES ("882","التمساح 645-700","4","7","0","3","39","0","0","4","1000","250","","2023-09-25 09:43:35","2023-09-24","hanan","1");
INSERT INTO zankat VALUES ("883","e s صبري 207-203","4","6","0","3","6","0","0","4","500","125","","2023-09-25 18:53:10","2023-09-25","hanan","1");
INSERT INTO zankat VALUES ("884","ان ام 2091-2118","4","6","0","3","6","0","0","4","1000","250","","2023-09-25 18:53:30","2023-09-25","hanan","1");
INSERT INTO zankat VALUES ("885","حرحيره 331-حور الشام 320","4","6","0","3","6","0","0","4","500","125","","2023-09-25 18:53:58","2023-09-25","hanan","1");
INSERT INTO zankat VALUES ("886","دريم تكس 3300-3400-حور الشام 318","4","6","0","3","6","0","0","4","1000","250","","2023-09-25 18:54:25","2023-09-25","hanan","1");
INSERT INTO zankat VALUES ("887","ضي القمر 2010-الياسمين 113","4","6","0","3","6","0","0","4","500","125","","2023-09-25 18:55:08","2023-09-25","hanan","1");
INSERT INTO zankat VALUES ("888","فاميلي شهاب 500-ام اتش 1014","4","6","0","3","6","0","0","4","500","125","","2023-09-25 18:56:13","2023-09-25","hanan","1");
INSERT INTO zankat VALUES ("889","مس لين شريط ","4","6","0","3","6","0","0","4","500","125","قص ف المطبعه عندنا ","2023-09-25 18:58:25","2023-09-25","hanan","1");
INSERT INTO zankat VALUES ("890","نرمين ونادين 101- قمرين 122","4","6","0","3","6","0","0","4","500","125","","2023-09-25 18:58:52","2023-09-25","hanan","1");
INSERT INTO zankat VALUES ("891","السجاعي 797-796","4","7","0","3","6","0","0","4","1000","250","","2023-09-25 18:59:30","2023-09-25","hanan","1");
INSERT INTO zankat VALUES ("892","السجاعي 799-798","4","7","0","3","6","0","0","4","1000","250","","2023-09-25 19:00:30","2023-09-25","hanan","1");
INSERT INTO zankat VALUES ("893","السجاعي 8001-802","4","7","0","3","6","0","0","4","1000","250","","2023-09-25 19:00:46","2023-09-25","hanan","1");
INSERT INTO zankat VALUES ("894","السجاعي 804-803","4","7","0","3","6","0","0","4","1000","250","","2023-09-25 19:01:03","2023-09-25","hanan","1");
INSERT INTO zankat VALUES ("895","السجاعي 806-805","4","7","0","3","6","0","0","4","1000","250","","2023-09-25 19:01:24","2023-09-25","hanan","1");
INSERT INTO zankat VALUES ("896","السجاعي 807-808","4","7","0","3","6","0","0","4","1000","250","","2023-09-25 19:01:54","2023-09-25","hanan","1");
INSERT INTO zankat VALUES ("897","السجاعي 304-302","4","7","0","3","6","0","0","4","1000","250","","2023-09-25 19:02:38","2023-09-25","hanan","1");
INSERT INTO zankat VALUES ("898","المسيري ورق كريمي ","1","7","0","3","60","0","0","4","0","0","","2023-09-25 19:03:50","2023-09-25","hanan","1");
INSERT INTO zankat VALUES ("899","التمساح 475-315","4","8","0","3","39","0","0","4","1000","250","","2023-09-25 19:04:25","2023-09-25","hanan","1");
INSERT INTO zankat VALUES ("900","مس فرح 44-المستقبل 2161","4","7","0","3","6","0","0","4","500","125","","2023-09-26 09:42:24","2023-09-25","hanan","1");
INSERT INTO zankat VALUES ("901","السجاعي 809-ابو بانه 250","4","7","0","3","6","0","0","4","1000","250","","2023-09-26 09:45:28","2023-09-25","hanan","1");
INSERT INTO zankat VALUES ("902","فاشون صبري 206-درويش 1-2","4","7","0","3","6","0","0","4","1000","250","","2023-09-26 09:46:08","2023-09-25","hanan","1");
INSERT INTO zankat VALUES ("903","حرحيره 801-جميله 6005","4","7","0","3","6","0","0","4","500","125","","2023-09-26 09:46:44","2023-09-25","hanan","1");
INSERT INTO zankat VALUES ("904","امير الزمان 930-925","4","7","0","3","8","3","5","4","500","125","","2023-09-26 09:52:05","2023-09-25","hanan","1");
INSERT INTO zankat VALUES ("905","امير الزمان 920-910","4","7","0","3","8","3","5","4","500","125","","2023-09-26 09:52:34","2023-09-25","","1");
INSERT INTO zankat VALUES ("906","الرياض 102-103-104-105","4","6","0","3","6","0","0","4","500","125","","2023-09-26 17:30:05","2023-09-26","hanan","1");
INSERT INTO zankat VALUES ("907","قمرين 123-لمسه شادي 2000","4","6","0","3","6","0","0","4","500","125","","2023-09-26 17:32:20","2023-09-26","hanan","1");
INSERT INTO zankat VALUES ("908","مس لين 70","4","6","0","3","6","0","0","4","1000","250","","2023-09-26 17:32:39","2023-09-26","hanan","1");
INSERT INTO zankat VALUES ("909","نرمين ونادين 105-116","4","6","0","3","6","0","0","4","1000","250","","2023-09-26 17:33:16","2023-09-26","hanan","1");
INSERT INTO zankat VALUES ("910","جميله هدي 241-240","4","7","0","3","6","0","0","4","500","125","","2023-09-27 09:27:47","2023-09-26","hanan","1");
INSERT INTO zankat VALUES ("911","مس لين 110- لؤلؤه نجد 640","4","7","0","3","6","0","0","4","1000","250","","2023-09-27 09:28:50","2023-09-26","hanan","1");
INSERT INTO zankat VALUES ("912","امجاد ","4","8","0","3","39","0","0","6","3000","500","","2023-09-27 09:29:48","2023-09-26","hanan","1");
INSERT INTO zankat VALUES ("913","نجمه ستار 501","4","8","0","3","6","0","0","4","1000","250","","2023-09-27 09:30:39","2023-09-26","hanan","1");
INSERT INTO zankat VALUES ("914","الريف الدمشقي ","2","7","0","7","6","0","0","1","0","0","","2023-09-27 09:32:08","2023-09-26","","1");
INSERT INTO zankat VALUES ("915","ام زد رجب 297-285","4","6","0","3","6","0","0","4","1000","250","","2023-09-27 13:58:05","2023-09-27","hanan","1");
INSERT INTO zankat VALUES ("916","العهد 977-ام زد 166","4","6","0","3","6","0","0","4","500","125","","2023-09-27 13:58:23","2023-09-27","hanan","1");
INSERT INTO zankat VALUES ("917","دهب 604- الادهم مصطفي 1-2","4","6","0","3","6","0","0","4","1000","250","","2023-09-27 13:58:48","2023-09-27","hanan","1");
INSERT INTO zankat VALUES ("918","ان ام شعبان 2119-زمزم 1118","4","6","0","3","6","0","0","4","1000","250","","2023-09-27 14:00:41","2023-09-27","hanan","1");
INSERT INTO zankat VALUES ("919","ملك 102-101","4","6","0","4","6","0","0","4","0","0","","2023-09-27 14:01:27","2023-09-27","hanan","1");
INSERT INTO zankat VALUES ("920","مس حنين 1076-المستقبل 2162","4","6","0","3","6","0","0","4","1000","250","","2023-09-28 10:28:07","2023-09-27","hanan","1");
INSERT INTO zankat VALUES ("921","حرحيره 333-فاميلي شعبان 6287","4","6","0","3","6","0","0","4","1000","250","","2023-09-28 10:28:53","2023-09-27","hanan","1");
INSERT INTO zankat VALUES ("922","فاميلي شعبان 6294-91","4","6","0","3","6","0","0","4","1000","250","","2023-09-28 10:30:25","2023-09-27","","1");
INSERT INTO zankat VALUES ("923","ابو العنين 87-791","4","6","0","3","6","0","0","4","1000","250","","2023-09-28 10:30:51","2023-09-27","hanan","1");
INSERT INTO zankat VALUES ("924","فاميلي شعبان 6285-6284","4","6","0","3","6","0","0","4","500","125","","2023-09-28 10:31:19","2023-09-27","hanan","1");
INSERT INTO zankat VALUES ("925","التوحيد 662- سندريلا 7105","4","6","0","3","6","0","0","4","500","125","","2023-09-28 10:31:53","2023-09-27","hanan","1");
INSERT INTO zankat VALUES ("926","زين العابدين 515-سما ابو العنين 501","4","6","0","3","6","0","0","4","1000","250","","2023-09-28 10:32:23","2023-09-27","hanan","1");
INSERT INTO zankat VALUES ("927","الندي 307","4","6","0","3","6","0","0","4","1000","250","","2023-09-28 10:33:10","2023-09-27","hanan","1");
INSERT INTO zankat VALUES ("928","الامير 1305-تيسير والسلامه 201","4","7","0","3","6","0","0","4","1000","250","","2023-09-28 10:34:01","2023-09-27","hanan","1");
INSERT INTO zankat VALUES ("929","بيتزا بونو 27","4","7","0","7","61","4","8","1","1000","1000","","2023-09-28 10:49:03","2023-09-27","","1");
INSERT INTO zankat VALUES ("930","بيتزا بونو 32","4","7","0","7","61","4","8","1","1000","1000","","2023-09-28 10:50:08","2023-09-27","","1");
INSERT INTO zankat VALUES ("931","بيتزا بونو 37 ","4","7","0","7","61","4","8","1","1000","1000","","2023-09-28 10:50:50","2023-09-27","hanan","1");
INSERT INTO zankat VALUES ("932","شنطه اربيلا ","1","7","0","7","6","4","11","1","1000","1000","","2023-09-28 10:53:05","2023-09-27","","1");
INSERT INTO zankat VALUES ("933","الياسمين 2205","4","8","0","3","6","0","0","4","1000","250","","2023-09-28 11:26:16","2023-09-27","hanan","1");
INSERT INTO zankat VALUES ("934","القمه 522-521","4","8","0","3","6","0","0","6","1000","167","","2023-09-28 13:14:20","2023-09-28","hanan","1");
INSERT INTO zankat VALUES ("935","الصفوه 104-103","4","6","0","3","6","0","0","4","500","125","","2023-09-28 15:12:24","2023-09-28","hanan","1");
INSERT INTO zankat VALUES ("936","الامير 1283-1306","4","6","0","3","6","0","0","4","1000","250","","2023-09-28 15:12:46","2023-09-28","hanan","1");
INSERT INTO zankat VALUES ("937","البدراوي 1139-بدايه 125-126","4","6","0","3","6","0","0","4","1000","250","","2023-09-28 15:13:35","2023-09-28","hanan","1");
INSERT INTO zankat VALUES ("938","لمليونير 310-309","4","6","0","3","6","0","0","4","1000","250","","2023-09-28 15:20:48","2023-09-28","hanan","1");
INSERT INTO zankat VALUES ("939","المليونير 312-311","4","6","0","3","6","0","0","4","1000","250","","2023-09-28 15:21:06","2023-09-28","hanan","1");
INSERT INTO zankat VALUES ("940","المليونير 313-604 غلا ","4","6","0","3","6","0","0","4","1000","250","","2023-09-28 15:21:24","2023-09-28","hanan","1");
INSERT INTO zankat VALUES ("941","ايليت 503-الجوكر 301","4","6","0","3","6","0","0","4","500","125","","2023-09-28 15:21:43","2023-09-28","hanan","1");
INSERT INTO zankat VALUES ("942","بدون اسم مس لينا -بدون اسم ام رنا ","4","6","0","3","6","0","0","4","500","125","","2023-09-28 15:22:11","2023-09-28","hanan","1");
INSERT INTO zankat VALUES ("943","ضي القمر 2011-العهد 941","4","6","0","3","6","0","0","4","500","125","","2023-09-28 15:22:34","2023-09-28","hanan","1");
INSERT INTO zankat VALUES ("944","غلا 606-غلا 605","4","6","0","3","6","0","0","4","1000","250","","2023-09-28 15:22:54","2023-09-28","hanan","1");
INSERT INTO zankat VALUES ("945","فاميلي عبدالله 305-ابو العنين 98","4","6","0","3","6","0","0","4","1000","250","","2023-09-28 15:23:19","2023-09-28","hanan","1");
INSERT INTO zankat VALUES ("946","نيو مارينا 700-110","4","6","0","3","6","0","0","6","1000","167","","2023-09-28 15:37:58","2023-09-28","hanan","1");
INSERT INTO zankat VALUES ("947","التنين 573-طيور بيروت 106","4","7","0","3","6","0","0","4","500","125","","2023-09-30 09:26:05","2023-09-28","hanan","1");
INSERT INTO zankat VALUES ("948","جنه ستايل 206-206 ","4","7","0","3","6","0","0","4","1000","250","","2023-09-30 09:26:49","2023-09-28","hanan","1");
INSERT INTO zankat VALUES ("949","عماره كيدز 527-528","4","7","0","3","6","0","0","4","1000","250","","2023-09-30 09:28:02","2023-09-28","hanan","1");
INSERT INTO zankat VALUES ("950","عماره كيدز 529-530","4","7","0","3","6","0","0","4","1000","250","","2023-09-30 09:28:50","2023-09-28","hanan","1");
INSERT INTO zankat VALUES ("951","عماره كيدز 531- 532","4","7","0","3","6","0","0","4","1000","250","","2023-09-30 09:29:51","2023-09-28","hanan","1");
INSERT INTO zankat VALUES ("952","المستقبل 2156- فاملي ابو العنين 98","4","7","0","3","6","0","0","4","1000","250","","2023-09-30 09:31:19","2023-09-28","hanan","1");
INSERT INTO zankat VALUES ("953","الامير 1308-الامير 1307","4","6","0","3","6","0","0","6","1000","167","","2023-09-30 12:06:03","2023-09-30","hanan","1");
INSERT INTO zankat VALUES ("954","تبارك 643- حرحيره 332","4","6","0","3","6","0","0","4","1000","250","","2023-09-30 12:06:45","2023-09-30","hanan","1");
INSERT INTO zankat VALUES ("955","حرحيره 301- حرحييره 335","4","6","0","3","6","0","0","4","500","125","","2023-09-30 12:07:22","2023-09-30","hanan","1");
INSERT INTO zankat VALUES ("956","بيون باستو بطاطس ","4","7","0","3","16","16","11","4","500","125","","2023-09-30 13:01:44","2023-09-30","hanan","1");
INSERT INTO zankat VALUES ("957"," شنطه  بيون باستو","4","7","0","3","49","16","11","4","1000","250","","2023-09-30 13:03:15","2023-09-30","hanan","1");
INSERT INTO zankat VALUES ("958","بيون باستو زبده ","3","7","0","3","15","0","0","6","1000","167","مقاس 25*25","2023-09-30 13:10:05","2023-09-30","hanan","1");
INSERT INTO zankat VALUES ("959","بيون باستو زبده ","3","7","0","3","15","0","0","4","1000","250","مقاس 30*30","2023-09-30 13:11:02","2023-09-30","hanan","1");
INSERT INTO zankat VALUES ("960","بيون باستو زبده ","3","7","0","3","15","0","0","4","1000","250","مقاس 35*35","2023-09-30 13:11:37","2023-09-30","hanan","1");
INSERT INTO zankat VALUES ("961","السجاعي فاملي 69-68","4","6","0","3","6","0","0","4","1000","250","","2023-09-30 13:17:18","2023-09-30","hanan","1");
INSERT INTO zankat VALUES ("962","فاملي السجاعي 85-767","4","6","0","3","6","0","0","4","1000","250","","2023-09-30 13:17:52","2023-09-30","hanan","1");
INSERT INTO zankat VALUES ("963","ام زد 301-295","4","7","0","3","6","0","0","4","1000","250","","2023-10-01 09:37:12","2023-09-30","hanan","1");
INSERT INTO zankat VALUES ("964","ام زد 302-البدراوي 1140","4","7","0","3","6","0","0","4","1000","250","","2023-10-01 09:37:45","2023-09-30","hanan","1");
INSERT INTO zankat VALUES ("965","الادهم 3055-3054-البهنسي 501-كركر جروب ","4","7","0","3","6","0","0","4","1000","250","","2023-10-01 09:42:03","2023-09-30","hanan","1");
INSERT INTO zankat VALUES ("966","الاشقاء 2023","4","7","0","3","6","0","0","4","2000","500","","2023-10-01 09:42:41","2023-09-30","hanan","1");
INSERT INTO zankat VALUES ("967","الامير 1309-اسماء 1001","4","7","0","3","6","0","0","4","1000","250","","2023-10-01 09:52:00","2023-09-30","hanan","1");
INSERT INTO zankat VALUES ("968","التوحيد 666- الصفوه 105","4","7","0","3","6","0","0","4","500","125","","2023-10-01 09:52:22","2023-09-30","hanan","1");
INSERT INTO zankat VALUES ("969","مس رحمه 222-214","4","7","0","3","6","0","0","4","1000","250","","2023-10-01 09:52:40","2023-09-30","hanan","1");
INSERT INTO zankat VALUES ("970","الادهم مس لينا 706- 705","4","6","0","3","6","0","0","4","500","125","","2023-10-01 17:26:09","2023-10-01","hanan","1");
INSERT INTO zankat VALUES ("971","الامير 1285-حرحيره 334","4","6","0","3","6","0","0","4","1000","250","","2023-10-01 17:26:32","2023-10-01","hanan","1");
INSERT INTO zankat VALUES ("972","سالم 7004","4","6","0","3","6","0","0","6","1000","167","","2023-10-01 17:26:48","2023-10-01","hanan","1");
INSERT INTO zankat VALUES ("973","فات برجر ","1","8","0","3","15","0","0","4","5000","1250","","2023-10-01 17:28:39","2023-10-01","hanan","1");
INSERT INTO zankat VALUES ("974","عز الشام ","1","7","0","3","15","0","0","6","0","0","","2023-10-01 17:29:49","2023-10-01","hanan","1");
INSERT INTO zankat VALUES ("975","ان ام 2112-اس ام 110","4","7","0","3","6","0","0","4","1000","250","","2023-10-02 09:21:59","2023-10-01","hanan","1");
INSERT INTO zankat VALUES ("976","القمه 106-الفرعون مس لينا 45","4","7","0","3","6","0","0","4","500","125","","2023-10-02 09:22:20","2023-10-01","hanan","1");
INSERT INTO zankat VALUES ("977","حور الشام 322-ام رنا ","4","7","0","3","6","0","0","4","500","125","","2023-10-02 09:22:46","2023-10-01","hanan","1");
INSERT INTO zankat VALUES ("978","كفر فات برجر ","2","8","0","3","63","4","8","4","2000","500","","2023-10-02 09:32:41","2023-10-01","hanan","1");
INSERT INTO zankat VALUES ("979","شيخ الجبال 2020- امير الزمان 935","4","6","0","3","6","0","0","4","500","125","","2023-10-02 17:54:05","2023-10-02","hanan","1");
INSERT INTO zankat VALUES ("980","فاملي شهاب 188- الامير 1282","4","6","0","3","6","0","0","4","1000","250","","2023-10-02 17:56:52","2023-10-02","hanan","1");
INSERT INTO zankat VALUES ("982","ام زد 167-168","4","7","0","3","6","0","0","4","1000","250","","2023-10-03 09:26:54","2023-10-02","hanan","1");
INSERT INTO zankat VALUES ("983","الامير 1281-1260","4","7","0","3","6","0","0","4","1000","250","","2023-10-03 09:27:17","2023-10-02","hanan","1");
INSERT INTO zankat VALUES ("984","جو يوسف 568-الامير 1269-المنسي","4","7","0","3","6","0","0","4","1000","250","","2023-10-03 09:27:51","2023-10-02","hanan","1");
INSERT INTO zankat VALUES ("985","ضي القمر 2013-المليونير 314","4","7","0","3","6","0","0","4","1000","250","","2023-10-03 09:29:16","2023-10-02","hanan","1");
INSERT INTO zankat VALUES ("986","ندس ستايل 100-زين الشافعي 102","4","7","0","3","6","0","0","4","500","125","","2023-10-03 09:29:46","2023-10-02","hanan","1");
INSERT INTO zankat VALUES ("987","ندي ستايل 102-101","4","7","0","3","6","0","0","4","1000","250","","2023-10-03 09:30:15","2023-10-02","hanan","1");
INSERT INTO zankat VALUES ("988","علبه بيتزا هانز ","1","7","0","7","63","0","0","1","1000","1000","","2023-10-03 09:31:26","2023-10-02","hanan","1");
INSERT INTO zankat VALUES ("989","بونجور 1020-1022","4","6","0","3","6","0","0","4","500","125","","2023-10-03 14:58:42","2023-10-03","hanan","1");
INSERT INTO zankat VALUES ("990","ملك روحي 7600-7400","4","6","0","3","6","0","0","4","500","125","","2023-10-03 14:59:04","2023-10-03","hanan","1");
INSERT INTO zankat VALUES ("991","ملك روحي 7800- ضي القمر 2012","4","6","0","3","6","0","0","4","500","125","","2023-10-03 14:59:35","2023-10-03","hanan","1");
INSERT INTO zankat VALUES ("992","هابي فيس ","4","6","0","3","6","0","0","4","750","188","","2023-10-03 15:00:42","2023-10-03","hanan","1");
INSERT INTO zankat VALUES ("993","الاشقاء 2023","4","8","0","3","6","0","0","4","1000","250","","2023-10-03 15:02:21","2023-10-03","hanan","1");
INSERT INTO zankat VALUES ("994","الاشقاء 2023","4","8","0","3","6","0","0","4","1000","250","","2023-10-03 15:02:41","2023-10-03","hanan","1");
INSERT INTO zankat VALUES ("995","مكه ستار -بونجور 1021","4","6","0","3","6","0","0","4","500","125","","2023-10-03 16:38:10","2023-10-03","hanan","1");
INSERT INTO zankat VALUES ("996","مكه - الامير 1293","4","6","0","3","6","0","0","4","1000","250","","2023-10-03 16:40:27","2023-10-03","hanan","1");
INSERT INTO zankat VALUES ("997","ان ام 2102-اس ام 116","4","7","0","3","6","0","0","4","1000","250","","2023-10-04 09:30:03","2023-10-03","hanan","1");
INSERT INTO zankat VALUES ("998","الامير 1310-نيو مارينا 325","4","7","0","3","6","0","0","6","1000","167","","2023-10-04 09:31:16","2023-10-03","hanan","1");
INSERT INTO zankat VALUES ("999","الباشا 707-ان ام 2120","4","7","0","3","6","0","0","4","1000","250","","2023-10-04 09:32:21","2023-10-03","hanan","1");
INSERT INTO zankat VALUES ("1000","الندي هاند تاج وجه ","4","7","0","3","22","8","5","4","1000","250","","2023-10-04 09:33:33","2023-10-03","","1");
INSERT INTO zankat VALUES ("1001","الندي هاند تاج ضهر 1","1","7","0","3","22","4","5","4","0","0","","2023-10-04 09:34:13","2023-10-03","","1");
INSERT INTO zankat VALUES ("1002","هانز بطاطس ","1","7","0","3","22","4","8","4","1000","250","تكسير + تلزيق","2023-10-04 09:35:21","2023-10-03","","1");
INSERT INTO zankat VALUES ("1003","نرومين ونادين 117-سندريلا 110","4","6","0","3","6","0","0","4","500","125","","2023-10-04 17:39:10","2023-10-04","hanan","1");
INSERT INTO zankat VALUES ("1004","السجاعي 811-810","4","7","0","3","6","0","0","4","1000","250","","2023-10-04 17:55:16","2023-10-04","","1");
INSERT INTO zankat VALUES ("1005","السجاعي 812-العهد 978","4","7","0","3","6","0","0","4","1000","250","","2023-10-04 17:55:42","2023-10-04","hanan","1");
INSERT INTO zankat VALUES ("1006","مكه حبيبه 642-640- االمملكه ","4","7","0","3","6","0","0","4","1000","250","","2023-10-04 17:56:22","2023-10-04","hanan","1");
INSERT INTO zankat VALUES ("1007","فاميلي عبدالله  306-307","4","7","0","3","6","0","0","4","1000","250","","2023-10-04 17:56:55","2023-10-04","hanan","1");
INSERT INTO zankat VALUES ("1008","فريندز 210- الادهم 651","4","7","0","3","6","0","0","4","500","125","","2023-10-04 17:57:16","2023-10-04","hanan","1");
INSERT INTO zankat VALUES ("1009","الادهم ابراهيم 3056-حرحيره 802","4","7","0","3","6","0","0","4","500","125","","2023-10-05 09:40:55","2023-10-04","hanan","1");
INSERT INTO zankat VALUES ("1010","سندريلا 7110- المجد 618","4","7","0","3","6","0","0","4","500","125","","2023-10-05 09:41:35","2023-10-04","hanan","1");
INSERT INTO zankat VALUES ("1011","الباشا 7099-708","4","6","0","3","6","0","0","4","1000","250","","2023-10-05 17:02:49","2023-10-05","hanan","1");
INSERT INTO zankat VALUES ("1012","الامير 1311-الباشا 710","4","6","0","3","6","0","0","4","1000","250","","2023-10-05 17:03:15","2023-10-05","hanan","1");
INSERT INTO zankat VALUES ("1013","المجد 617-616","4","6","0","3","6","0","0","4","500","125","","2023-10-05 17:03:36","2023-10-05","hanan","1");
INSERT INTO zankat VALUES ("1014","امير الزمان 940-915","4","6","0","3","8","3","5","4","500","125","","2023-10-05 17:03:57","2023-10-05","","1");
INSERT INTO zankat VALUES ("1015","عماد بدران فاتوره ","1","6","0","3","24","0","0","4","560","140","280 اول +280اخر","2023-10-05 17:12:03","2023-10-05","hanan","1");
INSERT INTO zankat VALUES ("1016","لمسه تكس فاتوره ","1","6","0","3","24","0","0","4","300","75","150اول +150اخر ","2023-10-05 17:12:43","2023-10-05","hanan","1");
INSERT INTO zankat VALUES ("1017","لمسه شادي ","1","6","0","3","24","0","0","4","650","163","325اول +325 اخر","2023-10-05 17:13:34","2023-10-05","hanan","1");
INSERT INTO zankat VALUES ("1018","ان ام 2121- ام زد رجب ب303","4","7","0","3","6","0","0","4","1000","250","","2023-10-05 17:45:36","2023-10-05","hanan","1");
INSERT INTO zankat VALUES ("1019","ام  رنا 1-2","4","7","0","3","6","0","0","4","500","125","","2023-10-05 17:46:10","2023-10-05","hanan","1");
INSERT INTO zankat VALUES ("1020","باريس 400-الندي لاشين 110","4","7","0","3","6","0","0","4","500","125","","2023-10-05 17:46:48","2023-10-05","hanan","1");
INSERT INTO zankat VALUES ("1021","هانز برجر ","1","7","0","3","22","4","5","6","1000","167","","2023-10-05 17:47:29","2023-10-05","hanan","1");
INSERT INTO zankat VALUES ("1022","محمود عماره 919-915","4","7","0","3","6","0","0","4","500","125","","2023-10-05 17:48:32","2023-10-05","hanan","1");
INSERT INTO zankat VALUES ("1023","بونو ستيكر ","4","6","0","3","13","0","0","4","100","25","قص ","2023-10-07 15:43:38","2023-10-07","","1");
INSERT INTO zankat VALUES ("1024","التنين 575-ان ام 2111","4","6","0","3","6","0","0","6","1000","167","","2023-10-07 15:45:16","2023-10-07","hanan","1");
INSERT INTO zankat VALUES ("1025","الفرعون 46-رانسي 208","4","6","0","3","6","0","0","4","500","125","","2023-10-07 15:47:30","2023-10-07","hanan","1");
INSERT INTO zankat VALUES ("1026","ام زد 294-الياسمين 108","4","6","0","3","6","0","0","4","1000","250","","2023-10-07 15:48:03","2023-10-07","hanan","1");
INSERT INTO zankat VALUES ("1027","امجاد  هاند تاج باك رقم 3","1","6","0","3","16","4","5","4","115","29","","2023-10-07 15:49:49","2023-10-07","","1");
INSERT INTO zankat VALUES ("1028","تبارك 646-التنين 574-انس 110","4","6","0","3","6","0","0","4","1000","250","","2023-10-07 15:58:54","2023-10-07","hanan","1");
INSERT INTO zankat VALUES ("1029","هاند تاج امجاد رقم 1 باك ","1","8","0","3","16","4","5","4","335","84","","2023-10-07 16:00:06","2023-10-07","","1");
INSERT INTO zankat VALUES ("1030","هاند تاج امجاد وش رقم ","1","6","0","3","16","18","5","4","0","0","","2023-10-07 16:01:16","2023-10-07","","1");
INSERT INTO zankat VALUES ("1032","tma ","4","8","0","3","37","0","0","4","1000","250","","2023-10-07 16:10:12","2023-10-07","hanan","1");
INSERT INTO zankat VALUES ("1033","الياسمين 2205","4","8","0","3","6","0","0","4","1000","250","","2023-10-07 16:10:31","2023-10-07","hanan","1");
INSERT INTO zankat VALUES ("1034","التوحيد 668-667","4","7","0","3","6","0","0","4","500","125","","2023-10-07 18:08:46","2023-10-07","hanan","1");
INSERT INTO zankat VALUES ("1035","الصفوه 106-قمرين 124","4","7","0","3","6","0","0","4","500","125","","2023-10-07 18:09:10","2023-10-07","hanan","1");
INSERT INTO zankat VALUES ("1036","ضي القمر 2014- عماره مصطفي  914","4","7","0","3","6","0","0","4","500","125","","2023-10-07 18:09:56","2023-10-07","hanan","1");
INSERT INTO zankat VALUES ("1037","التمساح 645-510","4","7","0","3","39","0","0","4","1000","250","","2023-10-08 09:25:53","2023-10-07","hanan","1");
INSERT INTO zankat VALUES ("1038","ايليت 500-404","4","7","0","3","6","0","0","4","500","125","","2023-10-08 09:26:16","2023-10-07","","1");
INSERT INTO zankat VALUES ("1039","برازر السيد 1052-1039","4","7","0","3","6","0","0","4","2000","500","","2023-10-08 09:26:49","2023-10-07","hanan","1");
INSERT INTO zankat VALUES ("1040","حور الشام 326-324","4","7","0","3","6","0","0","4","500","125","","2023-10-08 09:27:22","2023-10-07","hanan","1");
INSERT INTO zankat VALUES ("1041","ضي القمر 2014-عماره مصطفي 914","4","7","0","3","6","0","0","4","500","125","","2023-10-08 09:27:50","2023-10-07","hanan","1");
INSERT INTO zankat VALUES ("1042","غلا 608-607","4","7","0","3","6","0","0","4","1000","250","","2023-10-08 09:28:13","2023-10-07","hanan","1");
INSERT INTO zankat VALUES ("1043","قمرين 125-انس 111","4","7","0","3","6","0","0","6","1000","167","","2023-10-08 09:28:41","2023-10-07","hanan","1");
INSERT INTO zankat VALUES ("1044","البقري -الدويني 267","4","7","0","4","6","0","0","4","0","0","","2023-10-08 09:29:43","2023-10-07","hanan","1");
INSERT INTO zankat VALUES ("1045","mn2103-الامير1306","4","6","0","3","6","0","0","4","1000","250","","2023-10-08 17:06:38","2023-08-10","hanan","0");
INSERT INTO zankat VALUES ("1046","رجب169-mz170","4","6","0","3","6","0","0","4","500","125","","2023-10-08 17:09:43","2023-10-08","hanan","0");
INSERT INTO zankat VALUES ("1047","البدراوي1141-ارتي طارق201","4","6","0","3","6","0","0","4","1000","250","","2023-10-08 17:10:45","2023-10-08","hanan","0");
INSERT INTO zankat VALUES ("1048","جنه استايل207","4","6","0","3","6","0","0","4","1000","250","","2023-10-08 17:11:24","2023-10-08","hanan","0");
INSERT INTO zankat VALUES ("1049","ساحره بيروت1004-ادم205","4","6","0","3","6","0","0","4","500","125","","2023-10-08 17:12:08","2023-10-08","hanan","0");



